raceId,totalDNFs,circuitId,countryId,rain,topTenDiversity,driverExpWeightedSum,pitsWeightedSum,preRaceALPCWeightedSum,TCCAPE,clusterMeanWeightedSum,gapWeightedSum
421,15.0,jacarepagua,brazil,none,6.0,0.8010954885486419,,,0.0,,0.1141613488410093
422,17.0,jerez,spain,none,5.0,0.7688237538668703,,,12.5,,0.1411230307192906
423,16.0,imola,italy,heavy,6.0,0.7408569184221965,,,25.0,,0.0281832416522095
424,8.0,monaco,monaco,none,9.0,0.7085808894728803,,,37.5,,0.037541612538645
425,12.0,spa-francorchamps,belgium,none,7.0,0.6888270104217166,,,50.0,,-0.0596192169280946
426,12.0,montreal,canada,none,6.0,0.6371650807308123,,,62.5,,0.1066396834993902
427,15.0,detroit,united-states-of-america,light,7.0,0.6008937553053576,,,75.0,,0.0878857846943422
428,14.0,paul-ricard,france,light,6.0,0.5645012226607622,,,87.5,,-0.0712198384842852
429,16.0,brands-hatch,united-kingdom,light,6.0,0.5322251937114459,,,100.0,,0.1112963057860636
430,13.0,hockenheimring,germany,none,7.0,0.4925045918733907,,,112.5,,-0.0253361038574614
431,16.0,hungaroring,hungary,none,6.0,0.4602285629240744,,,125.0,,0.0624839549427393
432,14.0,spielberg,austria,light,6.0,0.4279525339747579,,,137.5,,-0.0234440166002808
433,15.0,monza,italy,none,6.0,0.4178337097540379,,,150.0,,-0.0503491736027947
434,13.0,estoril,portugal,light,7.0,0.3795567813647851,,,162.5,,0.0951084703232705
435,8.0,mexico-city,mexico,none,7.0,0.3323699619590374,,0.0103597690217391,175.0,-0.3423178088405798,0.0072296513274945
436,14.0,adelaide,australia,light,7.0,0.3000939330097211,,0.0159983908307689,187.5,-0.2814177614769231,0.1331491039933407
437,8.0,jacarepagua,brazil,none,6.0,0.7303467153412693,,,0.0,,0.1413765705169957
438,12.0,imola,italy,light,7.0,0.7039289696228128,,,12.5,,0.0402388720733923
439,16.0,spa-francorchamps,belgium,none,6.0,0.6848236123898319,,,25.0,,0.0413943006856867
440,11.0,monaco,monaco,light,7.0,0.6525475834405157,,,37.5,,0.1652514143055184
441,13.0,detroit,united-states-of-america,heavy,7.0,0.6202715544911994,,,50.5,,0.1722167125110528
442,16.0,paul-ricard,france,moderate,6.0,0.587995525541883,,,63.0,,0.0207648324883116
443,15.0,silverstone,united-kingdom,light,6.0,0.5557194965925669,,,75.5,,-0.010841052685021
444,19.0,hockenheimring,germany,light,6.0,0.5234434676432504,,,88.0,,0.0516993720950883
445,12.0,hungaroring,hungary,light,7.0,0.4911674386939341,,,101.0,,0.1403278764505209
446,9.0,spielberg,austria,none,6.0,0.4588914097446179,,,113.5,,0.1561822937144249
447,10.0,monza,italy,moderate,6.0,0.4219636753812148,,,126.0,,0.1122043591211842
448,12.0,estoril,portugal,heavy,6.0,0.391923380272436,,,138.5,,0.0797267539154733
449,10.0,jerez,spain,light,6.0,0.3585528302998488,,,151.0,,0.1354633211487967
450,17.0,mexico-city,mexico,none,6.0,0.3309615239862686,,,164.0,,-0.0483318595819975
451,11.0,suzuka,japan,none,6.0,0.3328868909215359,,,176.5,,0.1244487893117988
452,16.0,adelaide,australia,none,6.0,0.2990115128281042,,,189.0,,0.0386703401970308
453,16.0,jacarepagua,brazil,moderate,6.0,0.7088305065376928,,0.0148398313846151,0.0,-0.1933603120615384,0.1250179000806235
454,7.0,imola,italy,none,7.0,0.6765371619934382,,0.0199622047076921,12.5,-0.2781000596307693,0.280147470004999
455,16.0,monaco,monaco,moderate,6.0,0.6442438174491838,,0.0222597470769221,25.0,-0.9955785034153848,0.2846152789416455
456,10.0,mexico-city,mexico,light,6.0,0.6119504729049292,,0.0131996619076924,37.5,-0.2996197456307692,0.290520725131197
457,12.0,montreal,canada,none,7.0,0.5796571283606747,,0.0160049163384612,50.0,-0.6334420125538462,0.1584247137823792
458,17.0,detroit,united-states-of-america,none,6.0,0.5677539313916126,,0.0149377139999995,62.5,-0.4786123893538462,0.1472060144703553
459,10.0,paul-ricard,france,light,6.0,0.5354605868473581,,0.0141824584923075,76.5,-0.751459958123077,0.1353471334350961
460,7.0,silverstone,united-kingdom,moderate,6.0,0.5031672423031035,,0.0094050853846151,89.0,-0.5184889091692308,0.1080838809774635
461,7.0,hockenheimring,germany,light,5.0,0.4708738977588491,,0.008741186984615,101.5,-0.3267803798461538,0.3058049713569397
462,13.0,hungaroring,hungary,none,6.0,0.4385805532145946,,0.0100407147826087,114.0,-0.3039749654608696,0.053704992781468
463,10.0,spa-francorchamps,belgium,moderate,6.0,0.4044496443308887,,0.0197864418461533,126.5,-0.1868640653384615,0.2342431185713333
464,13.0,monza,italy,none,6.0,0.3830289893015653,,0.0108955940307692,139.0,-0.3913007634461538,0.1721582390915633
465,14.0,estoril,portugal,none,7.0,0.3437897702681494,,0.0158422044923075,151.5,-0.6055257313846155,0.0559363568814752
466,11.0,jerez,spain,none,6.0,0.3114964257238949,,0.0285602563692309,164.0,-0.5862567360307693,0.0897398786547494
467,9.0,suzuka,japan,none,7.0,0.2807500658107896,,0.0245703404615384,176.5,-0.3479032574769231,0.0825695602559922
468,15.0,adelaide,australia,moderate,7.0,0.2495013466096941,,0.0181527978769225,189.0,-1.5901453713846154,0.1301669600017321
469,11.0,jacarepagua,brazil,none,7.0,0.6981526979832988,,0.0212119039999993,0.0,-0.271483655,0.0520729066733535
470,12.0,imola,italy,none,7.0,0.669695414275375,,0.0194805946769227,12.5,-0.9235830974769232,0.1578087385725007
471,11.0,monaco,monaco,none,6.0,0.6378860677967806,,0.0169354002999997,25.0,-0.4458959327,0.1659901194400053
472,10.0,mexico-city,mexico,none,7.0,0.6059021284724837,,0.0266010903999992,37.5,-0.9572878206769232,0.1279222164743333
473,16.0,phoenix,united-states-of-america,none,7.0,0.5735903139602951,,0.0248244094153839,50.0,-1.0320459086153848,0.1032673024514523
474,15.0,montreal,canada,moderate,6.0,0.5412784994481066,,0.0209450012923072,62.5,-0.6526414539384615,0.0495691736953413
475,12.0,paul-ricard,france,none,7.0,0.5079783696082111,,0.0301939003384597,75.0,-1.2054266795384616,0.038130985364068
476,14.0,silverstone,united-kingdom,none,6.0,0.4917763136693382,,0.0201973981333336,87.5,-0.5077447701,0.0191400816261867
477,14.0,hockenheimring,germany,light,6.0,0.4576142332301594,,0.0168315265846147,100.0,-0.6103752619384616,0.3041845070106082
478,13.0,hungaroring,hungary,light,8.0,0.4253024187179708,,0.0321855955384608,112.5,-0.9963244121538462,0.0431053733307432
479,10.0,spa-francorchamps,belgium,heavy,7.0,0.3996390756677255,,0.0293738155999992,125.0,-0.565663051076923,0.3730653852904441
480,15.0,monza,italy,none,6.0,0.3785470293373584,,0.0207757639384613,137.5,-0.5465088941538462,0.2168811963777018
481,11.0,estoril,portugal,none,6.0,0.3545386470400246,,0.021810764584615,150.0,-1.9479470562769237,0.0964346719547644
482,16.0,jerez,spain,light,9.0,0.3100197113805183,,0.0283910190153837,162.5,-0.6036741242153847,0.0700615977221733
483,15.0,suzuka,japan,moderate,7.0,0.2806603146830743,,0.023424832030769,178.0,-0.7617672654615384,0.1961475594522874
484,18.0,adelaide,australia,heavy,7.0,0.2529772832596875,,0.0170399169846149,190.5,-1.154364298676923,0.071443579339987
485,12.0,phoenix,united-states-of-america,light,9.0,0.6637292836305929,,0.0265489846461532,0.0,-0.3253769322153846,-0.0196600482529015
486,12.0,interlagos,brazil,none,7.0,0.6453523486235232,,0.0171895778153842,12.5,-0.9009843649230772,0.047900218975253
487,13.0,imola,italy,none,6.0,0.6322490630843616,,0.0151978826153844,25.0,-0.3872087330307692,0.1895328000266135
488,18.0,monaco,monaco,heavy,7.0,0.5999454281294011,,0.0197994928615382,37.5,-0.5241234306153846,0.0726544087441015
489,13.0,montreal,canada,heavy,6.0,0.5676417931744404,,0.0258916117538458,50.0,-0.7894003777538462,0.0676515180028736
490,6.0,mexico-city,mexico,heavy,7.0,0.5353381582194798,,0.0181919509230764,62.5,-0.5199252238153846,-0.0349109330307722
491,7.0,paul-ricard,france,none,5.0,0.5030345232645191,,0.0179900860307687,75.0,-0.8089259391384614,-0.0184743884649469
492,11.0,silverstone,united-kingdom,light,6.0,0.4707308883095589,,0.0145172938333332,87.5,-0.4429510501333333,0.0223541589997151
493,13.0,hockenheimring,germany,light,6.0,0.4384272533545982,,0.0189924591384611,100.0,-0.505394650323077,0.242378719387362
494,9.0,hungaroring,hungary,none,6.0,0.4061236183996375,,0.0232751711999997,112.5,-0.4844313160307693,0.013933855463415
495,9.0,spa-francorchamps,belgium,none,5.0,0.3794362493628678,,0.0235875438769228,125.0,-0.4991499520923076,0.1424254900278831
496,12.0,monza,italy,none,6.0,0.3471374477826328,,0.0132061874153842,137.5,-0.5820402915692309,0.1356596420307079
497,10.0,estoril,portugal,light,6.0,0.3148386462023978,,0.0174951095333334,150.0,-0.4543304851,0.0520909267801256
498,15.0,jerez,spain,light,6.0,0.2795381121241838,,0.0190474239999995,162.5,-0.5464789759666667,0.0544287394521868
499,15.0,suzuka,japan,none,6.0,0.2483081848893174,,0.0153306295333334,175.0,-0.2957693241,0.2180066709695556
500,13.0,adelaide,australia,none,6.0,0.2160178417148523,,0.0167014422769227,187.5,-0.6817903073230769,0.0496476277664382
501,14.0,phoenix,united-states-of-america,none,5.0,0.6709089160131715,,0.0226047472923068,0.0,-0.4383060457230769,0.1888146956085004
502,13.0,interlagos,brazil,moderate,7.0,0.6386109105181854,,0.0161741536923073,13.0,-0.4049549823076923,0.0887120070114594
503,12.0,imola,italy,moderate,5.0,0.5672858639496714,,0.0203461119999999,26.0,-0.5412090415666666,0.1922514519138739
504,14.0,monaco,monaco,light,6.0,0.5349878584546852,,0.0202811028923068,39.0,-0.4262752388,0.0846113243718316
505,16.0,montreal,canada,none,6.0,0.5559243429476856,,0.014390848892307,52.0,-0.352679218,0.0354210553687291
506,14.0,mexico-city,mexico,moderate,6.0,0.5236263374526995,,0.0255661880615376,65.0,-0.8423568729538462,0.0124641317160755
507,14.0,magny-cours,france,moderate,6.0,0.4913283319577134,,0.020313730430769,78.0,-0.752130012523077,0.0898637636926326
508,12.0,silverstone,united-kingdom,none,6.0,0.4590303264627273,,0.0161611026769227,91.0,-0.4385107392615385,0.1515555391065299
509,13.0,hockenheimring,germany,none,6.0,0.3853820108217175,,0.0192983063076919,104.0,-0.555499002,0.238788746093928
510,9.0,hungaroring,hungary,none,7.0,0.3530840053267314,,0.0241148324615376,117.0,-0.5849001937230769,0.2265226790977689
511,13.0,spa-francorchamps,belgium,none,7.0,0.3474579542087536,,0.0053419142769227,130.0,-0.5434783282153847,0.1842972875883855
512,10.0,monza,italy,moderate,6.0,0.2979629985359397,,0.0108825430153842,143.0,-0.4556312312923077,0.039423372965219
513,8.0,estoril,portugal,none,6.0,0.2838143957375441,,0.0204764422769228,156.0,-0.6397764536615385,0.0955942991458217
514,9.0,catalunya,spain,moderate,6.0,0.2293586996259782,,0.0160049163384612,169.0,-0.3947898827230769,0.0232786406529292
515,15.0,suzuka,japan,none,5.0,0.227144510203117,,0.0277140695999996,182.0,-0.4796087470461538,0.2494559857903187
516,6.0,adelaide,australia,heavy,6.0,0.2150908381923695,,0.0125749165538461,195.0,-0.4118154659076923,0.0769256030108663
517,13.0,kyalami,south-africa,none,6.0,0.6396198635103936,,0.0146771195384613,0.0,-0.492311412523077,0.1478223962902093
518,13.0,mexico-city,mexico,none,6.0,0.5960237027679861,,0.0218172900923071,13.0,-0.6165204919076923,0.1647590897686829
519,16.0,interlagos,brazil,none,7.0,0.587138644298057,,0.0185043235999995,26.0,-0.7087002809538462,0.1904870096876164
520,14.0,catalunya,spain,light,6.0,0.5518424251636225,,0.0109151705538461,39.0,-0.4591267141384615,0.1815849851064687
521,12.0,imola,italy,none,6.0,0.5195497559275706,,0.0106517854999997,52.0,-0.5228307515,0.1581756076755149
522,14.0,monaco,monaco,none,6.0,0.4872570866915186,,0.0156794926461542,65.0,-0.547207714276923,0.1525342067948449
523,11.0,montreal,canada,light,5.0,0.461113548725505,,0.0222793236,78.0,-1.1396018726153847,0.1235275619925931
524,15.0,magny-cours,france,moderate,5.0,0.4055423124762204,,0.0152109336307688,91.0,-0.4652520997538462,0.1533271645889266
525,9.0,silverstone,united-kingdom,light,6.0,0.4141799576515723,,0.0153410179384612,104.0,-1.019647517169231,0.3475327522622203
526,10.0,hockenheimring,germany,none,6.0,0.3818872884155204,,0.0186670354461533,117.0,-0.6210750788923077,0.2766075986758557
527,15.0,hungaroring,hungary,light,6.0,0.3596571021007819,,0.0146222064333331,130.0,-0.6019336237,0.1679708582347483
528,8.0,spa-francorchamps,belgium,moderate,6.0,0.3278284384592016,,0.0222597470769225,143.0,-0.4757178160307692,0.2660254284029028
529,15.0,monza,italy,none,6.0,0.2762039871510402,,0.018422012866667,156.0,-1.3669757095,0.0922308326221438
530,12.0,estoril,portugal,light,6.0,0.2509252996238595,,0.0099193229538461,169.0,-0.7595208515384616,0.2309835439581292
531,11.0,suzuka,japan,none,6.0,0.2465554341434449,,0.0189663571076917,182.0,-0.3210194776,0.3376249950007309
532,13.0,adelaide,australia,heavy,7.0,0.2142836994616732,,0.0146966960615383,195.0,-0.7486799263692309,0.156530010074622
533,19.0,kyalami,south-africa,light,6.0,0.6410792541248199,,0.0237437302153846,0.0,-0.5184893040923078,0.1414247842139081
534,13.0,interlagos,brazil,heavy,6.0,0.6088075194430482,,0.0104419603000001,13.0,-0.6663253435666667,0.1831565055749165
535,14.0,donington,united-kingdom,moderate,5.0,0.5458792161230662,,0.0137039581333337,26.0,-0.7326222790666668,0.0948382791814594
536,16.0,imola,italy,light,6.0,0.5136074814412945,,0.0125845396666667,39.0,-1.0939582033333335,0.126124663211646
537,10.0,catalunya,spain,none,6.0,0.4813357467595229,,0.0130917925999998,52.0,-0.3199357774,0.3096984313961577
538,11.0,monaco,monaco,none,6.0,0.4490640120777513,,0.0140319415333335,65.0,-0.3809528997666667,0.0895245517822043
539,7.0,montreal,canada,none,6.0,0.4167922773959797,,0.0103457027333335,78.0,-0.9068506979500002,0.1520884783092791
540,9.0,magny-cours,france,none,7.0,0.384520542714208,,0.0109273126,91.0,-1.1041951617333334,0.1277076926852687
541,10.0,silverstone,united-kingdom,heavy,6.0,0.3798444089884408,,0.0088795721739134,104.0,-0.7392444065812913,0.239055532367428
542,9.0,hockenheimring,germany,light,6.0,0.3475726743066691,,0.0122299163384613,117.0,-0.5890476907692308,0.0886001850451115
543,14.0,hungaroring,hungary,none,6.0,0.3153009396248975,,0.0160049163384612,130.0,-0.3832467897846154,0.1102942029061094
544,10.0,spa-francorchamps,belgium,none,7.0,0.2830292049431259,,0.0124271707666664,143.0,-0.2914823722,0.1448130728599379
545,12.0,monza,italy,none,6.0,0.2449187864761044,,0.026711696492307,156.0,-0.4975223124615385,0.1074592537375502
546,10.0,estoril,portugal,none,6.0,0.242013787675187,,0.0084092377846153,169.0,-0.4585107803384616,0.1291457368364705
547,9.0,suzuka,japan,none,6.0,0.2421827002011053,,0.0118336995652172,182.0,-0.2863490717391305,0.022225583226572
548,9.0,adelaide,australia,light,6.0,0.2099202697656805,,0.0036392105928855,195.0,-0.401912455497365,0.0781401345165655
549,14.0,interlagos,brazil,moderate,7.0,0.5817225423304738,,0.0203267814461538,0.0,-0.8702208235076923,0.0584939503304705
550,15.0,aida,japan,none,6.0,0.5724112922714889,,0.0171765267999997,13.0,-0.6846210488307694,0.0629848514140215
551,12.0,imola,italy,light,6.0,0.5643553226523272,2.397989933028298,0.0081506670666665,26.0,-0.6538716743833333,-0.0080358426507135
552,13.0,monaco,monaco,none,7.0,0.5320299905082089,,0.0050203573913043,39.0,-0.2983301797463768,0.0790977551405169
553,15.0,catalunya,spain,none,6.0,0.5072202986330956,2.121440957354367,-0.1150005441666666,52.0,-1.6485226985333337,-0.0067978827374046
554,10.0,montreal,canada,heavy,7.0,0.4910970041836267,1.5479122617337095,0.0128807637230767,65.0,-0.6265648838153847,-0.0070846563439598
555,15.0,magny-cours,france,light,6.0,0.478762365924322,1.8792017130008196,0.0127180518769227,78.0,-0.7994458691999999,-0.0105762506163329
556,9.0,silverstone,united-kingdom,none,6.0,0.424093675503618,2.298006928390751,0.0121735443000006,91.0,-0.6564918152000001,0.0137008355205196
557,18.0,hockenheimring,germany,none,7.0,0.3918139657535491,2.41005659682812,0.012203814307692,104.0,-0.3002245099538462,0.0539187932082014
558,12.0,hungaroring,hungary,moderate,8.0,0.3682470577724076,2.21827027147777,0.0114098315999995,117.0,-0.5582831350461539,0.1077790139956645
559,12.0,spa-francorchamps,belgium,moderate,7.0,0.324497553971215,1.998079771320258,0.0281895799692308,130.0,-0.0680973435384615,-0.0534434776643489
560,16.0,monza,italy,none,8.0,0.3418280944738655,1.7330770753768008,0.0150482217846149,143.0,-0.5814086147076923,0.0151740172058393
561,9.0,estoril,portugal,light,7.0,0.2834557599922441,1.9784964255641424,0.0169942384307686,156.0,-0.7313660587076923,-0.0424989860723108
562,7.0,jerez,spain,none,8.0,0.272974072041648,1.856763185580684,0.007426244584615,169.0,-0.675439221076923,-0.0376974551670711
563,13.0,suzuka,japan,heavy,6.0,0.2609720182491633,1.4355778405336288,0.0137008484615382,182.0,-0.4681855719384616,-0.0511024368581089
564,14.0,adelaide,australia,none,6.0,0.2476811885583422,1.6287206983430118,0.0137334759999997,195.0,-0.6799741611692307,0.0016130015825077
565,15.0,interlagos,brazil,light,6.0,0.714057316621399,2.526506754116267,0.0061887927272727,0.0,-0.2448772407134387,-0.0309009029589107
566,14.0,buenos-aires,argentina,heavy,7.0,0.6817855819396275,2.105406133978238,0.0116311451333335,13.0,-0.2210829427333333,-0.0084799497110585
567,10.0,imola,italy,moderate,5.0,0.6909932123788364,1.4687611073212854,0.0113837295692307,26.0,-0.1738547434615384,-0.0042903816442574
568,10.0,catalunya,spain,none,5.0,0.6510233673392002,1.128940690392079,0.0085835630666662,39.0,-0.1992750367666666,0.0327267286431099
569,13.0,monaco,monaco,none,6.0,0.5522066888552936,1.428895953223263,0.0064547452173915,52.0,-0.1812890286956522,0.0676365933705613
570,15.0,montreal,canada,moderate,5.0,0.5208967378512431,1.2520992356025793,0.0041349997826088,65.0,-0.2985881501449275,-0.0120740989005537
571,7.0,magny-cours,france,moderate,6.0,0.488634307415818,3.0821959691370315,0.0024423306060603,78.0,-0.2110287825597591,0.0186869421636034
572,12.0,silverstone,united-kingdom,light,5.0,0.4521999267394926,1.744778887592244,0.0071323964130436,91.0,-0.1349511211594203,-0.0746148351206738
573,15.0,hockenheimring,germany,none,5.0,0.4395801490174528,0.8633766750212064,0.0091553571739128,104.0,-0.1637950407608695,-0.0342193597027574
574,11.0,hungaroring,hungary,none,6.0,0.403445830285811,1.7904388083801104,-0.0019681822826086,117.0,-0.2061256950362319,0.1174772855495699
575,10.0,spa-francorchamps,belgium,moderate,7.0,0.3711833998503862,1.707562377644124,0.0117596105434775,130.0,-0.1709264836594203,0.0884633016620206
576,12.0,monza,italy,light,6.0,0.3389209694149613,1.5140228231999768,0.0011474134285712,143.0,-0.291934706995671,-0.0209671915529131
577,7.0,estoril,portugal,none,6.0,0.3316465051959127,1.3165463681891432,0.0075305360869568,156.0,-0.2383179019927536,0.0054887982853595
578,9.0,nurburgring,germany,light,6.0,0.3405966715440772,1.0132359398744744,0.0052948725000001,169.0,-0.4177704685869565,-0.0176974493417082
579,7.0,aida,japan,none,7.0,0.2834252705505221,0.9200073085262545,0.0057375513043479,182.0,-0.2745619726449275,-0.045061144906284
580,11.0,suzuka,japan,heavy,6.0,0.2948492606023698,1.0918016561223112,0.0058579939130437,195.0,-0.2625025678656127,0.2142094934977012
581,14.0,adelaide,australia,none,6.0,0.2448299692072353,1.0914712584365598,0.0021764214285713,208.0,-0.237428021082251,-0.0322409992762923
582,8.0,melbourne,australia,none,7.0,0.6144494187225972,1.0357002217854778,-0.0006353866666666,0.0,-0.5162191355555555,0.0770776160133273
583,10.0,interlagos,brazil,moderate,6.0,0.5836699562891242,0.9218677095471384,0.0025561089999996,13.0,-0.5155887281341992,0.0031460762087174
584,12.0,buenos-aires,argentina,none,6.0,0.5514185217812003,1.5759246480276037,0.0056406810822509,26.0,-0.5052598406493507,-0.0211020199225983
585,5.0,nurburgring,germany,light,6.0,0.5206390593477278,1.7809187259587558,-0.0010688661052634,39.0,-0.6874007960526315,0.0368538895905507
586,10.0,imola,italy,none,7.0,0.4883876248398037,1.4351684704466932,0.0014933797142858,52.0,-0.7052163155714286,-0.0087394660047125
587,14.0,monaco,monaco,heavy,6.0,0.4561361903318796,0.7369086525327031,0.0007182445714286,65.0,-0.7809392345238095,-0.0110970445731637
588,13.0,catalunya,spain,heavy,7.0,0.4238847558239554,1.3374681997904745,-0.001647693105263,78.0,-0.4343584428421053,0.0581201771719227
589,14.0,montreal,canada,none,5.0,0.3916333213160313,1.095621797606313,0.0017006045454544,91.0,-0.5624387028571429,-0.0661899965685424
590,8.0,magny-cours,france,none,6.0,0.3593818868081072,1.264304171811526,-0.0105794554285712,104.0,-0.3838427958095238,-0.0184481764820269
591,9.0,silverstone,united-kingdom,light,5.0,0.3271304523001831,1.5649016531429465,-0.0026258338421052,117.0,-0.2750873778421052,0.0444410290947966
592,6.0,hockenheimring,germany,light,5.0,0.3310329718082464,1.2782105955717964,-0.0040276311695908,130.0,-0.1925162442690058,-0.015528483571711
593,10.0,hungaroring,hungary,none,5.0,0.2987947324133232,1.0593306177268025,-0.0013641782631576,143.0,-0.3354228191578947,0.0450144588574386
594,9.0,spa-francorchamps,belgium,light,5.0,0.2665564930184001,1.4977438385400568,-0.0052731019298243,156.0,-0.2311609616081871,0.0401698481881142
595,10.0,monza,italy,none,5.0,0.2343182536234769,1.6484498200163116,0.0005299320526317,169.0,-0.4342374204210526,-0.0094724312867169
596,4.0,estoril,portugal,none,5.0,0.2020800142285537,1.1502888492496628,-0.0027202073684207,182.0,-0.5426588228947369,0.0056986543200731
597,6.0,suzuka,japan,heavy,6.0,0.1698417748336305,1.050506919912223,-0.0094135424561401,195.0,-0.3875377724561404,0.0502433498580313
598,11.0,melbourne,australia,none,6.0,0.5775374127737717,1.1704521359023934,0.0023648734285713,0.0,-0.3440074858095238,0.1605543247169033
599,3.0,interlagos,brazil,light,7.0,0.5656343852421687,1.685726388270723,0.0025626869999998,13.0,-1.4605985930476193,-0.0506955155788075
600,12.0,buenos-aires,argentina,none,7.0,0.5333829507342448,1.9998768379086127,0.0059134437229432,26.0,-0.5607646267965369,0.058992064204332
601,10.0,imola,italy,heavy,6.0,0.5011315162263205,1.4599463338159016,0.0008131215714283,39.0,-0.3742183305714285,-0.0162657868347587
602,12.0,monaco,monaco,moderate,7.0,0.4688800817183965,0.931916329920202,0.0062073536363644,52.0,-0.5407192792640693,-0.0593228001696984
603,7.0,catalunya,spain,light,6.0,0.4100845301726949,1.6760085028805725,0.0044017952380953,65.0,-0.6758004092640693,0.0200629940604909
604,11.0,montreal,canada,none,7.0,0.376335955999543,1.4152750910976646,0.006865273116883,78.0,-2.07994984482684,-0.067264495144716
605,10.0,magny-cours,france,heavy,6.0,0.3575593281060518,1.2485729094312268,0.0044017952380953,91.0,-0.5950618192207793,-0.0986764502546954
606,11.0,silverstone,united-kingdom,light,6.0,0.3253078935981277,1.431498496190032,-0.0024881140259738,104.0,-0.4705970377922078,-0.1008962392863782
607,11.0,hockenheimring,germany,light,5.0,0.2989492148049379,1.232912035143762,0.0040238831168837,117.0,-0.5789026683549784,-0.0530212185891909
608,9.0,hungaroring,hungary,none,6.0,0.2911690380519973,1.4893654155363754,0.0046576002597402,130.0,-0.8726141561471863,-0.0190733020616035
609,6.0,spa-francorchamps,belgium,light,6.0,0.2589176035440732,1.19426419551815,0.0077818570562774,143.0,-0.4939664253679654,0.0080154089062479
610,8.0,monza,italy,heavy,5.0,0.2266661690361491,,0.0017985093073591,156.0,-0.7403080858874459,-0.0919733969959167
611,7.0,spielberg,austria,none,6.0,0.194414734528225,1.2849730904050962,0.0021933718571438,169.0,-1.627303322952381,-0.0815762508931116
612,12.0,nurburgring,germany,none,6.0,0.1691252749226915,1.091783296116353,0.0027922419913419,182.0,-1.0895975295021647,-0.0680317525577759
613,7.0,suzuka,japan,none,7.0,0.1368738404147673,1.435499199106556,0.001137220571429,195.0,-1.4560044266666667,-0.0859562455437239
614,5.0,jerez,spain,light,6.0,0.0889829805985688,1.2324846334935302,0.0071871837662339,208.0,-0.9621287016017316,-0.0732858242443698
615,13.0,melbourne,australia,none,6.0,0.5279428847713993,1.6279885086151968,-0.0017650278787877,0.0,-0.2532159112121212,0.0543629411619319
616,10.0,interlagos,brazil,heavy,6.0,0.4956914502634751,1.2042198803476638,0.0024143298701299,13.0,-1.0275122715584415,-0.0004240670171207
617,7.0,buenos-aires,argentina,heavy,5.0,0.4634400157555512,1.6781156559844874,0.0037019724675326,26.0,-0.3039687606060606,0.005789837915325
618,11.0,imola,italy,none,5.0,0.4311885812476269,2.133403859469792,0.0042478890043291,39.0,-0.5003673347619048,-0.0015635593276808
619,5.0,catalunya,spain,none,7.0,0.3989371467397028,1.935608995208196,0.001075885285714,52.0,-0.9368894390952384,0.0923885944417381
620,9.0,monaco,monaco,light,7.0,0.3666857122317787,1.8782693324028243,0.0008978057142858,65.0,-0.450881764,0.0758058872321377
621,12.0,montreal,canada,light,6.0,0.3344342777238546,1.981594615020441,0.0033871109090909,78.0,-0.5939217024242425,-0.015606623400099
622,5.0,magny-cours,france,none,5.0,0.3140656025090047,1.856455824534332,0.0033031087012985,91.0,-0.7511192957142857,-0.0229190202927114
623,13.0,silverstone,united-kingdom,light,6.0,0.2818141680010806,1.7905645219416642,0.0058995411688311,104.0,-0.2971729141125541,0.045472439058716
624,10.0,spielberg,austria,moderate,9.0,0.2495627334931566,1.737579174100201,0.0102036272727275,117.0,-0.6473769285281386,0.0614052127378608
625,5.0,hockenheimring,germany,moderate,5.0,0.2173112989852325,1.5595336484204485,0.0005087565714283,130.0,-0.4147413528571428,-0.0305213701539698
626,5.0,hungaroring,hungary,none,5.0,0.1850598644773083,1.7534256898644207,0.0006817397142855,143.0,-0.4569416140952381,0.0458676460938855
627,10.0,spa-francorchamps,belgium,moderate,6.0,0.1528084299693842,1.6144386312507324,-0.0050825576470587,156.0,-0.4142103024183007,0.0239980950527044
628,9.0,monza,italy,light,7.0,0.1205569954614601,1.561910104981282,0.006319356580087,169.0,-0.3145815795238095,-0.0266791416295308
629,5.0,nurburgring,germany,light,5.0,0.088305560953536,1.6509329287161985,0.0027362405194804,182.0,-0.5237537751082252,-0.0547973419477557
630,9.0,suzuka,japan,none,5.0,0.056054126445612,1.679573739748704,0.0005686102857143,195.0,-0.375876483952381,0.0837521622531106
631,13.0,melbourne,australia,none,6.0,0.5237656947489826,1.5501396840683297,0.001297047714286,0.0,-0.9763370176190476,0.0300508862973746
632,12.0,interlagos,brazil,none,5.0,0.4848060375117621,1.7157923549939813,-0.0037413301428569,13.0,-0.7432512569523809,0.0062998266496841
633,11.0,imola,italy,none,6.0,0.4778791829728142,1.4138231530733136,0.0040029314718618,26.0,-0.7599918392857143,-0.0012635508143949
634,13.0,monaco,monaco,light,7.0,0.44562774846489,1.6796473397369738,0.0046957051515156,39.0,-0.5407244248701298,-0.0384901211956128
635,9.0,catalunya,spain,none,8.0,0.4133763139569658,1.7358997830362854,0.004548848008658,52.0,-1.1099163313852816,-0.0473710599538959
636,11.0,montreal,canada,none,7.0,0.368396410507168,1.5796144240096546,0.0027223379653677,65.0,-0.5972354512554112,-0.0197785388496657
637,10.0,magny-cours,france,heavy,8.0,0.3361449759992438,1.4687043741790695,0.0071330602164501,78.0,-0.9810000846753248,0.1337502064288162
638,5.0,silverstone,united-kingdom,none,7.0,0.3038935414913198,1.6762813634794145,0.001636436,91.0,-0.414054731047619,0.038265344809481
639,7.0,spielberg,austria,light,7.0,0.2813137726221663,1.508005988277476,0.0042758897402603,104.0,-1.3882219477056277,0.0351532386490991
640,11.0,hockenheimring,germany,none,6.0,0.2490623381142422,1.6088266961379232,0.0037579739393939,117.0,-0.5404756382251082,-0.02446180228858
641,5.0,hungaroring,hungary,light,6.0,0.216810903606318,1.6973963875041902,0.0051016180086587,130.0,-1.7064695013419915,-0.0495757606475503
642,6.0,spa-francorchamps,belgium,none,5.0,0.1845594690983938,1.7386396370248467,0.003275107965368,143.0,-0.3997613436363637,0.0138934934713158
643,11.0,monza,italy,none,6.0,0.1523080345904698,1.4900908036818534,0.0034151116450216,156.0,-0.8848705242857142,-0.0179129024486193
644,12.0,nurburgring,germany,moderate,7.0,0.1200566000825457,1.7308236155799643,0.0072292826839823,169.0,-0.9140972643722944,-0.0698677980642629
645,10.0,sepang,malaysia,moderate,7.0,0.086914581947941,1.9062977567026107,0.0014284295714289,182.0,-0.4393323626190476,0.0620100576480012
646,8.0,suzuka,japan,heavy,7.0,0.0546631474400169,1.664380735898907,0.004184838441559,195.0,-0.6956573103030302,0.0434926908558835
647,12.0,melbourne,australia,none,7.0,0.5138136953657416,1.914400512410599,0.0070822299134197,0.0,-1.179811290995671,-0.030242758344509
648,9.0,interlagos,brazil,light,7.0,0.4815622608578174,1.7637243964795204,-0.0014130732105265,13.0,-0.8813498521578949,-0.0238171664378007
649,7.0,imola,italy,light,7.0,0.4493108263498934,1.858449674225629,0.0044368450649349,26.0,-0.755787196017316,-0.0085467033036549
650,5.0,silverstone,united-kingdom,light,7.0,0.4170593918419694,2.271403835438716,0.009174453506493,39.0,-0.3568137438961039,-0.0279087574707922
651,5.0,catalunya,spain,light,6.0,0.3848079573340452,2.112199180807893,-0.0088438932034632,52.0,-1.0216038588311689,-0.0188964245510574
652,9.0,nurburgring,germany,moderate,7.0,0.352556522826121,1.838126205988142,0.0009576594285709,65.0,-0.9995566371904764,-0.0374634513022374
653,11.0,monaco,monaco,none,7.0,0.3203050883181969,1.465737611671361,0.0004788297142854,78.0,-0.6730054784761905,-0.0472332759489997
654,6.0,montreal,canada,light,6.0,0.2880536538102729,1.793936275171622,0.0051997183982684,91.0,-1.0755796590476192,-0.0175611362454137
655,7.0,magny-cours,france,heavy,6.0,0.2558022193023487,1.8611809712891945,0.0033800618181818,104.0,-1.0761659277489175,-0.0293563967736936
656,10.0,spielberg,austria,none,7.0,0.2187808340390538,1.8113163142357436,0.0010474400000002,117.0,-1.385094055857143,-0.002210034578979
657,10.0,hockenheimring,germany,moderate,7.0,0.1927713223609521,1.89267757169752,0.0105815393939394,130.0,-0.3442211628571429,0.058552974834624
658,6.0,hungaroring,hungary,light,7.0,0.160519887853028,1.8639702384677557,0.0037160706493507,143.0,-0.740993827857143,-0.0183543401084313
659,5.0,spa-francorchamps,belgium,moderate,6.0,0.1282684533451039,1.8313042992042257,0.0032541563203463,156.0,-0.6012052667099568,0.0113986623023432
660,10.0,monza,italy,none,7.0,0.0960170188371798,1.7719398296282012,0.0076349999134205,169.0,-0.9014719649783552,-0.0584435451774587
661,10.0,indianapolis,united-states-of-america,heavy,6.0,0.0637655843292557,1.719668471044579,0.0050597147186148,182.0,-1.0024318663203464,-0.0376690279485584
662,7.0,suzuka,japan,heavy,6.0,0.0315141498213316,1.692390903111611,0.0033800618181818,195.0,-0.7172780940692641,-0.0231988723923343
663,9.0,sepang,malaysia,light,7.0,-0.0007372846865924,1.7082052053927632,0.0045137981818185,208.0,-0.7942049262770563,-0.0112771531807923
664,8.0,melbourne,australia,none,6.0,0.4667806165517298,2.0739437243951846,0.004324842121212,0.0,-0.5836437582683983,-0.016839984563331
665,8.0,sepang,malaysia,light,5.0,0.4345291820438057,2.1489371999550677,0.0037859746753246,13.0,-0.6129263374458874,-0.0548069058689517
666,11.0,interlagos,brazil,heavy,5.0,0.4022777475358816,1.7748841346847226,0.003436063290043,26.0,-0.6864768201731603,-0.0466456460703858
667,10.0,imola,italy,none,6.0,0.3700263130279575,1.584943348470969,0.0067601236363636,39.0,-0.5174471933766234,-0.0324097407974483
668,6.0,catalunya,spain,none,6.0,0.342970122042421,1.3495620309705396,0.0032821570562768,52.0,-0.559969675974026,-0.0797534239057197
669,10.0,spielberg,austria,heavy,6.0,0.3107186875344969,1.663772209597428,0.0037090215584415,65.0,-0.4263456313852814,-0.0931842924171199
670,12.0,monaco,monaco,none,7.0,0.2784672530265729,1.345020188948323,0.0035410171428573,78.0,-0.3355470791774891,-0.006608181535603
671,11.0,montreal,canada,light,6.0,0.2666271261610335,1.8347345185488075,9.030087445940917e-05,91.0,-0.6026369531038962,-0.0498018095437281
672,7.0,nurburgring,germany,none,5.0,0.2154363560851762,1.6672975861410444,0.0024423306060605,104.0,-0.7048358177489178,-0.0246280449761987
673,4.0,magny-cours,france,none,6.0,0.1831849215772521,1.5741414899156854,0.0004788297142854,117.0,-0.6118954654761906,-0.0566795984426335
674,5.0,silverstone,united-kingdom,light,5.0,0.1509334870693279,1.7262262035157927,0.0007780982857141,130.0,-1.1995422394285715,0.0005493416549906
675,12.0,hockenheimring,germany,none,6.0,0.1420373043526918,1.5224307864517792,0.003058151168831,143.0,-0.5809351756277057,0.0472919105176235
676,10.0,hungaroring,hungary,light,6.0,0.0879025901279309,1.633097366616402,0.0034920647619047,156.0,-0.6291399693290044,0.0335138370529058
677,9.0,spa-francorchamps,belgium,light,7.0,0.0556511556200067,1.8013506921910505,0.0060465939393942,169.0,-0.2416173654978355,0.3974404264963749
678,9.0,monza,italy,none,6.0,0.0152195263083349,1.6204859100290865,0.0032191064935063,182.0,-0.3936056222510823,-0.0405166549736771
679,7.0,indianapolis,united-states-of-america,none,6.0,-0.0170319081995891,2.2822777755616213,0.0013794372294372,195.0,-0.6475882869264069,-0.0539835129826857
680,5.0,suzuka,japan,none,6.0,-0.0492833427075132,2.03061462033166,0.004184838441559,208.0,-0.5501164822294373,-0.0024061205057587
681,12.0,melbourne,australia,light,6.0,0.3890442131124218,2.1070640636975444,0.0033031087012987,0.0,-0.3804518759307359,0.0495735085822618
682,9.0,sepang,malaysia,moderate,7.0,0.3567927786044977,2.365287887496672,0.0038629277922079,13.0,-0.5913084387878789,0.0655119554154337
683,9.0,interlagos,brazil,none,6.0,0.3245413440965736,2.2033479474666726,0.0040238831168832,26.0,-0.8410239104761905,-0.0231800994222669
684,10.0,imola,italy,light,6.0,0.2922899095886496,1.9239506881915696,0.000748171428571,39.0,-0.9080585127142858,0.0340055797903041
685,7.0,catalunya,spain,none,6.0,0.2600384750807253,1.6448820925286745,-0.015148217368421,52.0,-0.9458618173684212,0.028520243439848
686,10.0,spielberg,austria,heavy,6.0,0.2277870405728012,1.8096345897043915,0.0033311094372294,65.0,-1.1344885743722946,-0.0129950422966721
687,10.0,monaco,monaco,light,5.0,0.1955356060648773,1.95704023919682,0.005318574805195,78.0,-0.4761936964935065,-0.0165994828539293
688,7.0,montreal,canada,light,7.0,0.1632841715569532,1.9784739608961248,0.0042688406493512,91.0,-1.242122214848485,0.0269216612826248
689,6.0,nurburgring,germany,none,6.0,0.1310327370490291,2.0554572969460567,0.0046677044155842,104.0,-0.6621816301731602,-0.0316737704040238
690,9.0,silverstone,united-kingdom,light,7.0,0.0987813025411049,1.93554716320728,-0.0107298439215686,117.0,-0.7118347122128852,0.0527986211697033
691,7.0,magny-cours,france,none,6.0,0.0665298680331809,1.756704415595924,-0.0073414721568628,130.0,-0.4388229622549019,-0.0360245745578722
692,12.0,hockenheimring,germany,none,7.0,0.0342784335252567,1.6194208435017168,0.0021035912857145,143.0,-1.0733200478095235,-0.0026692137729621
693,4.0,hungaroring,hungary,none,6.0,0.0150667285153168,1.687625546836709,-0.0036269431578945,155.0,-1.377850565,0.0079100589495506
694,8.0,spa-francorchamps,belgium,none,6.0,-0.0171715108796064,1.7567228412315128,-0.0028497410526313,168.0,-0.8204505961578948,0.0433022270637212
695,7.0,monza,italy,none,6.0,-0.0453308993252241,1.7912822521652951,-0.0023316063157894,181.0,-0.770806385263158,0.0274431984263905
696,4.0,indianapolis,united-states-of-america,none,7.0,-0.0813027646034604,1.8329647504195568,-0.0067303682456135,194.0,-0.9989373778771932,-0.0504260898581944
697,8.0,suzuka,japan,none,6.0,-0.1081882088331734,1.8228950337684773,-0.0068167031578942,207.0,-0.5545991869005849,0.0294292892688655
698,7.0,melbourne,australia,light,6.0,0.3339756410403913,1.5957170050150509,0.0028280888947367,0.0,-1.3751355384210526,-0.0051105132475575
699,6.0,sepang,malaysia,light,7.0,0.3018099747669732,1.6602774094212616,-0.0006353866666666,19.5,-0.7577445192982456,-0.0664648080100372
700,10.0,interlagos,brazil,heavy,6.0,0.2696443084935549,1.5614385696467408,0.0013107823157896,39.0,-0.7540345443421054,-0.1040697567114207
701,5.0,imola,italy,none,7.0,0.2374786422201366,1.375279005388476,0.0005172818947365,58.5,-0.831553930631579,-0.0825286119914987
702,8.0,catalunya,spain,none,7.0,0.2053129759467183,1.2811009971550749,0.0012337917368423,78.0,-0.6354236718947369,-0.019459601735789
703,6.0,spielberg,austria,moderate,8.0,0.1731473096733,1.00228416911309,-0.001217824444444,97.5,-1.028794456754386,-0.1330823782366561
704,6.0,monaco,monaco,light,6.0,0.1409816433998818,1.0971294479239757,-0.0025369788304095,117.0,-0.4436002641520468,-0.0360763709973568
705,9.0,montreal,canada,light,6.0,0.1088159771264635,0.9981719024728672,-0.0042546651052626,136.5,-0.4615954051052631,-0.02736313204249
706,5.0,nurburgring,germany,none,5.0,0.0766503108530453,1.161465436006297,0.0011893977894738,156.0,-0.723367557631579,-0.049022174129774
707,4.0,magny-cours,france,none,6.0,0.044484644579627,1.1490999958874633,-0.0042221956862744,175.5,-0.5794028765603716,-0.0556039974826836
708,3.0,silverstone,united-kingdom,none,7.0,0.0123189783062087,1.0641320434078518,0.0029739208947372,195.0,-1.176198545894737,-0.0531643944118392
709,7.0,hockenheimring,germany,none,5.0,-0.0020358258663463,1.038912527826448,0.0005661768421051,214.5,-0.5976845579473684,-0.0328912469955874
710,7.0,hungaroring,hungary,none,6.0,-0.0147770433048125,0.8480932434511137,-0.0094676964705883,234.0,-0.9155020766816306,-0.0424140659865941
711,7.0,monza,italy,none,6.0,-0.0192276896694348,1.1906012832862447,-0.0018279085380118,253.5,-0.6409043988596491,-0.0643397675007021
712,9.0,indianapolis,united-states-of-america,moderate,5.0,-0.0936976470321433,0.8962150130392841,0.0013352297894738,273.0,-1.0705722085263156,-0.0888239859942402
713,4.0,suzuka,japan,heavy,7.0,-0.0932577377274659,0.2781159455573975,0.0020379506842103,292.5,-0.5345206127368421,-0.006706858016699
714,5.0,melbourne,australia,none,6.0,0.356874452854105,0.8472761666043677,-6.519326315823637e-05,0.0,-0.3140315217894737,-0.0357284641929469
715,4.0,sepang,malaysia,light,7.0,0.3247087865806869,0.5417882103319358,-0.0007817031052629,19.5,-0.4780794204736842,-0.043744764980062
716,3.0,bahrain,bahrain,none,6.0,0.2925431203072685,0.1849313959485057,-0.0037927757894733,39.0,-0.3779172505789473,-0.0492355755005459
717,4.0,imola,italy,light,6.0,0.2603774540338502,0.0730410627962741,-0.0034822499473685,58.5,-0.5805064473157895,-0.1793165248068648
718,7.0,catalunya,spain,none,7.0,0.228211787760432,-0.0012862274296875,-0.0004374959999998,78.0,-0.5135942993684212,-0.045680758621912
719,10.0,monaco,monaco,light,6.0,0.1960461214870137,0.0967631605905873,-0.0115491245789473,97.5,-0.659333961368421,-0.0886035988484413
720,5.0,nurburgring,germany,moderate,6.0,0.1638804552135954,0.1418292054479902,-0.004365677052631,117.0,-0.677000815,-0.0688804978826666
721,6.0,montreal,canada,none,6.0,0.143048973913454,-0.0552210633315043,-0.0057953345263153,136.5,-0.7619783711578948,0.0356726967134156
722,10.0,indianapolis,united-states-of-america,none,7.0,0.1011571268530399,0.2845736996256052,-0.0047827387719298,156.0,-0.7222868757309941,-0.0592313946508709
723,2.0,magny-cours,france,none,5.0,0.1128535129249195,-0.1294358407101272,-0.0042139193157896,175.5,-0.7567605398421053,-0.114902974345216
724,4.0,silverstone,united-kingdom,light,7.0,0.0806878466515012,-0.2087981302645841,-0.0151401630526315,195.0,-0.7562306694473685,-0.0404423206503894
725,3.0,hockenheimring,germany,none,6.0,0.038717396458535,-0.3598433376533324,-0.0125165526315793,214.5,-0.8222520960000002,-0.085773165498491
726,5.0,hungaroring,hungary,none,6.0,0.0502753308073732,-0.2040765565277334,-0.003384174105263,234.0,-0.506812916,-0.0531261415719203
727,9.0,spa-francorchamps,belgium,none,6.0,0.018109664533955,0.1860308402394352,0.0027918441052627,253.5,-0.4268893040526316,0.1136052976442186
728,5.0,monza,italy,moderate,5.0,-0.0140560017394632,-0.3657815081624441,-0.0054429782631572,273.0,-0.6625970368947368,-0.0897056701622077
729,4.0,shanghai,china,light,7.0,-0.0286970866291327,0.2303894444179366,-0.0098778368421053,292.5,-0.6205104182105263,-0.0935303751951297
730,4.0,suzuka,japan,moderate,8.0,-0.1086777099310753,0.039920513187842,-0.006545525631579,312.0,-0.2161475044210526,-0.0498646476947191
731,3.0,interlagos,brazil,moderate,7.0,-0.0944805594868621,-0.0483931482782362,-0.0123951681052628,331.5,-0.9702422222105264,-0.0835881235079495
732,3.0,melbourne,australia,none,7.0,0.3027712715902487,0.1349405348223068,-0.0104435004705889,0.0,-0.8751367207843137,0.8205063263202449
733,7.0,sepang,malaysia,none,6.0,0.2768027075907751,0.3367283302094765,-0.0018858058888888,19.5,-0.3341114819824561,-0.100785388130407
734,6.0,bahrain,bahrain,none,6.0,0.2501483851373851,0.5811326273173244,-0.0066681920467835,39.0,-0.7973910215789474,-0.030390174996979
735,5.0,imola,italy,moderate,6.0,0.2463430790306755,0.6707522192075361,-0.0091776253157895,58.5,-0.398468828,-0.0964718727476701
736,5.0,catalunya,spain,none,7.0,0.1743199455276761,0.3871609656927886,-0.0160922317401961,78.0,-0.4438328127042484,-0.0677791254839796
737,4.0,monaco,monaco,light,7.0,0.1421784702947595,0.4944967274343944,-0.0077698621568629,97.5,-0.7772348467973856,0.1137537491381445
738,2.0,nurburgring,germany,light,5.0,0.1298966414639542,0.6875478163260655,-0.0020444433157895,117.0,-0.3330033332631579,-0.0506261740624491
739,8.0,montreal,canada,light,6.0,0.0953610617512951,0.2660750584142802,-0.0015507560526317,136.5,-0.7401241383157896,-0.0858267220256424
740,0.0,indianapolis,united-states-of-america,none,7.0,0.1198209954528738,0.3144006768403191,-0.0914311919999999,156.0,-0.8071770773333334,0.0614690814452195
741,5.0,magny-cours,france,none,6.0,0.032632150842931,0.3901711936562509,-0.0121279515789469,174.0,-0.3955119243157894,-0.0587971469482246
742,1.0,silverstone,united-kingdom,none,6.0,0.0004664845695127,0.2051236142772292,-0.0115898703684216,193.5,-1.0609030153157897,-0.0721373569627436
743,1.0,hockenheimring,germany,moderate,7.0,-0.0139050672464666,0.1956531268574608,-0.0040692261052626,213.0,-1.1185090373157895,-0.0540453428833636
744,5.0,hungaroring,hungary,moderate,5.0,-0.0460707335198849,-0.3494373738691795,-0.0016313947894735,232.5,-0.5282163036842106,-0.0192227949499383
745,5.0,istanbul,turkey,light,6.0,-0.0782363997933031,-0.3162641101725009,-0.0072087478421052,252.0,-0.4402012755789474,-0.00570348695672
746,0.0,monza,italy,light,6.0,-0.0500551286196912,-0.2919360906251493,-0.0171488190643274,271.5,-0.701373784631579,-0.0717403686994269
747,5.0,spa-francorchamps,belgium,moderate,7.0,-0.0822207948931095,-0.4079433531250334,-0.0231212427450977,291.0,-0.3213610348452012,-0.0192053806919289
748,4.0,interlagos,brazil,heavy,7.0,-0.1143864611665277,-0.3416858003268371,-0.0189388104210526,310.5,-0.9862942442105262,-0.0470086550985964
749,2.0,suzuka,japan,light,7.0,-0.146552127439946,-0.2777620077354494,0.0037022280526315,330.0,-0.648645817,-0.1281962602246819
750,4.0,shanghai,china,none,7.0,-0.1787177937133643,-0.288889451310698,0.000748253631579,349.5,-0.8069558857368421,-0.0204129006110731
751,4.0,bahrain,bahrain,none,7.0,0.2615045257613898,0.3754544694780274,-0.0212533268296407,0.0,-0.4091411409842119,-0.1318611279798632
752,8.0,sepang,malaysia,heavy,7.0,0.2293190668184702,-0.1254304703711279,-0.0542651068118151,19.5,-0.4226214569493252,-0.107580856710367
753,9.0,melbourne,australia,none,7.0,0.1971336078755506,0.1175609887750824,-0.0201277788615478,39.0,-0.5240950728252449,-0.1021806245420896
754,6.0,imola,italy,none,6.0,0.164948148932631,-0.0480353526518128,-0.0143534870600741,58.5,-0.5634862892390067,-0.0869294530851073
755,9.0,nurburgring,germany,none,6.0,0.1386505782875171,0.1587280846123674,-0.0465909334924878,78.0,-0.4980830380182073,-0.1055503454302726
756,5.0,catalunya,spain,none,6.0,0.1064651193445975,0.2692723666102233,-0.0127038332943723,97.5,-0.4849736300476191,-0.1206181356649226
757,5.0,monaco,monaco,none,6.0,0.0742796604016779,0.5635822042116453,-0.0030283542424236,117.0,-0.9548717877056278,-0.094863939568949
758,4.0,silverstone,united-kingdom,none,6.0,0.0420942014587583,0.6741199034794714,-0.0119695763456369,136.5,-1.5566525243552063,-0.104973172555587
759,7.0,montreal,canada,none,6.0,0.0099087425158386,0.7503366277238918,-0.0224539582836766,156.0,-0.658962822658518,-0.0523032892789105
760,13.0,indianapolis,united-states-of-america,none,6.0,-0.0222767164270809,0.4345120977482155,-0.0164778852312601,175.5,-0.6738775771496924,-0.0282458104000291
761,6.0,magny-cours,france,none,6.0,-0.010338328970183,0.863196221191012,-0.0396842673080594,195.0,-0.9108751158326968,-0.0839144820639659
762,6.0,hockenheimring,germany,light,6.0,-0.0322199833919422,0.4443969785037852,-0.0202142975119611,214.5,-0.8843783330622011,-0.0713576811281289
763,8.0,hungaroring,hungary,moderate,7.0,-0.0511595181181048,0.3457821117012832,-0.0275498298736311,234.0,-0.5248062437207156,-0.1126781974145158
764,6.0,istanbul,turkey,none,7.0,-0.0833449770610244,0.4041769350719322,-0.0206114978446116,253.5,-0.5890509907666894,-0.006996391195758
765,5.0,monza,italy,none,5.0,-0.115530436003944,0.3702925037776676,-0.0194307397985102,273.0,-0.9886914700437676,-0.1152316457666891
766,5.0,shanghai,china,light,6.0,-0.1117517458626901,0.5612315147588612,-0.031244840616883,292.5,-0.425043199672619,-0.0712990623467605
767,4.0,suzuka,japan,none,6.0,-0.1439372048056097,0.1391634997100704,-0.0089579018284348,312.0,-1.49614160993347,-0.0233679367549924
768,5.0,interlagos,brazil,light,6.0,-0.1761226637485293,0.046206344905169,-0.0294096419633307,331.5,-1.1424393088668194,-0.0224420657467301
769,5.0,melbourne,australia,none,7.0,0.3029142451051574,0.9150614786199106,-0.0162724147003874,0.0,-0.8020523907375258,-0.0479446150688712
770,4.0,sepang,malaysia,moderate,6.0,0.2707287861622378,1.0933878692979375,-0.0115646769772155,19.5,-1.075304782196628,-0.0219557016412583
771,6.0,bahrain,bahrain,none,7.0,0.2385433272193182,0.4713716623257856,0.0007994098268399,39.0,-1.0030970948484847,-0.0209148921985313
772,8.0,catalunya,spain,none,6.0,0.2063578682763986,0.3482787055185547,-0.0014282757142854,58.5,-1.4733329052380957,-0.0645785399553749
773,3.0,monaco,monaco,moderate,7.0,0.174172409333479,0.6026250292836615,-0.0133373691774889,78.0,-0.5915864831168831,-0.0599319099818734
774,8.0,montreal,canada,light,7.0,0.1419869503905594,0.9052715839543686,-0.0062613952900431,97.5,-0.962601504064935,-0.0621641118082108
775,5.0,indianapolis,united-states-of-america,none,6.0,0.1045301222733239,0.7452953213911384,-0.0056466075930736,117.0,-1.123396972952381,-0.0661121510329425
776,5.0,magny-cours,france,moderate,6.0,0.0790829295357098,0.742636649031212,-0.0067484189177486,136.5,-1.757948632943723,-0.0949018555232859
777,6.0,silverstone,united-kingdom,none,5.0,0.0468974705927902,0.9456405513796652,-0.0006305481818179,156.0,-1.122075486753247,-0.0652508779602834
778,9.0,nurburgring,germany,light,6.0,0.0367150603299522,0.8539768726011202,-0.0019103983549788,175.5,-0.93405813974026,-0.0853396812693331
779,4.0,hungaroring,hungary,none,6.0,0.035446089993976,0.3515640264397766,-0.0140830892640689,195.0,-0.858332478008658,-0.0661977274825584
780,1.0,istanbul,turkey,none,6.0,0.0032606310510564,0.2653286599632441,-0.0140061361471858,214.5,-1.2426748627705628,-0.0700402821491067
781,2.0,monza,italy,none,7.0,-0.0289248278918631,0.2959135548483876,-0.0018210293506495,234.0,-1.2602453242857143,0.0140092463100454
782,5.0,spa-francorchamps,belgium,none,7.0,-0.0611102868347827,0.310636477886213,-0.0198790493506492,253.5,-0.9304996205627708,-0.0339318815321608
783,7.0,fuji,japan,heavy,7.0,-0.0932957457777024,0.4332787519446356,-0.0009094209523803,273.0,-1.714449098809524,-0.0707806853340818
784,5.0,shanghai,china,heavy,6.0,-0.125481204720622,0.5202463098377483,-0.0111623536320344,292.5,-1.3873000191428573,-0.0304855399246674
785,8.0,interlagos,brazil,light,6.0,-0.1705473839092715,0.4840378081160408,-0.0006592922510819,312.0,-2.137393644025974,-0.0756892619703429
786,13.0,melbourne,australia,none,8.0,0.2925696307657968,0.5730062782187493,-0.0098212977056274,0.0,-1.0589316791341992,-0.0822658274192232
787,5.0,sepang,malaysia,heavy,6.0,0.2603841718228771,0.8326907039332443,-0.0089862086147183,19.5,-1.5700768117748918,-0.0739607817304785
788,3.0,bahrain,bahrain,none,7.0,0.2281987128799575,0.4227744136675426,-0.0002036836796533,39.0,-1.634409515974026,-0.0540512694127399
789,9.0,catalunya,spain,none,6.0,0.1960132539370379,0.517809469320705,-0.0050626558874457,58.5,-1.9852923000865803,-0.125557184492229
790,3.0,istanbul,turkey,none,6.0,0.1038677947826244,0.664085455898968,-0.0173725547368416,78.0,-1.9265337542631584,-0.0982408626295351
791,6.0,monaco,monaco,moderate,7.0,0.0717021285092062,0.4854351352201363,-0.0164180627894739,97.5,-0.6640611688947369,-0.0928468873368783
792,7.0,montreal,canada,moderate,7.0,0.0395364622357879,0.8642080126508743,-0.0196456331578944,117.0,-0.9883949123976608,-0.0747365347748918
793,1.0,magny-cours,france,light,6.0,0.0073707959623696,0.7747096931063753,-0.0238066098421053,136.5,-2.197097758052632,-0.08458078914315
794,7.0,silverstone,united-kingdom,heavy,6.0,-0.0247948703110485,0.8998694891798169,-0.0138259643684213,156.0,-1.5732114625263158,-0.1025097314978537
795,3.0,hockenheimring,germany,none,7.0,-0.0569605365844668,0.8300608573045671,-0.0072297789473684,175.5,-2.499192397526316,-0.0718608021967341
796,2.0,hungaroring,hungary,none,6.0,-0.0891262028578851,0.8849668193141784,-0.0175231736842102,195.0,-2.3492262532105266,-0.0661045102535287
797,3.0,valencia,spain,none,6.0,-0.1212918691313033,0.9132930975541652,-0.0202855515789467,214.5,-2.828384882157895,-0.1058326260996164
798,2.0,spa-francorchamps,belgium,light,6.0,-0.1534575354047216,0.7629957645736404,-0.0090854210526311,234.0,-0.8651881144210527,-0.0762528592621921
799,1.0,monza,italy,heavy,8.0,-0.1856232016781398,0.8614403541561004,-0.024248946947369,253.5,-1.2667454158157896,-0.0869372056253437
800,5.0,marina-bay,singapore,light,6.0,-0.2177888679515581,0.771656402510627,-0.0177167618421055,273.0,-1.7922721626842106,-0.0962786448959989
801,5.0,fuji,japan,none,6.0,-0.2499545342249763,1.041682233953208,-0.0173936399999996,292.5,-1.5491021363947368,-0.079412362324696
802,3.0,shanghai,china,light,6.0,-0.2821202004983947,1.047538474542895,-0.0161671445789478,312.0,-2.029074788157895,-0.0874680161966813
803,2.0,interlagos,brazil,heavy,6.0,-0.3142858667718129,0.7893255042323433,-0.023917621789473,331.5,-2.0652993603157896,-0.1177082315566408
804,4.0,melbourne,australia,none,6.0,0.1761368745757331,0.7683755806666553,-0.0130543478947379,0.0,-1.6646093833157898,-0.0731674527966887
805,2.0,sepang,malaysia,heavy,7.0,0.1439712083023148,0.8773470242115557,-0.0172219357894743,19.5,-1.8429634346842108,-0.0646605861682666
806,3.0,shanghai,china,heavy,8.0,0.1116966823466392,0.6975477864696401,-0.0159265989473678,29.25,-1.7348044718684212,-0.0691085087900464
807,1.0,bahrain,bahrain,none,7.0,0.0795310160732209,0.6780140482187316,-0.0181952895789484,48.75,-2.330122955894737,-0.0825744647247639
808,6.0,catalunya,spain,light,7.0,0.0473653497998027,0.7899827249447737,-0.0167807916315786,68.25,-1.9676744449473689,-0.1031571130921548
809,5.0,monaco,monaco,none,6.0,0.0151996835263844,0.5618505495302322,-0.0166012783684209,87.75,-1.4064871945,-0.0476526783850206
810,2.0,istanbul,turkey,none,7.0,-0.0169659827470338,0.6875553630360878,-0.0132515842105262,107.25,-2.5776937046315798,-0.1079686743518872
811,2.0,silverstone,united-kingdom,none,6.0,-0.0491316490204521,0.7650831905645676,-0.0120857810526315,126.75,-0.82493043,-0.0879259912296426
812,2.0,nurburgring,germany,light,6.0,-0.0812973152938703,0.7739161837972774,-0.0300748864736839,146.25,-2.464591888631579,-0.0962003420918099
813,3.0,hungaroring,hungary,none,7.0,-0.0949069578568893,0.93559609997154,-0.0270287357894731,165.75,-2.0766202808187137,-0.0891016373350173
814,2.0,valencia,spain,none,7.0,-0.0618623658722235,0.8498823451191644,-0.0160617182631588,185.25,-3.2571263497368426,-0.0896998678126426
815,6.0,spa-francorchamps,belgium,none,7.0,-0.0940280321456418,0.6975592495962908,-0.0147956158421055,204.75,-1.8193142095789476,-0.1021500091519976
816,4.0,monza,italy,light,6.0,-0.1205296209379458,0.5377889239679051,-0.0202540937368418,224.25,-2.836321923263158,-0.090062560563041
817,6.0,marina-bay,singapore,light,7.0,-0.1526952872113641,0.9305744367355206,-0.0209753905263161,243.75,-1.6152593401052635,-0.094596080544614
818,2.0,suzuka,japan,none,8.0,-0.1848609534847823,0.7024113104660382,-0.0296604802958371,263.25,-2.148046198280014,-0.0580816499326964
819,6.0,interlagos,brazil,heavy,9.0,-0.2076581694941593,0.931148927749565,-0.0039164378947369,282.75,-2.4555861024736845,-0.0541012204963424
820,2.0,yas-marina,united-arab-emirates,none,7.0,-0.2398238357675776,0.987657934557802,-0.0148773933684208,302.25,-1.3942226218421054,-0.0648199974092817
821,7.0,bahrain,bahrain,none,6.0,0.31955078645773,0.7774105462421539,-0.0032155816403157,0.0,-0.5055693489690383,-0.1146018813012186
822,9.0,melbourne,australia,moderate,7.0,0.2876372652603097,0.906359408107233,-0.0046970223809524,50.5,-0.3397255897939017,-0.0777786522914684
823,5.0,sepang,malaysia,light,6.0,0.2557237440628894,0.7675239539888166,-0.011707289,101.0,-0.5543370360559006,-0.0648729834371228
824,6.0,shanghai,china,moderate,6.0,0.2238102228654691,1.1263955634944292,0.0026140178787881,151.5,-0.5918907073461321,-0.0758407100945114
825,4.0,catalunya,spain,light,6.0,0.1918967016680487,-0.1376821246071581,-0.0056510197142858,202.0,-0.4581737381298701,-0.0319751707161082
826,9.0,monaco,monaco,light,7.0,0.1599831804706284,0.0022501284107763,0.0103346657608697,252.5,-0.621451759486166,-0.072324409355128
827,4.0,istanbul,turkey,none,6.0,0.128069659273208,0.0481750579592234,0.0038957123418974,303.0,-0.4272430726844532,-0.0794788033349313
828,5.0,montreal,canada,none,6.0,0.0961561380757877,0.2415099468350319,0.0051480213043472,353.5,-1.3532057601449277,-0.099308098880505
829,3.0,valencia,spain,none,5.0,0.0642426168783674,0.0359776935429832,0.0007600681314699,404.0,-0.9195460363791644,-0.0873142205803929
830,4.0,silverstone,united-kingdom,light,7.0,0.0674626430296474,0.1517756172061271,-0.0077288966059665,454.5,-0.7005957065189159,-0.0498468238469132
831,5.0,hockenheimring,germany,none,6.0,0.0368984295671411,0.1506130072876255,-0.0035177394664029,505.0,-0.7978686057773388,-0.0709325962823679
832,5.0,hungaroring,hungary,light,7.0,0.0049849083697207,0.4632506426488167,-0.0009225012549405,555.5,-0.8839445748583664,0.0541413383908105
833,4.0,spa-francorchamps,belgium,heavy,6.0,-0.0269286128276995,0.3322697264106683,-0.0037247420652173,606.0,-0.7224237268478262,-0.2588425871253607
834,4.0,monza,italy,none,6.0,-0.0588421340251199,0.1268098967438702,-0.0053017986067192,656.5,-0.4486760509947298,-0.0581270210805862
835,8.0,marina-bay,singapore,heavy,7.0,-0.1362567860863887,0.4019939720905126,-0.0014758994104085,707.0,-0.2615349929808959,-0.0058446678978057
836,6.0,suzuka,japan,none,6.0,-0.1486962479724547,0.3977803896517153,0.0020556271541503,757.5,-0.6153741784584981,-0.0963464971338851
837,9.0,yeongam,south-korea,moderate,6.0,-0.1806097691698751,0.3523799453492815,0.00214078784585,808.0,-0.4350655107180501,-0.0746885412455437
838,1.0,interlagos,brazil,light,6.0,-0.2292987342088221,0.4345111774968458,0.0007386098023715,858.5,-0.5996731623155467,0.093163455608039
839,3.0,yas-marina,united-arab-emirates,light,6.0,-0.2612122554062424,0.4597857590909134,0.00187565513834,909.0,-0.5525079883069829,-0.0621354396016018
840,5.0,melbourne,australia,none,7.0,0.1676743351858198,0.7359891842846203,-0.0111410076987925,0.0,-0.6865435866757803,0.0236333633773004
841,7.0,sepang,malaysia,heavy,6.0,0.1697520999011625,0.959143680466104,0.0003890491428568,50.5,-0.5016759322267081,-0.0283371093633981
842,1.0,shanghai,china,none,7.0,0.1378385787037422,0.6128453902220125,-0.0113457184658385,101.0,-0.5578720014855072,-0.0125093005957431
843,1.0,istanbul,turkey,none,5.0,0.1059250575063219,0.1029342456643063,-0.0045772556315787,151.5,-0.8066348174079467,-0.0480444235365672
844,3.0,catalunya,spain,none,6.0,0.0740115363089015,-0.3110859518448688,0.0002567139826842,202.0,-0.2876177138170525,-0.0358689579127944
845,5.0,monaco,monaco,none,6.0,0.0420980151114812,-0.296144151500414,-0.0006147136363635,252.5,-0.5645437574069264,0.0438587973804318
846,6.0,montreal,canada,heavy,5.0,0.048973696267117,-0.1260078843859209,-0.0069887227484473,303.0,-0.3106683942318841,-0.0909466306511357
847,0.0,valencia,spain,none,6.0,-0.0203797195484454,-0.6025887280268669,-0.0010563888012423,353.5,-0.262516147452381,-0.0006578706167268
848,5.0,silverstone,united-kingdom,light,7.0,-0.038174543265607,-0.6345118886649264,0.0022533745454541,404.0,-0.1967570466633728,-0.0233890339553757
849,4.0,nurburgring,germany,moderate,6.0,-0.0236694388019326,-0.5359928921219086,-0.0046749893261813,454.5,-0.2123795311857707,0.0141594884187208
850,4.0,hungaroring,hungary,light,6.0,-0.1006522779255337,-0.3253356474200243,-0.0028816589751552,505.0,-0.3085957825682289,0.0458809734705794
851,5.0,spa-francorchamps,belgium,light,7.0,-0.1178367374105937,-0.6179193323085175,0.0047705869071145,555.5,-0.2638102833399209,0.0266031605325244
852,8.0,monza,italy,light,5.0,-0.149750258608014,-0.4521659607248498,0.0008930227202145,606.0,-0.3555031930585357,-0.0003259587281217
853,3.0,marina-bay,singapore,moderate,5.0,-0.1816637798054344,-0.7246354548494887,-0.0001444020652173,656.5,-0.2554463190513834,0.0989834651097498
854,1.0,suzuka,japan,none,6.0,-0.2135773010028547,-0.7855850874248522,-0.0023066801459622,707.0,-0.2283059941770186,-0.0225108643735569
855,3.0,yeongam,south-korea,light,6.0,-0.2454908222002751,-0.801616086171252,-0.0011695182298136,757.5,-0.5645930501438923,0.0234954310541811
856,5.0,buddh,india,none,6.0,-0.2910982078153545,-0.691691523408744,-0.0088780541897233,808.0,-0.5249725652371542,-0.0188010573367198
857,4.0,yas-marina,united-arab-emirates,none,5.0,-0.3079685568602018,-0.7216679959919843,-0.0076208734285714,858.5,-0.2521156743433089,0.0073675076513908
858,4.0,interlagos,brazil,heavy,6.0,-0.3398820780576221,-0.6836042369615549,-0.0047957241863718,909.0,-0.5306800955930587,-0.0135798849971637
859,6.0,melbourne,australia,none,7.0,0.2554081784884198,-0.6982642799871306,-0.0099317322510821,0.0,-0.6520550510606061,-0.067966463672742
860,2.0,sepang,malaysia,heavy,6.0,0.2234946572909995,-0.6530146690757578,-5.280606719293424e-05,50.5,-1.106504856849473,-0.0807258536055949
861,1.0,shanghai,china,none,6.0,0.1915811360935791,-0.740437657493503,-0.012930301667701,101.0,-0.9961026233447204,-0.1135821957248046
862,2.0,bahrain,bahrain,none,8.0,0.1596676148961587,-0.7905797122874084,0.0012636958399217,151.5,-0.6021476607509881,-0.0759261354571711
863,5.0,catalunya,spain,moderate,7.0,0.1277540936987384,-0.8332531081466039,-0.0223828281842106,202.0,-1.741352326274981,-0.0923022461945039
864,8.0,monaco,monaco,moderate,6.0,0.0958405725013181,-0.9619017961057992,-0.0051762797826093,252.5,-0.5674095360507247,-0.0961769757770422
865,4.0,montreal,canada,none,6.0,0.0639270513038978,-0.90301676367212,0.0004487994565216,303.0,-1.0253818886956525,-0.0842170551639378
866,4.0,valencia,spain,none,7.0,0.0320135301064774,-0.8347102242409815,-0.0039541225714277,353.5,-1.6662198753715418,-0.1107652716619032
867,2.0,silverstone,united-kingdom,heavy,7.0,0.0001000089090571,-0.7395805869220318,-0.0482480017368418,404.0,-0.8121533439482006,-0.1139448707244846
868,1.0,hockenheimring,germany,none,7.0,-0.0318135122883632,-0.6994108875927767,-0.0441211456055894,454.5,-1.6117385124461698,-0.1048255703694126
869,2.0,hungaroring,hungary,moderate,6.0,-0.0637270334857835,-0.7100925585385796,-0.0049228803757765,505.0,-1.6100953357298138,-0.1134541445494629
870,6.0,spa-francorchamps,belgium,none,7.0,-0.0956405546832039,-0.7177045899034673,-0.0077726700305851,555.5,-0.9321237778971392,-0.0977541444491721
871,2.0,monza,italy,none,7.0,-0.1279076372418021,-0.6946468220850759,-0.0156116895559004,606.0,-0.7289292784968944,-0.095008889162101
872,5.0,marina-bay,singapore,moderate,7.0,-0.1581182893431305,-0.628351110592445,0.0034861775691702,656.5,-0.2998032244598155,-0.0544043571161182
873,5.0,suzuka,japan,none,5.0,-0.1900318105405508,-0.6780552520962211,-0.01485774533785,707.0,-0.8966179194075852,-0.0427040978502857
874,4.0,yeongam,south-korea,none,6.0,-0.2219453317379712,-0.7525327568704063,-0.0084634960675055,757.5,-1.3937963485003817,-0.0654087529738957
875,2.0,buddh,india,none,7.0,-0.2538588529353915,-0.5988199298332187,-0.0035372961459629,808.0,-0.5773860178385093,-0.1053923948288085
876,7.0,yas-marina,united-arab-emirates,none,7.0,-0.2857723741328119,-0.4553376181867319,-0.0227936166469616,858.5,-1.0170604420614036,-0.0829851746816399
877,2.0,austin,united-states-of-america,none,7.0,-0.3176858953302322,-0.4766484806031991,0.0006223550691698,909.0,-0.7994809176745717,-0.0711365471338567
878,5.0,interlagos,brazil,heavy,6.0,-0.3495994165276525,-0.2581604643003814,-0.0042848491577262,959.5,-0.7289365050988142,-0.0930812480519972
879,3.0,melbourne,australia,light,6.0,0.0838373550645383,-0.6397146603520616,0.0024962552857141,0.0,-0.2065929347142857,-0.0790753710898011
880,4.0,sepang,malaysia,moderate,6.0,0.0519665488162554,-1.2466986853543385,-0.0175595691774891,50.5,-0.8033400773593073,-0.057107723561687
881,4.0,shanghai,china,none,7.0,0.0200957425679726,-1.7612254783738843,-0.0126079950259738,101.0,-1.203683241987013,-0.0209403317800553
882,1.0,bahrain,bahrain,none,6.0,-0.0117750636803101,-1.7898852126493,-0.0146895868628394,151.5,-1.3031974618925724,-0.0619004405503099
883,3.0,catalunya,spain,light,6.0,-0.0436458699285929,-2.0812485067562894,-0.0096744116705393,202.0,-0.6249947966500342,-0.0419425989986498
884,6.0,monaco,monaco,none,7.0,-0.0755166761768758,-2.2203903827899305,0.0060473372727279,252.5,-0.6501895744155846,-0.109499126555034
885,2.0,montreal,canada,light,8.0,-0.1073874824251586,-1.938935949372944,-0.0243343034805192,303.0,-0.9056000032813852,0.0076360681094087
886,2.0,silverstone,united-kingdom,none,7.0,-0.1392582886734414,-1.7917106797679894,-0.0148733359913421,353.5,-0.4715461185844156,-0.0651933055649362
887,3.0,nurburgring,germany,none,7.0,-0.1711290949217242,-1.782825869699952,-0.0062081195757569,404.0,-0.4686820118961039,-0.096703640151495
888,3.0,hungaroring,hungary,none,6.0,-0.202999901170007,-1.7687648117918469,-0.0018093398051946,454.5,-0.9682016146796536,-0.0680786846262893
889,3.0,spa-francorchamps,belgium,moderate,6.0,-0.2348707074182898,-1.7489002454781415,-0.0107523191341991,505.0,-1.3000477757532467,-0.1995994803424734
890,2.0,monza,italy,heavy,6.0,-0.2667415136665726,-1.6539434325444728,-0.0114777126832234,555.5,-1.2405885024515837,-0.0862238024372704
891,2.0,marina-bay,singapore,light,7.0,-0.2986123199148555,-1.5385203716014642,0.0017503002597406,606.0,-0.3807806827272728,-0.0426709903072662
892,2.0,yeongam,south-korea,light,6.0,-0.3304831261631383,-1.5590909218171924,-0.01316761528617,656.5,-1.23383806365892,-0.0623318920782811
893,3.0,suzuka,japan,none,6.0,-0.3623539324114211,-1.252565572639559,-0.004827428324675,707.0,-0.708201239069264,-0.0862633925283835
894,3.0,buddh,india,none,6.0,-0.3942247386597039,-1.353589777608465,-0.004486558467532,757.5,-1.2807739245541128,-0.0396716405202902
895,1.0,yas-marina,united-arab-emirates,none,7.0,-0.4260955449079867,-1.5599447802576911,-0.023746377030455,808.0,-1.567558482335384,-0.0700882958063199
896,1.0,austin,united-states-of-america,none,8.0,-0.4300802675950904,-1.4680784194711716,-0.0178857503167005,858.5,-3.4981516597493734,-0.0110205510163139
897,3.0,interlagos,brazil,heavy,6.0,-0.4619510738433732,-1.4080417890876915,-0.0385059828981539,909.0,-0.9408261212964228,-0.0331230011448003
898,7.0,melbourne,australia,light,7.0,0.0605380152522111,-1.2512233483714523,-0.0292693238398269,0.0,-0.3990744266060606,-0.0202485717331942
899,6.0,sepang,malaysia,light,6.0,0.0286672090039283,-0.4752702472469782,-0.0199891089999999,50.5,-0.4038830670952381,0.0847622196362917
900,5.0,bahrain,bahrain,none,6.0,-0.0032035972443544,-1.1710695383896723,-0.0192404827751195,101.0,-0.7791365423923445,-0.0314177936832197
901,2.0,shanghai,china,light,7.0,-0.0350744034926372,-1.259918953614556,-0.002922886622465,151.5,-0.9075031546874004,0.058330650417607
902,2.0,catalunya,spain,none,7.0,-0.0669452097409201,-1.2128229384684204,-0.0168026747484619,202.0,-0.6562802074889497,0.0246316734765711
903,7.0,monaco,monaco,light,6.0,-0.0988160159892029,-1.030385240107209,-0.001392445857143,252.5,-0.7114973395714287,-0.0161875881797206
904,8.0,montreal,canada,none,6.0,-0.1306868222374857,-0.8761544910175286,6.0374017315872885e-05,303.0,-1.1121187214155843,-0.05141050974674
905,3.0,spielberg,austria,light,7.0,-0.1625576284857685,-0.9901776129690149,-0.0122333158441558,353.5,-1.107369336017316,-0.0864829162447021
906,5.0,silverstone,united-kingdom,none,5.0,-0.1944284347340513,-0.9832736313904524,-0.0276628673160173,404.0,-0.5480975176572448,0.0037078222884893
907,4.0,hockenheimring,germany,light,7.0,-0.2262992409823341,-0.8803188628149989,-0.0094436039314192,454.5,-0.6366278881408065,-0.0299871196059475
908,6.0,hungaroring,hungary,moderate,7.0,-0.258170047230617,-0.9363724108544528,-0.0051099259740257,505.0,-0.4497268571428571,-0.0099004287804674
909,4.0,spa-francorchamps,belgium,light,5.0,-0.2775399497672581,-0.885335710975033,-0.0004903671007064,555.5,-0.4241690405383914,0.1501542619662046
910,2.0,monza,italy,none,6.0,-0.3204396876527311,-0.8120980977654949,-0.0144435533690285,606.0,-0.8063253156527683,-0.0031329249483502
911,4.0,marina-bay,singapore,light,6.0,-0.3523104939010139,-0.8977925626511603,0.0004489028571429,656.5,-1.362743297904762,-0.085931561508024
912,1.0,suzuka,japan,heavy,5.0,-0.3841813001492967,-0.8800896976165932,-0.0157985099131918,707.0,-0.3866110463836865,0.0202227728829691
913,2.0,sochi,russia,none,6.0,-0.4245898603926987,-1.2657651253410265,-0.0151764948638262,757.5,-0.9881917734962404,-0.0359261548948366
914,3.0,austin,united-states-of-america,none,7.0,-0.5064494930890012,-1.0864018968737943,-0.0230703567303919,807.0,-1.277874740874183,0.0603105643652039
915,1.0,interlagos,brazil,light,5.0,-0.5382063928062505,-1.088570662445386,-0.030865110868347,857.5,-1.0463361019738564,-0.0459832714078497
916,3.0,yas-marina,united-arab-emirates,none,5.0,-0.4970454839817336,-1.074016098474362,-0.0383416020196079,908.0,-0.7520178285686275,-0.0100437038822173
917,4.0,melbourne,australia,none,7.0,0.0759417454920336,-0.8499721375029007,-0.0308825230769229,0.0,-0.3930683662197802,0.053786081420591
918,4.0,sepang,malaysia,moderate,7.0,0.0054755735079997,0.2647736968335766,-0.0321151681114552,50.5,-0.8692132750911593,-0.0519341215921916
919,3.0,shanghai,china,none,6.0,-0.026343974801318,-1.0004356270887138,-0.0089350393391808,101.0,-1.1126053534210525,0.0387815904291204
920,2.0,bahrain,bahrain,none,7.0,-0.0581635231106358,-0.8859091040943016,-0.0131006069625042,151.5,-0.442050822882697,-0.0195868321694617
921,2.0,catalunya,spain,none,5.0,-0.0899830714199536,-0.8100239809513285,-0.0172054641470588,202.0,-0.5026847228614552,-0.0096594942268803
922,3.0,monaco,monaco,light,7.0,-0.1218026197292714,-0.7279255811658855,-0.0199391210526316,252.5,-0.6847704613157896,-0.022324670306879
923,3.0,montreal,canada,none,6.0,-0.1536221680385892,-0.6498847197943735,-0.0123344758421052,303.0,-0.8379542382105263,-0.0294004800381263
924,6.0,spielberg,austria,light,7.0,-0.185441716347907,-0.6582705719300632,-0.0242465149064324,353.5,-1.1124018118070176,-0.0706567815847108
925,6.0,silverstone,united-kingdom,light,6.0,-0.2172612646572248,-0.301259298099957,-0.0168337412076022,404.0,-0.5654252889210527,-0.0654456521670038
926,4.0,hungaroring,hungary,none,6.0,-0.2490808129665426,-0.3664298639981835,-0.014241353078431,454.5,-1.051954160090815,-0.0082534709011621
927,3.0,spa-francorchamps,belgium,heavy,7.0,-0.2809003612758604,-1.1586168576111162,-0.0281618573168216,505.0,-0.6285641409563124,-0.0175825224360013
928,2.0,monza,italy,none,5.0,-0.3127199095851782,-1.1266016386715594,-0.0196637116491227,555.5,-0.5584303346491228,-0.0748961032698579
929,5.0,marina-bay,singapore,light,6.0,-0.3251094265117358,-1.1641528004910129,-0.0042956968421055,606.0,-0.6874405746842106,-0.0028788376938242
930,0.0,suzuka,japan,none,7.0,-0.3569289748210537,-1.0325610903224562,-0.0204138707894735,656.5,-0.6894223548070176,-0.0785078035281851
931,5.0,sochi,russia,moderate,7.0,-0.4049402159493379,-1.0881914135905624,-0.0189472678128649,707.0,-0.1953971319298245,-0.0160932253298784
932,8.0,austin,united-states-of-america,heavy,7.0,-0.4189489021577927,-0.9533429471108236,-0.0312197723333331,757.5,-0.2504074995438596,0.0339289045664146
933,4.0,mexico-city,mexico,light,6.0,-0.4507684504671104,-1.2824003634772003,-0.0106614382982456,808.0,-0.7943365765964913,-0.0445464440657226
934,1.0,interlagos,brazil,light,6.0,-0.4825879987764282,-1.106280128809903,-0.0218829971461984,858.5,-1.1992163462807015,-0.0239418921172997
935,1.0,yas-marina,united-arab-emirates,none,6.0,-0.5273609013409194,-1.0093167132648386,-0.0109162858187134,909.0,-1.3277427620701754,0.0176218585900037
936,5.0,melbourne,australia,none,6.0,-0.0040782029523645,-1.0628532193544036,-0.0071726777142858,0.0,-0.5217080711428572,0.0064821863132009
937,3.0,bahrain,bahrain,none,7.0,0.0105688765133791,-1.369778702966519,-0.0123686036725143,50.5,-0.5789603725263157,0.0447065203822887
938,0.0,shanghai,china,moderate,6.0,-0.0663529184179405,-1.5491084931454076,0.0018390398268399,101.0,-0.4027935184848485,0.0045874223064183
939,4.0,sochi,russia,light,6.0,-0.0982237246662232,-1.5921792634801648,-0.0131312064989747,151.5,-0.7882914548427887,0.0500351055674134
940,5.0,catalunya,spain,none,7.0,-0.1300945309145061,-1.4950626412074286,-0.0021567876623376,202.0,-0.5256015032380953,0.0241360340642425
941,7.0,monaco,monaco,heavy,7.0,-0.1619653371627889,-1.379346652117048,0.0001525334632037,252.5,-0.6136500813419914,-0.0425473924172265
942,3.0,montreal,canada,light,6.0,-0.1938361434110717,-1.3610790346722663,-0.0038978637229438,303.0,-1.0460344033766236,-0.0326667274836698
943,4.0,baku,azerbaijan,none,6.0,-0.2257069496593545,-1.2334449737479407,-0.012112777142856,353.5,-0.9029897572727276,0.0597417489926405
944,2.0,spielberg,austria,light,7.0,-0.2575777559076374,-1.1576128193121344,-0.0290238512857146,404.0,-1.1938882426320347,-0.0105278884109928
945,5.0,silverstone,united-kingdom,light,7.0,-0.2894485621559202,-1.4358443260593632,-0.0069542043021186,454.5,-0.7587205397464115,0.0822158266923973
946,1.0,hungaroring,hungary,light,7.0,-0.3213193684042029,-1.4302941680706387,-0.0022186989428114,505.0,-0.3203378414534062,-0.1358160898715679
947,2.0,hockenheimring,germany,light,5.0,-0.3531901746524858,-1.3405414855806816,-0.0089618779817723,555.5,-0.8104904546119845,-0.0337077094217537
948,5.0,spa-francorchamps,belgium,light,6.0,-0.3673973160073506,-1.286741128338378,-0.001683337402597,606.0,-1.1345992612121212,-0.0305501880169243
949,4.0,monza,italy,none,6.0,-0.3992681222556334,-1.7627678526201,-0.0039732257705629,656.5,-1.7626811035367966,0.0079415026087397
950,3.0,marina-bay,singapore,heavy,7.0,-0.4311389285039162,-1.553037818251729,-0.0050454769999998,707.0,-0.2838210826666667,-0.016606017114884
951,6.0,sepang,malaysia,none,6.0,-0.463009734752199,-1.804584915037994,0.0026110783549784,757.5,-0.7952542450649351,-0.017670611607241
952,0.0,suzuka,japan,light,5.0,-0.4948805410004818,-1.6705372245743488,-0.0065594628571423,808.0,-0.982295373982684,-0.0025350599733724
953,4.0,austin,united-states-of-america,none,6.0,-0.5267513472487646,-1.5693409075966214,-0.003023832681932,858.5,-0.4971308383925723,0.0540135594234686
954,1.0,mexico-city,mexico,none,6.0,-0.5586221534970475,-1.5234272210983806,0.0023802190043296,909.0,-0.5801812516883117,-0.0192916889945115
955,5.0,interlagos,brazil,heavy,6.0,-0.5904929597453302,-1.5465561824754954,-0.0070378094302425,959.5,-1.05311932997995,0.0153021477993254
956,5.0,yas-marina,united-arab-emirates,none,6.0,-0.6223637659936131,-1.8312315070496163,-0.003958828100706,1010.0,-0.5166930033929141,0.066781525016411
957,7.0,melbourne,australia,none,7.0,-0.0232728004751151,-1.7261853066030726,-0.0140950026315786,0.0,-0.291481852754386,0.0209292437765631
958,5.0,shanghai,china,heavy,7.0,-0.0550923487844328,-1.3245121967249307,-0.0112793445263159,50.5,-0.7991893254736843,0.0663108184357029
959,5.0,bahrain,bahrain,none,6.0,-0.0925424792880169,-1.8453993959513324,-0.006492098245614,101.0,-0.5990375702339181,0.0278138377227755
960,3.0,sochi,russia,none,6.0,-0.1243620275973347,-2.052889095957104,-0.0125719516718265,151.5,-0.6624083291606467,0.0400208768158704
961,4.0,catalunya,spain,light,6.0,-0.1561815759066525,-1.8902287953999224,-0.0081319313099412,202.0,-0.8171474736140352,0.045811008289363
962,5.0,monaco,monaco,none,7.0,-0.188033711204469,-1.7636808327254028,-0.0163866049473681,252.5,-1.318065221157895,-0.0384036075658486
963,4.0,montreal,canada,light,6.0,-0.2182015032433915,-1.610124161839641,-0.0022919993157893,303.0,-1.1897549727894738,0.0109859654245853
964,6.0,baku,azerbaijan,none,5.0,-0.2500210515527092,-1.3668368572509366,-0.0104018431578946,353.5,-0.5226708924210527,0.0243148947809852
965,4.0,spielberg,austria,light,6.0,-0.281840599862027,-1.92354790133476,-0.0141577637647059,404.0,-1.0492050366522188,-0.0341933847013958
966,2.0,silverstone,united-kingdom,light,7.0,-0.3136601481713449,-1.8306598332925796,-0.0238533604024762,454.5,-0.6275030111489508,0.0679579776011421
967,3.0,hungaroring,hungary,none,6.0,-0.2973054247784077,-1.762796094025603,-0.011423539382353,505.0,-0.5598630954287926,0.0379152713871838
968,3.0,spa-francorchamps,belgium,light,6.0,-0.3756800755080838,-1.5694043215962292,-0.0158392357894735,555.5,-0.5532352030000001,0.0548231964826329
969,2.0,monza,italy,none,6.0,-0.4074996238174017,-1.6358359620548706,-0.0433164382105266,606.0,-0.8717136518684211,0.0571179586610082
970,8.0,marina-bay,singapore,heavy,6.0,-0.4393191721267194,-1.6766367587397322,-0.0079062007843138,656.5,-0.2357427556336429,0.0195679612957455
971,1.0,sepang,malaysia,heavy,6.0,-0.4290604140101325,-2.37063581493254,-0.0208589430409356,707.0,-0.5136351941520467,0.0179157510109596
972,5.0,suzuka,japan,moderate,6.0,-0.4608799623194503,-1.8543995970083744,-0.0286570263157897,757.5,-0.7308055004210527,0.0581853950261899
973,4.0,austin,united-states-of-america,heavy,7.0,-0.4968085096049381,-2.011588369881312,-0.0339187725686273,808.0,-0.8629189710964913,0.0162436880119147
974,5.0,mexico-city,mexico,light,6.0,-0.4881745033180558,-1.728049847877655,-0.0385319280833337,858.5,-0.7874100993026316,-0.042701487763443
975,4.0,interlagos,brazil,none,7.0,-0.5199940516273737,-1.1286875032530144,-0.0235493059803915,909.0,-1.2275733984633643,-0.0107961404354662
976,2.0,yas-marina,united-arab-emirates,none,6.0,-0.5518135999366914,-2.3703741958215154,-0.0073414721568628,959.5,-0.4998075102889577,0.0558116539836297
977,5.0,melbourne,australia,moderate,6.0,-0.0128548445950298,-2.1271534201600883,-0.0158392357894733,0.0,-0.6290201943947369,0.0665823059150025
978,3.0,bahrain,bahrain,none,7.0,-0.0446743929043476,-1.8680343906346009,-0.0147607957894737,50.5,-1.0567605493157897,0.020110814419527
979,0.0,shanghai,china,none,6.0,-0.0764939412136654,-1.5832581058192787,-0.004316782105263,101.0,-0.9501238434210526,-0.0067123384989929
980,6.0,baku,azerbaijan,light,6.0,-0.1083134895229832,-1.4670039399693289,-0.0102886077894738,151.5,-0.6869139580789474,-0.0231369106313954
981,6.0,catalunya,spain,heavy,6.0,-0.1401330378323011,-1.5065519851267108,-0.0068215277777777,202.0,-1.0905513959064328,-0.020179664781446
982,1.0,monaco,monaco,light,7.0,-0.1719525861416188,-1.4839323382447158,-0.0050462083508773,252.5,-0.8953229481929825,-0.014225491632838
983,3.0,montreal,canada,none,5.0,-0.2037721344509366,-1.417399588577413,-0.0110943405263157,303.0,-0.9416373594736842,-0.0081991564718338
984,3.0,paul-ricard,france,none,6.0,-0.2355916827602544,-1.2932168596516678,-0.0118477989473682,353.5,-0.9740552274736844,0.033657816499817
985,5.0,spielberg,austria,none,5.0,-0.2674112310695722,-1.1933776816176422,-0.0174226691871344,404.0,-1.7697918938421051,0.0062378102733476
986,5.0,silverstone,united-kingdom,none,6.0,-0.29923077937889,-1.1602616958174323,-0.0026790934678361,454.5,-0.4944479497543859,0.0237464533708365
987,4.0,hockenheimring,germany,light,7.0,-0.3310503276882078,-1.074758467987745,-0.0271746600196072,505.0,-1.188982881018576,-0.0133808546557027
988,3.0,hungaroring,hungary,none,6.0,-0.3628698759975256,-1.2028917110216928,-0.0276392213742686,555.5,-1.1192711334912282,0.0083963296544093
989,5.0,spa-francorchamps,belgium,moderate,6.0,-0.3946894243068434,-1.136262092989019,-0.0366655440877187,606.0,-0.4813391720701754,0.0078604418428183
990,3.0,monza,italy,light,8.0,-0.4265089726161611,-1.042592412656206,-0.0231284679064322,656.5,-1.3085210979122808,0.0750623897608863
991,1.0,marina-bay,singapore,light,6.0,-0.458328520925479,-0.8359732894425942,-0.002202072631579,707.0,-0.734299989631579,0.0609356414470996
992,2.0,sochi,russia,none,5.0,-0.4901480692347968,-0.980740125480875,-0.0502626768333331,757.5,-0.392739779381579,0.0162237064188815
993,3.0,suzuka,japan,none,7.0,-0.5219676175441145,-0.8234273650747155,-0.0251988036608183,808.0,-1.2944082861578947,0.0421377309768787
994,4.0,austin,united-states-of-america,none,7.0,-0.5537871658534324,-0.7536021785279828,-0.0313398044313723,858.5,-1.3146765038606814,0.0734891555392251
995,4.0,mexico-city,mexico,light,5.0,-0.5856067141627501,-0.7779117560110698,-0.0259220775294116,909.0,-0.4491353856764706,-0.0159881653017442
996,2.0,interlagos,brazil,light,6.0,-0.617426262472068,-0.6778692477427737,-0.0161790658235293,959.5,-0.6288864600340558,-0.03216042441663
997,5.0,yas-marina,united-arab-emirates,light,7.0,-0.6492458107813858,-0.564665405259722,-0.0085940668039216,1010.0,-0.9036753541620228,-0.0038562631604828
998,3.0,melbourne,australia,none,7.0,-0.0727507210136384,-0.3313075523971825,-0.0107904442105261,0.0,-0.9637670106842106,0.0098473502128503
999,1.0,bahrain,bahrain,none,7.0,-0.1045646867751482,0.3134929635582372,-0.0051920600526317,51.0,-0.4090265240526316,-0.0482509344107417
1000,2.0,shanghai,china,none,5.0,-0.1363786525366579,-0.0476871587840296,-0.0038334674210527,102.0,-0.9186992679298248,-0.0121920934869511
1001,4.0,baku,azerbaijan,none,7.0,-0.1681926182981676,-0.2743453912068254,-0.0375778394117642,153.0,-0.7881114368059856,-0.0411746325374215
1002,2.0,catalunya,spain,none,6.0,-0.2000065840596773,-0.1207196525985567,-0.0102512242105262,204.0,-0.5683162731052631,0.0017695785071046
1003,1.0,monaco,monaco,light,7.0,-0.231820549821187,-0.0698487421458902,-0.0096280032631582,255.0,-1.3106615604210528,-0.0489388317988715
1004,2.0,montreal,canada,none,6.0,-0.2636345155826967,0.007370724166264,-0.0166292270994152,306.0,-1.3921386769824562,-0.0204642444062177
1005,1.0,paul-ricard,france,none,6.0,-0.2954484813442064,0.0999615164054666,-0.0092667868128657,357.0,-1.4268042802631582,0.0195647963185831
1006,0.0,spielberg,austria,none,6.0,-0.3272624471057161,0.1346451590162569,-0.0269309178947367,408.0,-1.1342530066842107,-0.0519758457136028
1007,3.0,silverstone,united-kingdom,light,6.0,-0.3590764128672259,0.0787593374936761,-0.0096246410526314,459.0,-1.1797555948421052,-0.0343965473883233
1008,6.0,hockenheimring,germany,heavy,8.0,-0.3908903786287355,0.3082003463516826,-0.0126868321052636,510.0,-1.3127188223157895,-0.058984377943378
1009,1.0,hungaroring,hungary,light,6.0,-0.4227043443902453,-0.389410409068003,-0.0089558873684209,561.0,-0.5268937589473685,-0.0290337095495963
1010,2.0,spa-francorchamps,belgium,light,7.0,-0.454518310151755,-0.251342867439275,-0.0253645619064324,612.0,-0.9736498689824562,0.0290195218656349
1011,3.0,monza,italy,heavy,7.0,-0.4863322759132649,-0.2437537836156531,-0.0225964127368423,663.0,-1.6644995837105263,-0.0461194428655609
1012,3.0,marina-bay,singapore,none,6.0,-0.5181462416747744,-0.1820480171697017,-0.0183636315789474,714.0,-0.4174160372105263,0.0063283297428649
1013,5.0,sochi,russia,light,6.0,-0.5499657899840923,-0.0803123863247542,-0.0143884930526313,764.5,-0.9074279890526316,-0.0176042144659952
1014,1.0,suzuka,japan,moderate,6.0,-0.581779755745602,-0.0384077931047006,-0.0050543947953216,815.5,-0.7260188694824562,0.040543707280871
1015,2.0,mexico-city,mexico,heavy,5.0,-0.6135937215071117,-0.1018940320046957,-0.0079780331052633,866.5,-0.4785283235438596,-0.0127932308776869
1016,2.0,austin,united-states-of-america,none,6.0,-0.6454076872686214,-0.0289505824177631,-0.0099256625789471,917.5,-0.770535646754386,-0.0211350914693065
1017,1.0,interlagos,brazil,none,7.0,-0.6772216530301312,-0.0787368310059612,-0.0195868116959064,968.5,-1.4384798835614037,-0.0268688642385647
1018,1.0,yas-marina,united-arab-emirates,none,6.0,-0.7090412013394488,-0.0626857986428272,-0.0217736778947372,1019.0,-0.7703461142105263,0.0088514823034471
1019,7.0,spielberg,austria,none,6.0,-0.1775215700080589,0.126540074782685,-0.0063019578947368,0.0,-1.7565790039473688,-0.0522594944708172
1020,3.0,spielberg,austria,none,6.0,-0.2093355357695687,-0.0399657302760598,-0.0154859947058825,51.0,-0.8123590236181631,-0.0024954036576306
1021,1.0,hungaroring,hungary,moderate,6.0,-0.2411495015310783,-0.0229889426227367,-0.0080293381764707,102.0,-1.082565600133127,0.0521972357044631
1022,2.0,silverstone,united-kingdom,light,6.0,-0.2702387231271375,-0.2769358204829757,-0.0156892136842105,153.0,-1.0576241622222222,0.037100919850132
1023,1.0,silverstone,united-kingdom,none,7.0,-0.3020526888886473,-0.3836066513990356,-0.0074611955029237,204.0,-1.6846839374561404,-0.0011250086885284
1024,1.0,catalunya,spain,moderate,6.0,-0.3333865555386627,-0.3446744003424341,-0.0148115447660814,255.0,-1.9751029108070175,-0.0135628793158776
1025,2.0,spa-francorchamps,belgium,heavy,5.0,-0.3652005213001725,-0.4156762904160804,-0.0099761885964912,306.0,-0.8682758260233919,-0.0230464849871074
1026,4.0,monza,italy,heavy,6.0,-0.3970144870616822,-0.1965103319301787,-0.008302638017544,357.0,-1.4421249439122807,-0.0385011148665331
1027,8.0,mugello,italy,none,6.0,-0.428828452823192,-0.1843433340038809,-0.0091727842105259,408.0,-1.4739642785263158,-0.0094189249461691
1028,2.0,sochi,russia,none,7.0,-0.4606424185847017,-0.8277298290396193,-0.0090854210526316,459.0,-0.7854595855789475,-0.0032496639915969
1029,5.0,nurburgring,germany,light,6.0,-0.5159835851006029,-0.7572493474306825,,510.0,,-0.0511046653687505
1030,1.0,portimao,portugal,moderate,7.0,-0.5226735110170564,-0.6745828436689719,-0.0101113179473683,561.0,-2.963098778052632,-0.0596940232511369
1031,5.0,imola,italy,none,6.0,-0.5544874767785661,-0.7302312250401543,-0.003238342105263,612.0,-0.9258857797368424,-0.0270574026707954
1032,3.0,istanbul,turkey,light,5.0,-0.5863014425400759,-0.5619766880132226,-0.0091425193157896,663.0,-0.2025649322368421,-0.004744091811645
1033,2.0,bahrain,bahrain,light,6.0,-0.6181154083015854,-0.505781909163151,-0.0117757118627452,714.0,-1.1918146384633643,-0.0265999376475539
1034,3.0,bahrain,bahrain,none,7.0,-0.5037869134390802,-0.7228987897034436,-0.0144595578947369,765.0,-1.8408015916315792,-0.0982518598150954
1035,1.0,yas-marina,united-arab-emirates,none,6.0,-0.615389771238027,-0.5911426398371511,-0.0248321561960784,816.0,-1.0304783826377708,-0.0970905123207852
1036,2.0,bahrain,bahrain,none,7.0,-0.1800279837875648,-0.505263249144331,-0.0072775351052631,0.0,-1.569926978894737,-0.023532819872499
1037,3.0,imola,italy,light,7.0,-0.2118419495490745,-0.2640212861890358,-0.009202018631579,51.0,-0.9752559661578948,-0.0882166788810933
1038,1.0,portimao,portugal,none,7.0,-0.2436559153105841,-1.7027779435281072,-0.0137703977192981,102.0,-0.9645850348947368,-0.0596562930613497
1039,1.0,catalunya,spain,moderate,5.0,-0.2754698810720939,-1.5103218906547808,-0.0079062007843138,153.0,-0.991613716260062,-0.0406412376570913
1040,1.0,monaco,monaco,none,7.0,-0.3072838468336035,-1.563361873264702,-0.0090675510560715,204.0,-0.9600803990368076,-0.0711347617836047
1041,2.0,baku,azerbaijan,none,6.0,-0.3390978125951132,-1.2005755760340937,-0.0047905228947369,255.0,-0.6800869617368421,-0.0686459495500095
1042,0.0,paul-ricard,france,light,6.0,-0.3709173609044311,-1.7191846738412724,-0.005299576374269,305.5,-1.0531072040877194,-0.0704199679603747
1043,2.0,spielberg,austria,moderate,8.0,-0.4027313266659409,-1.690801874236297,-0.0127100170877192,356.5,-2.108732972754386,-0.0738434513973297
1044,1.0,spielberg,austria,moderate,7.0,-0.4345452924274506,-1.4294151463785882,-0.0250082014411762,407.5,-2.0347757064520127,-0.0719655754853917
1045,2.0,silverstone,united-kingdom,none,6.0,-0.4663592581889604,-1.3109692674873776,-0.0258946484210529,458.5,-1.011201379263158,-0.0590775678035105
1046,6.0,hungaroring,hungary,light,7.0,-0.4981788064982779,-1.677081742368649,-0.016311949064327,509.0,-0.7997385840935672,-0.0458644268426223
1047,0.0,spa-francorchamps,belgium,heavy,8.0,-0.5299927722597879,,-0.0327428908421054,560.0,-0.7648025837368422,-0.0869506066791453
1048,2.0,zandvoort,netherlands,none,7.0,-0.4725778795351245,-1.6045636805018475,-0.0268530201461978,585.25,-1.5887664144561404,-0.0585658994124928
1049,4.0,monza,italy,none,7.0,-0.5043918452966341,-1.4809178113324362,-0.0429992547368418,636.25,-0.9339584834502924,-0.0578214162250371
1050,1.0,sochi,russia,light,7.0,-0.6224838321926396,-1.4823480463304346,-0.0154259554736844,687.25,-1.3170188355789474,0.0880646149399112
1051,0.0,istanbul,turkey,light,7.0,-0.6542977979541491,-1.3731223396690038,-0.0220490435789475,738.25,-2.2175007947631578,-0.0639752613526315
1052,3.0,austin,united-states-of-america,light,5.0,-0.6861117637156591,-1.2968410697077937,-0.0267932350526315,789.25,-0.9329457327894736,0.0272958241660775
1053,2.0,mexico-city,mexico,none,7.0,-0.7179257294771686,-1.041526945262507,-0.0280256562105265,840.25,-0.9612732963684212,-0.0257538676247108
1054,2.0,interlagos,brazil,none,7.0,-0.7497452777864864,-1.1982146956635722,-0.025484962105263,890.75,-1.0325543571578948,-0.0425883052091171
1055,2.0,lusail,qatar,none,7.0,-0.7815592435479961,-1.4940341379675512,-0.0102723094736842,941.75,-0.8066061736842107,-0.0390120378519644
1056,5.0,jeddah,saudi-arabia,none,7.0,-0.8133732093095061,-1.2527596954125213,-0.0110705968421052,992.75,-0.8753467261578948,-0.0896057079687776
1057,4.0,yas-marina,united-arab-emirates,none,6.0,-0.8451871750710156,-1.3764385812782225,-0.0107298439215681,1043.75,-1.3421335751668388,-0.0316430209605484
1058,1.0,bahrain,bahrain,none,7.0,-0.2909647033485099,-1.3602947080668075,-0.006301957894737,0.0,-0.7513203852631579,-0.061466208700615
1059,4.0,jeddah,saudi-arabia,none,7.0,-0.3227786691100194,-1.0594034194575692,-0.0101330713725489,51.0,-2.104364715947712,-0.0355765046041492
1060,3.0,melbourne,australia,light,5.0,-0.3702129564312955,-1.3691673353370932,-0.0147211887894732,102.0,-0.8466499232105265,-0.0565930311515263
1061,2.0,imola,italy,light,6.0,-0.4020269221928052,-1.2859285822012363,-0.0313165414210513,153.0,-0.8779456971578948,-0.0511065887808477
1062,3.0,miami,united-states-of-america,moderate,7.0,-0.4338408879543149,-1.2211262224010977,-0.0059418830467828,204.0,-1.720286409292398,-0.037571350603896
1063,2.0,catalunya,spain,none,6.0,-0.4656548537158245,-1.0744318588760349,-0.0212082329558822,255.0,-0.76525650050387,-0.0025424818659113
1064,3.0,monaco,monaco,moderate,6.0,-0.4974688194773344,-1.0541345487535252,-0.004903758263158,306.0,-1.0375447041052632,-0.0546065624987386
1065,4.0,baku,azerbaijan,none,6.0,-0.529282785238844,-1.2728672198154758,-0.0026595151052629,357.0,-1.1964309317368422,0.0004496114716202
1066,3.0,montreal,canada,none,7.0,-0.5610967510003537,-1.0703308537361416,-0.0033702075263153,408.0,-0.7113140038421054,-0.0236830215424747
1067,6.0,silverstone,united-kingdom,light,7.0,-0.5929107167618635,-1.250713631469755,-0.0156431382631574,459.0,-0.918404129,0.0752299244107624
1068,3.0,spielberg,austria,moderate,6.0,-0.624724682523373,-1.2819608931492992,-0.0305126684210523,510.0,-2.167748157263158,-0.0356286916269839
1069,4.0,paul-ricard,france,none,6.0,-0.656538648284883,-1.2855371648242686,-0.0380573789411758,561.0,-1.8254754799685244,0.03211682578233
1070,0.0,hungaroring,hungary,heavy,6.0,-0.6883526140463927,-1.2033581963693054,-0.0151529581812865,612.0,-2.1524567445789478,-0.0746761829033025
1071,2.0,spa-francorchamps,belgium,light,7.0,-0.7201665798079022,-1.183525622185267,-0.0590484720350872,663.0,-1.081658185385965,0.0312183201670985
1072,2.0,zandvoort,netherlands,light,7.0,-0.7519805455694122,-1.157062918738935,-0.0077268284210521,714.0,-1.6185187998421051,-0.0520325975163457
1073,4.0,monza,italy,none,8.0,-0.7493567347277449,-1.3361212324861906,-0.0680002306078424,765.0,-1.349384583027864,0.0319143671541655
1074,6.0,marina-bay,singapore,moderate,7.0,-0.8140004729061507,-1.2670100076191413,-0.0072098866315783,816.0,-0.4250491469736842,0.0239629186634759
1075,2.0,suzuka,japan,heavy,6.0,-0.8458200212154685,-1.2653230960676694,-0.0065610252631576,866.5,-1.1465611172631578,-0.0255149635969512
1076,3.0,austin,united-states-of-america,none,7.0,-0.8776395695247861,-1.3108517364540375,-0.0578013668571428,917.0,-0.7596791232857144,0.0426607045198456
1077,1.0,mexico-city,mexico,light,6.0,-0.9094535352862958,-1.2404626976385695,-0.021663104285714,968.0,-0.7087267997932332,-0.0522440734818435
1078,3.0,interlagos,brazil,none,7.0,-0.9412675010478058,-1.1621797501946534,-0.0418075125789474,1019.0,-2.300214950842105,-0.1054463751380394
1079,1.0,yas-marina,united-arab-emirates,none,6.0,-0.9730814668093156,-1.166996851385878,-0.0421867959999996,1070.0,-1.4356704454832538,-0.0296236213050804
1080,3.0,bahrain,bahrain,none,6.0,-0.3199476528624049,-0.672671554530012,-0.0081528130526314,0.0,-1.2807195272105265,-0.034331570105712
1081,2.0,jeddah,saudi-arabia,none,7.0,-0.3517672011717229,-0.9959489643826288,-0.0238439934210519,50.5,-1.886886510789474,-0.0549283755531627
1082,3.0,melbourne,australia,none,7.0,-0.3835811669332324,-0.6854007909051796,-0.007272748157894,101.5,-2.768257289789474,-0.0665550241916415
1083,2.0,baku,azerbaijan,light,6.0,-0.4153951326947424,-2.237515653938832,-0.0132937547368416,152.5,-0.7437115400000001,-0.0741465584523533
1084,0.0,miami,united-states-of-america,light,7.0,-0.4472090984562519,-2.087064214408251,-0.0208458568421057,203.5,-1.337099846263158,-0.0551630350044481
1085,1.0,monaco,monaco,moderate,7.0,-0.4790230642177618,-1.881992372554816,-0.0083697098947363,254.5,-2.7730095212105264,-0.0720427657780644
1086,0.0,catalunya,spain,heavy,7.0,-0.5108370299792714,-1.6249187492569916,-0.0122153147368419,305.5,-2.0866316056315792,-0.058030677530536
1087,2.0,montreal,canada,light,8.0,-0.5426509957407809,-1.1994711951339114,-0.0404261594411765,356.5,-2.0677910247267803,-0.0220698983727264
1088,1.0,spielberg,austria,light,8.0,-0.5744649615022909,-1.400300251088125,-0.0098204526315789,407.5,-2.113921534,-0.0686583291086318
1089,2.0,silverstone,united-kingdom,light,7.0,-0.6062789272638006,-1.5653346470941654,-0.0090151548947375,458.5,-1.4554661292518798,-0.097854277543169
1090,2.0,hungaroring,hungary,none,7.0,-0.7122355116813568,-1.5383678380921195,-0.0043679004736837,509.5,-2.385025366105263,-0.1042536773750965
1091,2.0,spa-francorchamps,belgium,moderate,5.0,-0.7440494774428665,-1.3270611850796772,-0.0145469210526309,560.5,-0.1643176318421052,-0.097277163274651
1092,3.0,zandvoort,netherlands,moderate,6.0,-0.7058108405932509,-1.1782502225619922,-0.017424855588235,611.5,-1.5634338834200208,0.3938452800081931
1093,1.0,monza,italy,none,6.0,-0.7376248063547607,-2.7907415921536645,-0.0103290491675267,662.5,-1.1355522092053665,-0.0466323120190276
1094,3.0,marina-bay,singapore,moderate,7.0,-0.7694443546640785,-2.5186020208507367,-0.0146769595321634,713.0,-2.668837838362573,-0.0577821432616107
1095,5.0,suzuka,japan,none,6.0,-0.8012583204255882,-2.3215584123294963,-0.0053530515789471,764.0,-1.9913356742105264,0.0011570797849877
1096,2.0,lusail,qatar,none,7.0,-0.8330722861870982,-2.325235249247629,-0.0212940608771924,815.0,-1.6548817794736843,-0.0571658127862602
1097,3.0,austin,united-states-of-america,light,5.0,-0.926854173245866,-1.5218859549693713,-0.0141794052631578,866.0,-0.959257499631579,-0.0812076092509442
1098,3.0,mexico-city,mexico,light,6.0,-0.9586681390073756,-1.5969850329541626,-0.0551757184285717,917.0,-2.233114998390978,-0.078966986903919
1099,5.0,interlagos,brazil,light,5.0,-0.990482104768885,-1.74589318245975,-0.0340834801754394,968.0,-1.667112339122807,-0.0987609668436896
1100,1.0,las-vegas,united-states-of-america,none,8.0,-1.022296070530395,-1.7961149487746066,-0.0253094189181281,1019.0,-1.4507378747894737,-0.0828195897170619
1101,0.0,yas-marina,united-arab-emirates,none,8.0,-1.054110036291905,-1.766163197894806,-0.1030734686666666,1070.0,-1.7805115217017546,-0.0812866497301037
1102,0.0,bahrain,bahrain,none,6.0,-0.5833629697741771,-1.7183781146357195,-0.0056121189473686,0.0,-1.7772491932631582,-0.0813733724606657
1103,2.0,jeddah,saudi-arabia,none,6.0,-0.5455036206069872,-1.8113065594081024,-0.008951847842105,51.0,-2.6375176218421053,-0.0443775171038106
1104,2.0,melbourne,australia,none,6.0,-0.6839509199455829,-1.532392822769991,-0.0115704229824559,102.0,-1.3732491353216376,-0.0736494568137705
1105,3.0,suzuka,japan,light,6.0,-0.6756000237817616,-1.697522206227524,-0.0058428884210526,153.0,-1.3487493008070175,-0.0241685634170987
1106,3.0,shanghai,china,light,7.0,-0.7074139895432712,-1.744019927794488,-0.0077720210526317,204.0,-0.6388072401052632,-0.061257944613814
1107,1.0,miami,united-states-of-america,light,6.0,-0.7392279553047811,-1.7247046935614805,-0.0118056284210529,255.0,-2.346780873631579,-0.0542845184673849
1108,1.0,imola,italy,light,6.0,-0.7710475036140991,-1.6849906707550957,-0.0117362023508773,305.5,-1.937408078263158,-0.0643391446146957
1109,4.0,monaco,monaco,none,7.0,-0.8028614693756086,-1.6342447476794189,-0.0172430210526316,356.5,-1.6643711000526316,-0.0979670181074889
1110,5.0,montreal,canada,moderate,6.0,-0.8346754351371182,-1.5977391497368874,-0.0156217953567246,407.5,-1.6114368579122809,-0.067405137100116
1111,0.0,catalunya,spain,moderate,6.0,-0.8664894008986277,-1.6956255041816284,-0.0104209741988303,458.5,-3.013406973824562,-0.0824629836895408
1112,0.0,spielberg,austria,none,6.0,-0.8983033666601377,-1.6606637317924189,-0.0055699484210522,509.5,-2.618791362894737,-0.0487916200057963
1113,1.0,silverstone,united-kingdom,light,7.0,-0.9301229149694556,-1.6673665784972354,-0.0239861043333331,560.0,-1.401601614883041,-0.1915678109489935
1114,1.0,hungaroring,hungary,light,6.0,-0.9619368807309652,-1.6218464659479712,-0.0093125931403506,611.0,-2.2686056919298245,-0.0541151478555248
1115,1.0,spa-francorchamps,belgium,none,7.0,-0.9937508464924748,-1.570603167449966,-0.0114744115789475,662.0,-1.3550366869473685,-0.0586886580397339
1116,0.0,zandvoort,netherlands,moderate,6.0,-1.0255648122539849,-1.5708847714646286,-0.0189161574853796,713.0,-1.3575150289473683,-0.0515337547223887
1117,1.0,monza,italy,heavy,6.0,-1.0242223180289851,-1.3602172379366233,-0.0062204422222224,764.0,-1.3357669754385966,-0.0497432275129841
1118,1.0,baku,azerbaijan,none,7.0,-0.9933734705577192,-0.882343099480754,-0.0151867804210527,815.0,-1.9584579776842108,-0.0216345260624204
1119,1.0,marina-bay,singapore,none,7.0,-1.0862366628179154,-1.113910747558068,-0.0131853063157898,866.0,-1.3803312376315793,-0.0867302172029926
1120,1.0,austin,united-states-of-america,none,7.0,-1.0189199694678577,-1.54249071431722,-0.0264816245789476,916.5,-1.7375352664736845,-0.0464567900723981
1121,3.0,mexico-city,mexico,light,7.0,-1.050739517777175,-1.4154389968972023,-0.0360076958571426,967.0,-1.4371795193533836,-0.0459674520991885
1122,2.0,interlagos,brazil,heavy,7.0,-1.016680244481157,-1.0136970719386755,-0.0192556774509802,1018.0,-2.383705633660131,0.1912277176700823
1123,2.0,las-vegas,united-states-of-america,none,7.0,-1.1127482800182986,-1.3433559730868945,-0.0173725547368425,1069.0,-1.2337897292894735,-0.0834193525762979
1124,5.0,lusail,qatar,none,6.0,-1.144562245779808,-1.60050425810693,-0.008073258947368,1120.0,-0.9722681203684213,-0.0638737801645419
1125,3.0,yas-marina,united-arab-emirates,none,8.0,-1.1021384858987249,-1.3195275576380117,-0.0577227463516479,1171.0,-2.508957861082707,-0.0801165395355195
