raceId,Bgap_mean,Bgap_median,Bgap_std,Bgap_var,First_ten_gap,gapWeightedSum
421,478.6,388.0,367.5785630310886,135113.99999999997,3793.0,0.11416134884100938
422,338.28,263.0,307.97422229790595,94848.1216,3502.0,0.14112303071929067
423,376.44,248.0,475.6386090300072,226232.08640000003,2488.0,0.028183241652209513
424,228.2,170.5,186.8062097468925,34896.56,2233.0,0.037541612538645006
425,475.52,187.0,598.4806175641781,358179.0496,1978.0,-0.05961921692809467
426,721.5833333333334,215.5,1829.779515785683,3348093.0763888885,3295.0,0.10663968349939029
427,415.24,257.0,411.32870359361016,169191.30240000002,3239.0,0.08788578469434223
428,297.61538461538464,185.5,396.2992339637268,157053.0828402367,1348.0,-0.07121983848428522
429,436.84615384615387,181.5,600.3991423857257,360479.13017751486,3343.0,0.11129630578606367
430,574.8461538461538,326.5,1036.4617582580463,1074252.9763313606,2295.0,-0.02533610385746149
431,443.61538461538464,208.5,588.6121275393418,346464.2366863905,2951.0,0.06248395494273934
432,504.04,302.0,670.1200179072403,449060.8384,2368.0,-0.02344401660028083
433,474.8888888888889,332.0,651.9827499043511,425081.5061728396,2033.0,-0.050349173602794714
434,377.3333333333333,137.0,565.3916374546972,319667.7037037037,2984.0,0.09510847032327052
435,399.2916666666667,235.5,517.0801420127144,267371.8732638889,2352.0,0.007229651327494591
436,338.65384615384613,197.5,418.003215142925,174726.68786982246,3317.0,0.13314910399334076
437,622.1818181818181,403.0,652.546037133406,425816.33057851245,4348.0,0.14137657051699576
438,704.8,345.0,1402.791787828828,1967824.8,3061.0,0.04023887207339236
439,771.5384615384615,464.0,985.658554968326,971522.7869822488,3755.0,0.0413943006856867
440,359.5,183.5,376.4843954269553,141740.5,3724.0,0.16525141430551848
441,553.0769230769231,306.5,705.9125530434904,498312.5325443788,4277.0,0.17221671251105283
442,317.11538461538464,203.0,294.3812712117343,86660.33284023668,2346.0,0.020764832488311666
443,445.08,310.0,472.1629312006609,222937.83360000004,2431.0,-0.010841052685021085
444,966.8076923076924,363.0,2395.6771488410723,5739269.0014792895,3286.0,0.051699372095088375
445,372.4230769230769,176.0,390.8782195830035,152785.78254437872,3539.0,0.14032787645052092
446,664.4615384615385,415.5,1010.1359097730452,1020374.5562130178,4315.0,0.15618229371442496
447,398.3076923076923,238.0,456.0051255810761,207940.67455621305,3342.0,0.1122043591211842
448,346.7307692307692,188.0,427.1518877484924,182458.7352071006,2863.0,0.07972675391547333
449,327.7307692307692,165.5,352.34364319426606,124146.04289940828,3350.0,0.13546332114879678
450,357.1923076923077,172.0,430.0504459882289,184943.38609467456,1758.0,-0.04833185958199752
451,391.1538461538461,364.5,316.7902354152316,100356.05325443788,3576.0,0.12444878931179887
452,263.61538461538464,159.5,251.2931290075209,63148.236686390526,2323.0,0.0386703401970308
453,292.88461538461536,222.0,291.25673672275894,84830.48668639053,3184.0,0.12501790008062358
454,293.61538461538464,167.0,490.57564906507673,240664.4674556213,4372.0,0.280147470004999
455,250.2692307692308,131.0,353.74170908384855,125133.19674556216,4360.0,0.2846152789416455
456,252.46153846153845,147.5,290.626277435635,84463.6331360947,4484.0,0.29052072513119703
457,230.15384615384616,173.5,220.75215693827187,48731.51479289941,3287.0,0.15842471378237927
458,231.42307692307693,202.0,213.44989919757663,45560.85946745564,3204.0,0.14720601447035533
459,190.34615384615384,134.5,228.0858378073572,52023.14940828404,2907.0,0.13534713343509616
460,207.46153846153845,142.0,233.66531469163505,54599.47928994084,2729.0,0.10808388097746359
461,324.88461538461536,247.0,306.1917859174436,93753.4097633136,4915.0,0.3058049713569397
462,191.5,140.0,152.70112840246014,23317.634615384617,2256.0,0.05370499278146801
463,319.65384615384613,213.0,351.68932337720287,123685.3801775148,4207.0,0.2342431185713333
464,242.92307692307693,146.5,215.6515927774604,46505.609467455615,3461.0,0.17215823909156333
465,183.03846153846155,134.0,204.27611042395736,41728.72928994083,2192.0,0.055936356881475274
466,150.3846153846154,106.0,179.71025331886045,32295.775147929,2380.0,0.08973987865474943
467,259.0769230769231,105.5,294.2611246282044,86589.60946745564,2646.0,0.08256956025599228
468,176.92307692307693,95.5,293.56874742972155,86182.60946745565,2738.0,0.13016696000173214
469,219.5,174.5,191.22062368655983,36565.32692307692,2324.0,0.052072906673353556
470,197.19230769230768,140.5,272.4377161326927,74222.30917159763,3094.0,0.15780873857250077
471,210.69230769230768,100.0,280.12631343608183,78470.75147928996,3207.0,0.16599011944000538
472,152.1153846153846,104.5,181.94194486641928,33102.87130177515,2725.0,0.12792221647433338
473,143.84615384615384,73.5,269.19290942594887,72464.8224852071,2384.0,0.1032673024514523
474,156.30769230769232,140.0,143.42989958399383,20572.13609467455,2086.0,0.04956917369534136
475,125.57692307692308,72.0,159.52192351786707,25447.244082840232,1833.0,0.03813098536406802
476,155.73076923076923,136.0,128.2928014325367,16459.042899408287,1826.0,0.019140081626186745
477,245.0,176.0,282.9267369152984,80047.53846153847,4588.0,0.3041845070106082
478,154.1153846153846,131.5,141.36160041187253,19983.10207100592,2020.0,0.043105373330743296
479,236.92307692307693,78.5,447.4471969772972,200208.99408284025,4997.0,0.37306538529044414
480,214.34615384615384,105.0,277.26756617829983,76877.30325443788,3679.0,0.21688119637770184
481,145.34615384615384,65.0,186.25085282359052,34689.380177514795,2406.0,0.0964346719547644
482,169.84615384615384,101.5,186.3207929078837,34715.43786982249,2276.0,0.07006159772217338
483,219.84615384615384,145.0,325.2759411174188,105804.43786982248,3478.0,0.1961475594522874
484,143.30769230769232,82.0,171.39871851930272,29377.520710059165,2192.0,0.071443579339987
485,168.46153846153845,75.5,189.4904565831606,35906.63313609467,1463.0,-0.01966004825290157
486,146.53846153846155,112.5,138.04325709140005,19055.940828402367,2032.0,0.04790021897525308
487,209.5,93.0,225.9777473728161,51065.94230769231,3462.0,0.18953280002661357
488,161.30769230769232,69.5,193.8121154486338,37563.13609467456,2252.0,0.07265440874410159
489,181.30769230769232,85.0,225.3072721061292,50763.36686390533,2261.0,0.06765151800287367
490,165.07692307692307,154.0,149.43764407757376,22331.60946745561,1365.0,-0.03491093303077225
491,135.53846153846155,103.0,115.03084227526205,13232.094674556212,1416.0,-0.01847438846494693
492,170.12,119.0,159.71482586159618,25508.8256,1880.0,0.02235415899971515
493,269.65384615384613,210.5,273.881212643462,75010.91863905326,4151.0,0.24237871938736202
494,161.80769230769232,119.5,176.1293273161185,31021.5399408284,1756.0,0.013933855463415074
495,218.84615384615384,141.5,210.34197289682865,44243.745562130185,3103.0,0.14242549002788318
496,207.84615384615384,171.0,189.70801295020408,35989.130177514795,3023.0,0.13565964203070793
497,166.32,120.0,174.4870700080668,30445.737600000008,2116.0,0.052090926780125696
498,190.96,107.0,186.03020829962,34607.2384,2223.0,0.05442873945218685
499,264.2,224.0,285.6350118595408,81587.36,3903.0,0.21800667096955567
500,177.8846153846154,132.5,160.76555479787163,25845.563609467463,2156.0,0.049647627766438274
501,215.69230769230768,137.0,259.09008965264,67127.67455621302,3457.0,0.18881469560850042
502,188.0,98.0,212.62082537845484,45207.61538461538,2490.0,0.08871200701145943
503,243.96,152.0,248.75746903359507,61880.27840000001,3614.0,0.19225145191387397
504,172.5,129.5,187.7183344186792,35238.17307692308,2420.0,0.08461132437183169
505,177.80769230769232,121.5,160.69321445411947,25822.30917159764,2027.0,0.035421055368729165
506,172.3846153846154,93.5,201.51409130401487,40607.928994082846,1757.0,0.012464131716075574
507,181.07692307692307,64.5,218.4217731956161,47708.07100591716,2461.0,0.08986376369263262
508,202.03846153846155,141.0,196.0952438856084,38453.34467455621,3130.0,0.15155553910652997
509,241.42307692307693,119.5,356.6808714843568,127221.24408284025,3911.0,0.23878874609392806
510,238.0,80.5,305.87516307247864,93559.6153846154,3829.0,0.2265226790977689
511,232.15384615384616,133.5,253.2505132970259,64135.822485207085,3488.0,0.18429728758838554
512,203.92307692307693,185.5,159.84293326140343,25549.76331360947,2180.0,0.039423372965219014
513,181.2692307692308,116.0,160.09265530942906,25629.658284023662,2577.0,0.09559429914582171
514,184.69230769230768,143.0,187.4508693027772,35137.82840236687,1925.0,0.023278640652929217
515,219.30769230769232,121.5,360.1570991868334,129713.13609467456,3914.0,0.24945598579031875
516,163.1153846153846,82.5,174.38404278688526,30409.794378698225,2318.0,0.07692560301086634
517,192.3846153846154,109.5,190.0326038671901,36112.39053254439,3058.0,0.1478223962902093
518,183.69230769230768,83.5,294.17691814892214,86540.05917159763,3071.0,0.16475908976868298
519,190.2692307692308,92.0,287.15896933343225,82460.27366863907,3335.0,0.19048700968761642
520,215.23076923076923,135.0,245.68449243386365,60360.869822485205,3403.0,0.18158498510646875
521,208.7692307692308,158.5,215.3853983502252,46390.869822485205,3201.0,0.15817560767551497
522,209.6153846153846,137.5,213.72971373336085,45680.39053254438,3152.0,0.15253420679484495
523,142.07692307692307,59.5,237.46852796770332,56391.30177514792,2585.0,0.1235275619925931
524,186.03846153846155,118.0,199.53686391033511,39814.9600591716,3074.0,0.1533271645889266
525,285.11538461538464,117.0,424.61288495641054,180296.1020710059,4992.0,0.34753275226222036
526,261.65384615384613,171.5,295.1104020672332,87090.149408284,4397.0,0.27660759867585577
527,212.0,143.5,225.67352184414204,50928.53846153846,3289.0,0.16797085823474836
528,339.9230769230769,187.5,442.2987089388732,195628.1479289941,4482.0,0.26602542840290283
529,163.15384615384616,103.0,201.05351226203285,40422.5147928994,2433.0,0.09223083262214382
530,214.3846153846154,99.0,235.79783990057064,55600.62130177514,3843.0,0.23098354395812928
531,382.4230769230769,118.5,666.2990881369049,443954.4748520709,5068.0,0.3376249950007309
532,197.30769230769232,129.0,219.5615857585939,48207.28994082839,3131.0,0.15653001007462208
533,347.7307692307692,151.5,593.0257198788851,351679.5044378698,3254.0,0.14142478421390814
534,224.88,126.0,271.44506921290724,73682.4256,3430.0,0.18315650557491656
535,198.36,99.0,278.84402521840053,77753.99039999998,2524.0,0.09483827918145948
536,221.28,94.0,354.4801850597576,125656.2016,2823.0,0.12612466321164603
537,263.6,125.0,327.6036629831846,107324.16,4661.0,0.30969843139615777
538,241.0,179.0,250.8711222919051,62936.32,2689.0,0.08952455178220432
539,214.8,122.0,273.23220893591593,74655.84000000001,3110.0,0.1520884783092791
540,218.96,79.0,372.6129874279746,138840.43839999998,2808.0,0.12770769268526877
541,289.32,102.0,391.0030915478802,152883.41760000002,4071.0,0.239055532367428
542,208.3846153846154,104.0,229.81364974576127,52814.31360946746,2556.0,0.08860018504511158
543,308.61538461538464,197.0,343.9524874302662,118303.31360946744,3062.0,0.11029420290610942
544,335.76,279.0,265.1463414795686,70302.5824,3568.0,0.14481307285993797
545,197.8846153846154,129.5,173.99366189231787,30273.79437869823,2739.0,0.10745925373755022
546,240.19230769230768,186.0,205.55703292999303,42253.69378698225,3083.0,0.12914573683647057
547,277.4166666666667,177.5,355.2443896656059,126198.57638888888,2137.0,0.02222558322657204
548,350.9166666666667,104.0,578.5571793022901,334728.40972222225,2708.0,0.07814013451656551
549,200.92307692307693,92.0,254.6013358894379,64821.84023668639,2232.0,0.0584939503304705
550,236.07692307692307,112.5,340.7338147944502,116099.53254437869,2336.0,0.06298485141402152
551,223.8,182.0,199.462277135302,39785.2,1799.0,-0.00803584265071354
552,476.0,276.0,787.1811523827705,619654.1666666666,3054.0,0.07909775514051695
553,336.5,188.0,415.9184692664213,172988.17307692306,2061.0,-0.006797882737404622
554,256.15384615384613,116.0,334.27035261753804,111736.66863905324,1799.0,-0.007084656343959852
555,213.34615384615384,109.5,383.1168673181444,146778.53402366865,1548.0,-0.010576250616332945
556,221.6153846153846,110.5,295.1912127266087,87137.85207100592,1881.0,0.013700835520519634
557,216.23076923076923,188.0,191.90087739654064,36825.94674556213,2329.0,0.053918793208201476
558,228.19230769230768,91.5,346.9429147492056,120369.38609467454,2694.0,0.10777901399566452
559,489.3076923076923,292.5,539.3426033487269,290890.4437869822,2163.0,-0.053443477664348996
560,183.65384615384616,81.5,254.95881150125047,65003.99556213017,1774.0,0.015174017205839349
561,193.8846153846154,136.0,168.85344736306254,28511.486686390534,1392.0,-0.042498986072310806
562,200.53846153846155,103.5,233.35137433776868,54452.863905325445,1395.0,-0.037697455167071126
563,299.8076923076923,118.5,608.5138276180475,370289.0784023669,1324.0,-0.05110243685810896
564,244.23076923076923,119.0,382.9615674322653,146659.5621301775,1783.0,0.0016130015825077844
565,321.0,280.0,380.7327671740377,144957.44,1833.0,-0.030900902958910736
566,562.28,431.0,549.239366396838,301663.8816,2873.0,-0.008479949711058546
567,359.61538461538464,279.0,326.47253117141025,106584.31360946744,2277.0,-0.004290381644257449
568,323.52,184.0,294.5184707280682,86741.12959999999,2475.0,0.03272672864310995
569,399.5833333333333,277.0,430.239847514022,185106.3263888889,2981.0,0.06763659337056133
570,305.0416666666667,159.0,312.2159347800101,97478.78993055556,1980.0,-0.01207409890055378
571,318.3333333333333,227.5,301.4558655738662,90875.63888888888,2330.0,0.018686942163603497
572,1011.4166666666666,337.5,2402.35661931964,5771317.326388889,2329.0,-0.07461483512067385
573,426.6666666666667,155.5,631.2492684264188,398475.6388888889,1971.0,-0.03421935970275746
574,399.5,283.0,424.99196070827816,180618.16666666663,3431.0,0.1174772855495699
575,631.0416666666666,310.5,800.5689892802632,640910.7065972221,3756.0,0.08846330166202061
576,364.0,265.5,394.9011383763145,155946.9090909091,2079.0,-0.02096719155291316
577,509.6666666666667,237.0,1033.6176624952875,1068365.4722222222,2294.0,0.00548879828535951
578,379.7916666666667,263.5,395.3963179695645,156338.2482638889,2171.0,-0.0176974493417082
579,308.0,173.0,377.1158089146268,142216.33333333334,1639.0,-0.045061144906284004
580,39331.17391304348,440.0,182291.50498169544,33230192788.491497,2358.0,0.21420949349770124
581,295.1363636363636,224.5,236.80741992646972,56077.7541322314,1843.0,-0.032240999276292384
582,206.68421052631572,138.0,220.6934174087089,48705.584487534616,2461.0,0.07707761601332735
583,267.15,116.0,434.3579485861862,188666.8275,1840.0,0.0031460762087174585
584,241.13636363636363,197.0,245.02491440195612,60037.20867768596,1712.0,-0.021102019922598334
585,233.95,115.0,259.1234213651865,67144.9475,2172.0,0.03685388959055073
586,245.0952380952381,209.0,187.099643623367,35006.27664399093,1895.0,-0.008739466004712596
587,223.95238095238096,92.0,357.76228822401544,127993.85487528348,1607.0,-0.011097044573163756
588,248.55,136.0,263.5005645155244,69432.54750000002,2420.0,0.05812017717192272
589,229.54545454545453,149.5,225.95066381699093,51053.70247933885,1273.0,-0.06618999656854242
590,218.52380952380952,180.0,281.5539564372831,79272.63038548752,1607.0,-0.018448176482026953
591,228.95,207.5,179.41863754916878,32191.0475,2311.0,0.044441029094796615
592,296.7894736842105,172.0,263.7464051034367,69562.16620498613,1964.0,-0.015528483571711094
593,266.95,130.0,336.8574587269814,113472.94749999998,2307.0,0.04501445885743861
594,329.2631578947368,221.0,287.1075063832477,82430.72022160664,2578.0,0.04016984818811424
595,281.45,231.5,238.95344211791547,57098.74749999998,1990.0,-0.009472431286716971
596,264.1,143.5,287.503895625781,82658.48999999999,1994.0,0.0056986543200731685
597,342.2631578947368,287.0,330.291233866379,109092.29916897506,2691.0,0.05024334985803137
598,314.42857142857144,225.0,383.5612040847087,147119.19727891157,3501.0,0.16055432471690337
599,155.71428571428572,96.0,155.11229199922133,24059.823129251698,1171.0,-0.050695515578807575
600,204.3636363636364,174.5,189.7990673064892,36023.68595041322,2326.0,0.058992064204332055
601,258.2857142857143,150.0,289.5005786419323,83810.58503401361,1774.0,-0.016265786834758746
602,139.72727272727272,140.5,111.1187660356668,12347.380165289256,1079.0,-0.05932280016969843
603,206.13636363636363,159.0,205.0189116453197,42032.75413223141,1969.0,0.02006299406049092
604,133.5909090909091,97.0,150.10228606184427,22530.69628099173,939.0,-0.067264495144716
605,169.63636363636363,122.5,168.90571481115663,28529.14049586777,791.0,-0.09867645025469549
606,178.5,115.5,203.53930824290427,41428.25,773.0,-0.10089623928637821
607,210.27272727272728,144.5,200.3535923897325,40141.56198347109,1336.0,-0.05302121858919093
608,152.1818181818182,136.5,133.7003557361271,17875.78512396694,1466.0,-0.019073302061603542
609,229.77272727272728,179.0,205.44362903420443,42207.0847107438,1960.0,0.008015408906247964
610,213.04545454545453,96.0,296.06471609380014,87654.31611570249,901.0,-0.0919733969959167
611,187.7142857142857,83.0,420.22274624606536,176587.15646258503,772.0,-0.08157625089311167
612,182.4090909090909,72.5,263.033986585714,69186.87809917355,1018.0,-0.06803175255777597
613,212.28571428571428,108.0,244.91867316026568,59985.15646258504,1002.0,-0.08595624554372397
614,146.77272727272728,83.5,147.03182457555417,21618.357438016534,939.0,-0.07328582424436982
615,240.5,156.5,230.3082420662282,53041.88636363636,2389.0,0.05436294116193193
616,170.6818181818182,120.0,170.6954721569264,29136.94421487603,1669.0,-0.0004240670171207703
617,242.0909090909091,217.0,218.66244410691544,47813.26446280992,1984.0,0.005789837915325091
618,250.4090909090909,211.5,204.92030803370395,41992.332644628106,1964.0,-0.0015635593276808746
619,212.3809523809524,139.0,218.1952983192277,47609.188208616775,2623.0,0.09238859444173816
620,201.57142857142856,113.0,204.4603981747289,41804.05442176871,2440.0,0.07580588723213777
621,164.13636363636363,94.0,169.31796217191365,28668.572314049583,1504.0,-0.015606623400099086
622,191.6818181818182,135.0,196.90107953987183,38770.03512396693,1531.0,-0.022919020292711437
623,266.85,133.0,260.8563349815373,68046.0275,2383.0,0.04547243905871606
624,241.45454545454547,193.5,208.2050403880156,43349.3388429752,2483.0,0.06140521273786087
625,258.42857142857144,117.0,302.9456294812136,91776.0544217687,1629.0,-0.03052137015396987
626,226.28571428571428,156.0,291.5652573948547,85010.29931972788,2198.0,0.045867646093885564
627,379.8888888888889,230.5,427.4937152090191,182750.8765432099,2507.0,0.02399809505270445
628,187.63636363636363,133.0,171.3039683917943,29345.049586776862,1505.0,-0.026679141629530872
629,193.6818181818182,114.0,202.39192095887,40962.48966942149,1246.0,-0.05479734194775579
630,288.8095238095238,176.0,296.14855008731826,87703.96371882086,2787.0,0.08375216225311066
631,311.95238095238096,175.0,374.8982688918963,140548.7120181406,2327.0,0.030050886297374634
632,197.23809523809524,130.0,204.32045436657185,41746.84807256236,1806.0,0.006299826649684105
633,208.3181818181818,152.5,211.9329624633988,44915.5805785124,1780.0,-0.0012635508143949477
634,198.5,108.5,190.57824687465825,36320.06818181818,1421.0,-0.03849012119561285
635,170.22727272727272,116.0,205.5584260713377,42254.26652892561,1215.0,-0.04737105995389595
636,185.8636363636364,140.0,202.63430909680744,41060.663223140495,1531.0,-0.019778538849665794
637,449.1363636363636,362.0,428.2221487472197,183374.208677686,3787.0,0.13375020642881627
638,188.95238095238096,112.0,188.87422778903024,35673.473922902485,2069.0,0.038265344809481086
639,154.95454545454547,75.5,190.76031540622984,36389.4979338843,1896.0,0.03515323864909916
640,148.13636363636363,124.0,145.82938207949024,21266.20867768595,1388.0,-0.02446180228858008
641,168.6818181818182,118.0,159.47681118515357,25432.853305785124,1233.0,-0.04957576064755033
642,193.1818181818182,88.5,220.26691171552343,48517.51239669421,1835.0,0.013893493471315879
643,185.3181818181818,188.0,170.7215666100365,29145.853305785124,1584.0,-0.01791290244861931
644,172.1818181818182,136.0,174.68273484016578,30514.057851239668,1055.0,-0.06986779806426292
645,235.66666666666663,102.0,261.14224063002496,68195.26984126985,2399.0,0.06201005764800121
646,229.3181818181818,150.0,224.87741839896933,50569.85330578512,2251.0,0.04349269085588353
647,188.5909090909091,149.5,190.328104046887,36224.78719008264,1462.0,-0.030242758344509006
648,170.05,58.0,216.24418489291224,46761.5475,1404.0,-0.023817166437800706
649,165.77272727272728,87.5,220.54579648478327,48640.44834710744,1524.0,-0.008546703303654951
650,157.77272727272728,71.5,214.54178059257995,46028.17561983471,1322.0,-0.027908757470792245
651,149.22727272727272,69.0,184.3238089041284,33975.26652892562,1396.0,-0.018896424551057417
652,166.0,115.0,189.7938731511486,36021.71428571428,1301.0,-0.03746345130223741
653,205.66666666666663,119.0,302.5638591915579,91544.88888888888,1268.0,-0.04723327594899973
654,166.0,108.5,173.16282405979533,29985.36363636364,1493.0,-0.017561136245413746
655,121.36363636363636,100.5,102.75192785386535,10557.95867768595,1273.0,-0.029356396773693685
656,136.77272727272728,54.0,181.05647833509693,32781.44834710744,1495.0,-0.0022100345789790726
657,336.22727272727275,167.5,448.6372225284217,201275.35743801657,2608.0,0.05855297483462401
658,154.13636363636363,151.5,121.973281520826,14877.481404958677,1494.0,-0.018354340108431337
659,188.0909090909091,112.5,218.61795424291063,47793.80991735538,1798.0,0.011398662302343286
660,163.1818181818182,69.0,243.2853985013629,59187.78512396693,1044.0,-0.05844354517745878
661,131.5909090909091,77.5,121.9033369261031,14860.42355371901,1218.0,-0.037669027948558476
662,210.77272727272728,102.5,298.28524051776986,88974.0847107438,1504.0,-0.023198872392334303
663,212.77272727272728,76.5,322.4058610760641,103945.53925619836,1591.0,-0.011277153180792324
664,288.0,157.5,466.2963357429187,217432.2727272728,1723.0,-0.01683998456333102
665,239.47619047619048,192.0,184.63880287833507,34091.487528344675,1461.0,-0.05480690586895171
666,136.54545454545453,90.0,138.98879198525566,19317.884297520664,1144.0,-0.04664564607038583
667,237.5909090909091,206.5,225.50945537340536,50854.5144628099,1617.0,-0.03240974079744836
668,196.4090909090909,90.0,201.65602105180565,40665.15082644629,1031.0,-0.07975342390571971
669,182.8636363636364,120.0,189.9206282669745,36069.84504132231,873.0,-0.09318429241711991
670,216.8636363636364,167.5,190.1669829517172,36163.48140495868,1790.0,-0.006608181535603018
671,223.0909090909091,119.0,275.4140534294615,75852.90082644628,1341.0,-0.04980180954372811
672,169.5,129.5,141.18966933622562,19934.522727272728,1478.0,-0.024628044976198714
673,167.1904761904762,148.0,135.04553695755442,18237.2970521542,1192.0,-0.05667959844263355
674,206.9047619047619,186.0,169.95094663766525,28883.324263038547,1836.0,0.0005493416549906972
675,209.04545454545453,134.5,220.0248905904485,48410.95247933885,2205.0,0.047291910517623575
676,230.9090909090909,136.5,238.7291940655218,56991.62809917356,2153.0,0.03351383705290587
677,551.4545454545455,397.0,544.1014049264854,296046.3388429752,6447.0,0.3974404264963749
678,238.5,138.0,288.36604736467723,83154.97727272728,1477.0,-0.040516654973677124
679,160.86363636363637,84.0,222.16236802977016,49356.11776859504,1097.0,-0.053983512982685736
680,261.90909090909093,144.0,299.1492344346044,89490.26446280991,1902.0,-0.0024061205057587754
681,1250.3636363636365,164.5,4504.023499711166,20286227.685950413,2389.0,0.04957350858226187
682,222.3636363636364,150.5,215.71984050331776,46535.04958677687,2428.0,0.0655119554154337
683,164.27272727272728,78.0,280.7038526500162,78794.652892562,1329.0,-0.023180099422266988
684,179.0952380952381,140.0,158.38226955899324,25084.9433106576,2025.0,0.03400557979030418
685,140.05263157894737,94.0,196.084695364612,38449.20775623268,1775.0,0.02852024343984804
686,193.3636363636364,81.0,236.89440406579035,56118.95867768594,1579.0,-0.01299504229667216
687,223.77272727272728,113.5,299.52992441463124,89718.17561983471,1616.0,-0.016599482853929325
688,205.04545454545453,117.0,381.1479642621184,145273.77066115706,1852.0,0.026921661282624885
689,197.5,154.0,193.45230795869412,37423.795454545456,1483.0,-0.03167377040402389
690,210.66666666666663,71.0,284.059070539132,80689.55555555556,2189.0,0.05279862116970331
691,267.3888888888889,136.0,458.9909390159739,210672.68209876545,1472.0,-0.036024574557872266
692,171.76190476190476,80.0,218.67150940381623,47817.229024943306,1601.0,-0.0026692137729621285
693,231.3,92.5,269.00745342833903,72365.01000000001,1890.0,0.007910058949550615
694,222.2,155.0,198.92224611641603,39570.06,2246.0,0.043302227063721284
695,242.35,119.0,331.8201734373605,110104.62750000002,2054.0,0.02744319842639057
696,150.95,112.0,148.76070549711707,22129.7475,1163.0,-0.05042608985819441
697,260.5263157894737,173.0,376.7698401748393,141955.51246537396,2112.0,0.0294292892688655
698,252.77777777777777,140.0,389.5285691356149,151732.5061728395,1755.0,-0.005110513247557559
699,203.4736842105264,125.0,343.5986594577509,118060.03878116346,1050.0,-0.06646480801003729
700,138.95,69.0,203.64024037503,41469.34749999999,577.0,-0.10406975671142077
701,1934.0,130.0,7512.457108030634,56437011.8,1133.0,-0.08252861199149875
702,235.52631578947367,133.0,274.45225227926886,75324.03878116343,1665.0,-0.019459601735789034
703,609.0555555555555,140.0,1365.5763729088585,1864798.8302469128,1129.0,-0.1330823782366561
704,252.8421052631579,120.0,379.6755211822874,144153.50138504157,1485.0,-0.03607637099735685
705,166.47368421052633,113.0,171.37904079340825,29370.77562326869,1410.0,-0.027363132042490093
706,261.1578947368421,167.0,364.1759642864818,132624.13296398893,1426.0,-0.04902217412977406
707,230.0,117.0,265.6531573311336,70571.6,1326.0,-0.055603997482683645
708,239.4736842105264,187.0,237.3064570774194,56314.3545706371,1425.0,-0.05316439441183926
709,200.35,143.5,175.2413407275806,30709.5275,1499.0,-0.03289124699558742
710,360.95,144.0,578.2754080021041,334402.44749999995,1681.0,-0.04241406598659418
711,972.1,226.0,2920.5203457603234,8529439.09,1754.0,-0.06433976750070212
712,198.7,129.5,276.0721101451575,76215.81,896.0,-0.0888239859942402
713,306.27777777777777,138.0,507.1738476384553,257225.31172839503,1845.0,-0.006706858016699062
714,369.0,229.0,471.2999544439014,222123.64705882352,1889.0,-0.03572846419294692
715,379.3333333333333,183.5,480.0002314814257,230400.22222222225,1843.0,-0.043744764980062016
716,297.2631578947368,115.0,343.5824948217275,118048.9307479224,1580.0,-0.049235575500545935
717,1474.7777777777778,168.5,4418.99623539046,19527527.72839506,1334.0,-0.17931652480686489
718,322.4,129.0,451.03152883141104,203429.44,1614.0,-0.04568075862191209
719,306.5,117.5,568.7921852487075,323524.55,1054.0,-0.0886035988484413
720,355.7058823529412,108.0,654.0870390638239,427829.8546712803,1346.0,-0.06888049788266665
721,266.05555555555554,157.5,302.91334885339774,91756.49691358024,2257.0,0.03567269671341565
722,254.94444444444449,223.5,207.33881885085856,42989.385802469136,1468.0,-0.059231394650870996
723,227.45,88.5,267.84836661812966,71742.7475,780.0,-0.11490297434521604
724,309.6842105263158,219.0,296.6962034120315,88028.63711911355,1771.0,-0.04044232065038948
725,254.7,153.0,372.5126977701565,138765.71,1062.0,-0.08577316549849102
726,291.2105263157895,167.0,455.8374108740468,207787.74515235453,1424.0,-0.05312614157192033
727,383.15,322.5,355.63679154440695,126477.52749999995,3403.0,0.11360529764421862
728,242.55,86.5,379.17482445436696,143773.54750000002,960.0,-0.08970567016220779
729,346.0,69.5,721.1849816640511,520107.77777777775,1017.0,-0.09353037519512972
730,807.0555555555555,352.5,1183.824098805891,1401439.4969135802,2878.0,-0.04986464769471917
731,152.8421052631579,86.0,184.1470416922002,33910.132963988915,837.0,-0.08358812350794957
732,1681.4375,1458.5,1457.8192175622291,2125236.87109375,14098.0,0.8205063263202449
733,766.45,252.0,1181.3933923549769,1395690.3475,2245.0,-0.10078538813040702
734,492.578947368421,303.0,473.22124744190313,223938.3490304709,2446.0,-0.03039017499697909
735,745.6842105263158,406.0,1037.051795520743,1075476.4265927975,2363.0,-0.09647187274767019
736,708.625,629.5,725.2252990450622,525951.734375,2803.0,-0.06777912548397962
737,819.9375,467.0,917.5985280032604,841987.05859375,4660.0,0.11375374913814457
738,307.9,172.5,466.9968843579152,218086.09,1504.0,-0.05062617406244918
739,229.31578947368425,193.0,183.23182113652723,33573.90027700831,1145.0,-0.08582672202564245
740,520.8333333333334,157.0,714.8847032136642,511060.1388888888,3125.0,0.06146908144521958
741,196.15,113.5,272.4733519080352,74241.72750000001,1154.0,-0.05879714694822469
742,297.94736842105266,104.0,350.63453363478806,122944.5761772853,1370.0,-0.07213735696274365
743,237.72222222222223,100.5,321.90264324543074,103621.31172839509,1315.0,-0.05404534288336368
744,294.8421052631579,177.0,283.9555679026849,80630.76454293629,1905.0,-0.019222794949938393
745,336.8125,300.5,337.3086899914528,113777.15234375,2166.0,-0.005703486956720058
746,304.3,176.0,375.8080760175332,141231.71000000002,1388.0,-0.07174036869942696
747,264.2,105.0,378.1574539791593,143003.05999999997,1680.0,-0.01920538069192897
748,154.16666666666666,105.0,159.5651208058258,25461.02777777778,1195.0,-0.04700865509859649
749,953.1176470588236,218.0,1790.9771201728677,3207599.0449826987,2172.0,-0.1281962602246819
750,269.0,152.5,418.3007291411288,174975.5,1659.0,-0.020412900611073103
751,431.1904761904762,203.0,652.5318907767847,425797.8684807257,1107.0,-0.1318611279798632
752,326.95454545454544,84.0,465.4677488361697,216660.2252066116,1059.0,-0.10758085671036702
753,497.04545454545456,260.5,824.2969719305563,679465.4979338844,1485.0,-0.10218062454208961
754,304.6818181818182,119.5,442.7395485511089,196018.3078512397,1181.0,-0.0869294530851073
755,758.4545454545455,150.0,2325.408287264698,5407523.702479339,1073.0,-0.10555034543027263
756,291.7142857142857,81.0,432.8223151162438,187335.15646258503,831.0,-0.12061813566492263
757,198.5,88.0,242.27185143965852,58695.65,866.0,-0.09486393956894908
758,288.7142857142857,114.0,617.228223813614,380970.6802721088,790.0,-0.10497317255558708
759,201.1818181818182,50.5,413.41049777360695,170908.23966942148,1088.0,-0.05230328927891051
760,245.45454545454547,126.5,408.4332289118245,166817.70247933883,1499.0,-0.02824581040002913
761,169.72727272727272,97.5,227.74211528476712,51866.47107438016,863.0,-0.08391448206396598
762,317.42857142857144,92.0,573.383406293071,328768.5306122449,1243.0,-0.07135768112812897
763,205.0909090909091,132.0,231.132569022217,53422.26446280992,752.0,-0.11267819741451586
764,227.27272727272728,134.5,258.67427426261247,66912.38016528926,1758.0,-0.0069963911957580255
765,217.0909090909091,89.5,355.1617952799066,126139.90082644628,653.0,-0.11523164576668919
766,552.8095238095239,204.0,1106.2802374257712,1223855.9637188208,1709.0,-0.07129906234676052
767,226.42857142857144,150.0,224.12699874095009,50232.91156462584,1644.0,-0.023367936754992467
768,144.95238095238096,63.0,196.0763884647478,38445.95011337868,1335.0,-0.022442065746730175
769,300.27272727272725,100.5,542.7281407028236,294553.83471074386,1413.0,-0.047944615068871294
770,198.0909090909091,130.5,225.09894977561007,50669.53719008264,1538.0,-0.021955701641258388
771,189.72727272727272,122.0,206.11695308030204,42484.19834710744,1530.0,-0.020914892198531328
772,161.57142857142858,116.0,149.1383414751525,22242.244897959183,1080.0,-0.06457853995537491
773,148.71428571428572,97.0,230.9127113697053,53320.68027210884,989.0,-0.05993190998187341
774,168.63636363636363,110.5,165.06239741783202,27245.595041322315,1114.0,-0.06216411180821089
775,121.4090909090909,54.0,140.1708889148298,19647.878099173555,902.0,-0.06611215103294257
776,141.8181818181818,65.0,294.24582122059974,86580.60330578513,584.0,-0.0949018555232859
777,156.22727272727272,97.0,173.6181630156408,30143.26652892561,1026.0,-0.06525087796028348
778,228.54545454545453,114.5,379.5659874685497,144070.3388429752,947.0,-0.08533968126933311
779,203.3181818181818,134.0,253.9698239704932,64500.67148760332,1138.0,-0.06619772748255845
780,210.8181818181818,87.5,345.88511444798286,119636.51239669422,1039.0,-0.07004028214910679
781,169.45454545454547,76.0,178.11276491255023,31724.157024793385,1778.0,0.014009246310045465
782,204.8636363636364,155.0,281.0290013268681,78977.29958677685,1410.0,-0.033931881532160854
783,223.4090909090909,131.5,276.94857728973784,76700.51446280991,1156.0,-0.07078068533408184
784,179.77272727272728,79.5,213.62178383518287,45634.26652892562,1390.0,-0.03048553992466741
785,161.63636363636363,85.0,169.00982904567883,28564.322314049587,957.0,-0.0756892619703429
786,176.0,132.5,181.3011056477343,32870.09090909091,953.0,-0.08226582741922328
787,149.6818181818182,125.5,147.11386633972165,21642.489669421488,952.0,-0.07396078173047853
788,206.22727272727272,96.5,335.9443855242848,112858.63016528926,1174.0,-0.054051269412739925
789,132.36363636363637,85.5,163.18409722389268,26629.049586776862,400.0,-0.12555718449222905
790,116.55,80.0,119.57695221069986,14298.647499999995,620.0,-0.09824086262953514
791,135.65,94.5,139.30372392725187,19405.527500000004,729.0,-0.09284688733687838
792,350.3157894736842,114.0,962.3889711836664,926192.5318559556,982.0,-0.07473653477489187
793,101.45,69.5,136.5724990618536,18652.0475,663.0,-0.08458078914315006
794,117.4,86.0,128.4917896209715,16510.14,578.0,-0.1025097314978537
795,118.0,85.0,102.53584739007134,10513.6,878.0,-0.07186080219673419
796,152.25,134.0,116.2952600065884,13524.5875,1063.0,-0.06610451025352879
797,105.05,69.5,130.28064898518122,16973.047499999997,494.0,-0.10583262609961644
798,120.5,50.5,172.26070358616326,29673.75,777.0,-0.07625285926219216
799,110.15,55.0,118.07763336042946,13942.327500000005,692.0,-0.08693720562534377
800,206.6315789473684,86.0,320.4186752107666,102668.12742382272,812.0,-0.09627864489599891
801,131.15,82.5,153.6145419548553,23597.4275,815.0,-0.07941236232469602
802,139.6,107.5,168.04951651224707,28240.64,768.0,-0.08746801619668135
803,87.0,51.0,101.82043016998112,10367.4,339.0,-0.11770823155664088
804,121.16666666666669,78.5,161.78663933300138,26174.91666666667,822.0,-0.07316745279668874
805,116.15,80.0,115.08226405489248,13243.927500000002,922.0,-0.0646605861682666
806,127.1,52.0,206.7302348472521,42737.39,835.0,-0.06910850879004643
807,84.25,112.0,59.29997892073825,3516.4875,692.0,-0.08257446472476393
808,112.5,69.5,122.7540223373556,15068.55,555.0,-0.10315711309215488
809,113.7,78.0,113.38434636227348,12856.010000000002,1065.0,-0.04765267838502066
810,95.1,44.0,102.0930457964694,10422.989999999998,457.0,-0.10796867435188724
811,105.85,64.0,113.23704120118998,12822.6275,672.0,-0.08792599122964269
812,115.1,53.0,239.83221218176675,57519.48999999999,514.0,-0.09620034209180997
813,105.3157894736842,61.0,128.94350155319106,16626.426592797783,644.0,-0.08910163733501739
814,166.85,69.5,321.8627463686968,103595.62750000002,706.0,-0.08969986781264269
815,122.7,53.0,184.36650997401887,33991.009999999995,544.0,-0.10215000915199768
816,99.8,56.5,152.65896632690792,23304.76,590.0,-0.09006256056304109
817,129.75,55.0,179.19873743974873,32112.1875,645.0,-0.09459608054461405
818,97.0,79.0,98.42933167167872,9688.333333333334,919.0,-0.058081649932696405
819,1056.35,194.5,3274.304403610025,10721069.3275,1846.0,-0.054101220496342486
820,124.45,95.5,105.30359680466762,11088.847500000003,966.0,-0.06481999740928177
821,459.2083333333333,195.5,745.2027676616315,555327.1649305555,1285.0,-0.11460188130121868
822,291.0434782608696,105.0,484.0820518179222,234335.43289224952,1166.0,-0.07777865229146841
823,595.3913043478261,255.0,956.8366694991882,915536.4120982988,2088.0,-0.0648729834371228
824,261.7391304347826,141.0,446.434007722774,199303.32325141784,1107.0,-0.07584071009451149
825,309.8695652173913,108.0,400.1937904856711,160155.06994328924,1730.0,-0.03197517071610826
826,249.2608695652174,158.0,294.00727843568245,86440.27977315692,1235.0,-0.072324409355128
827,240.2083333333333,109.5,280.47340622102166,78665.33159722223,1139.0,-0.07947880333493133
828,527.1666666666666,159.5,1585.295047897674,2513160.3888888885,896.0,-0.09930809888050504
829,219.3333333333333,106.0,331.6780148812332,110010.30555555556,936.0,-0.08731422058039295
830,306.375,145.0,455.3258734595111,207321.65104166663,1511.0,-0.04984682384691323
831,263.17391304347825,108.0,365.711890899869,133745.18714555766,1227.0,-0.07093259628236795
832,320.0,136.0,444.1068752751602,197230.91666666663,2502.0,0.05414133839081057
833,1433.7391304347825,388.0,3182.2361049424417,10126626.627599243,1663.0,-0.2588425871253607
834,210.75,123.5,315.44403227831083,99504.9375,1180.0,-0.05812702108058623
835,381.9130434782609,194.0,463.18677921391856,214541.9924385633,2209.0,-0.005844667897805703
836,286.0869565217391,118.0,401.2528112369057,161003.81852551986,1061.0,-0.09634649713388513
837,320.75,122.5,381.79774859647006,145769.52083333334,1413.0,-0.07468854124554372
838,388.5833333333333,254.0,402.911582180949,162337.7430555556,3186.0,0.09316345560803907
839,245.91666666666663,133.0,340.55076917970524,115974.82638888888,1264.0,-0.0621354396016018
840,331.5,168.0,443.0492225886009,196292.61363636365,2283.0,0.023633363377300477
841,321.0,196.0,402.0380371722722,161634.58333333334,1821.0,-0.028337109363398186
842,280.7916666666667,155.5,334.16649781791244,111667.24826388888,1857.0,-0.012509300595743175
843,296.1363636363636,157.0,326.0535783432122,106310.93595041322,1610.0,-0.04804442353656728
844,329.3478260869565,289.0,292.8085305088504,85736.83553875236,1907.0,-0.035868957912794444
845,246.66666666666663,145.0,292.97754396854594,85835.84126984127,2259.0,0.04385879738043187
846,266.6666666666667,157.5,366.0711072395028,134008.05555555556,1071.0,-0.09094663065113573
847,307.8333333333333,169.5,350.1908606587112,122633.63888888888,2059.0,-0.0006578706167268862
848,319.1666666666667,247.0,285.2327509635284,81357.72222222223,1977.0,-0.023389033955375775
849,289.875,185.5,371.890475868456,138302.52604166666,2101.0,0.01415948841872085
850,278.9583333333333,167.5,366.1996813177508,134102.20659722225,2342.0,0.0458809734705794
851,1077.3478260869565,646.0,1921.310255114545,3691433.096408318,4005.0,0.0266031605325244
852,248.16666666666663,144.0,281.2990204193553,79129.13888888888,1882.0,-0.0003259587281217477
853,351.2083333333333,211.0,376.0795548779836,141435.83159722225,3105.0,0.09898346510974981
854,335.45454545454544,143.5,410.51948544969736,168526.24793388427,1914.0,-0.022510864373556948
855,345.1304347826087,267.0,358.44741344325354,128484.54820415875,2434.0,0.023495431054181184
856,411.1666666666667,169.0,670.7758981623859,449940.3055555556,2011.0,-0.018801057336719846
857,292.39130434782606,190.0,299.2519280574893,89551.71644612479,2120.0,0.007367507651390895
858,214.25,182.5,261.0259006944202,68134.52083333333,1653.0,-0.013579884997163758
859,306.72727272727275,167.0,415.8813403558741,172957.28925619836,1392.0,-0.067966463672742
860,309.8333333333333,127.0,443.1524066904698,196384.0555555556,1258.0,-0.08072585360559496
861,244.9583333333333,75.5,266.87972933618533,71224.78993055555,861.0,-0.11358219572480463
862,245.5,106.0,389.92819851865033,152044.0,1088.0,-0.07592613545717118
863,392.2916666666667,135.0,751.9746493492244,565465.873263889,1197.0,-0.0923022461945039
864,217.7826086956522,135.0,249.97894807393527,62489.47448015122,933.0,-0.09617697577704226
865,189.41666666666663,76.5,270.0879357830622,72947.49305555555,896.0,-0.08421705516393785
866,199.5217391304348,65.0,355.8872402718026,126655.72778827976,617.0,-0.1107652716619032
867,341.9130434782609,92.0,546.970304658026,299176.5141776937,987.0,-0.11394487072448464
868,189.04166666666663,55.0,277.4913631038311,77001.45659722222,700.0,-0.10482557036941269
869,217.7083333333333,81.0,276.6603632565067,76540.95659722222,744.0,-0.1134541445494629
870,309.0,199.0,400.23368174105485,160187.0,1156.0,-0.09775414444917212
871,157.34782608695653,81.0,205.81874860634733,42361.3572778828,732.0,-0.09500888916210104
872,291.375,213.5,286.89949060312625,82311.31770833333,1581.0,-0.054404357116118206
873,245.625,125.0,342.29784940652684,117167.81770833331,1433.0,-0.0427040978502857
874,245.17391304347825,82.0,371.1242206398791,137733.18714555766,1194.0,-0.06540875297389571
875,224.125,109.0,306.9904059982983,94243.109375,818.0,-0.10539239482880855
876,239.66666666666663,133.5,298.2217668484684,88936.22222222223,1093.0,-0.08298517468163995
877,295.125,213.0,266.6436936719112,71098.859375,1466.0,-0.07113654713385675
878,301.7083333333333,103.0,527.7313457280029,278500.37326388893,1031.0,-0.09308124805199723
879,1105.6666666666667,390.0,2114.419211787152,4470768.603174602,2950.0,-0.07907537108980116
880,170.0909090909091,129.0,182.19542681889413,33195.173553719,1152.0,-0.05710772356168707
881,235.27272727272728,102.0,254.6996773061064,64871.92561983472,1664.0,-0.020940331780055395
882,188.45454545454547,135.0,199.51685444245447,39806.97520661157,1168.0,-0.06190044055030991
883,197.8181818181818,98.5,280.2564793450386,78543.69421487606,1301.0,-0.04194259899864981
884,671.35,274.0,1139.8151725170185,1299178.6275,1827.0,-0.10949912655503405
885,217.8181818181818,111.0,264.1865106259104,69794.51239669422,1841.0,0.007636068109408702
886,284.1363636363636,160.0,365.5018089066723,133591.57231404958,1372.0,-0.06519330556493622
887,213.63636363636363,105.0,287.3747229750012,82584.23140495867,871.0,-0.09670364015149502
888,209.5,115.5,239.0556705798121,57147.61363636364,1157.0,-0.06807868462628931
889,867.6363636363636,105.0,2214.992541449674,4906191.958677686,771.0,-0.19959948034247346
890,169.3181818181818,72.0,244.986898789532,60018.5805785124,820.0,-0.08622380243727043
891,276.77272727272725,125.5,334.8497535283795,112124.35743801652,1566.0,-0.042670990307266246
892,187.27272727272728,85.5,226.7289494725489,51406.016528925626,1125.0,-0.062331892078281104
893,183.77272727272728,137.0,220.98394261249388,48833.90289256199,912.0,-0.0862633925283835
894,182.6818181818182,117.0,200.29713980702772,40118.94421487603,1339.0,-0.039671640520290236
895,192.77272727272728,84.0,275.1726617991927,75719.9938016529,1032.0,-0.07008829580631992
896,230.13636363636363,102.0,295.6935292209495,87434.6632231405,1693.0,-0.011020551016313933
897,164.0,94.5,169.72062605673744,28805.090909090908,1347.0,-0.033123001144800365
898,296.0952380952381,174.0,401.8680077980953,161497.89569161,1789.0,-0.02024857173319426
899,344.0,338.0,325.7185463380485,106092.57142857143,3019.0,0.08476221963629177
900,214.9090909090909,155.5,212.22520394638016,45039.53719008265,1538.0,-0.03141779368321974
901,333.57142857142856,234.0,324.74349898967097,105458.34013605444,2724.0,0.05833065041760706
902,244.9047619047619,155.0,271.00288256451563,73442.56235827666,2103.0,0.024631673476571123
903,273.4761904761905,151.0,363.7285250146008,132298.43990929707,1766.0,-0.016187588179720675
904,235.52380952380952,79.0,306.9288143074126,94205.2970521542,1340.0,-0.051410509746740066
905,177.9090909090909,118.0,205.17994521238023,42098.80991735537,898.0,-0.08648291624470215
906,670.6818181818181,348.0,663.7577862144675,440574.3987603307,3296.0,0.003707822288489343
907,188.04761904761904,155.0,156.51273375564173,24496.2358276644,1495.0,-0.02998711960594759
908,296.4,137.0,342.57545154316006,117357.94,1932.0,-0.009900428780467471
909,402.1363636363636,219.0,468.1017076209891,219119.208677686,3681.0,0.1501542619662046
910,202.4090909090909,146.5,195.4816101769048,38213.05991735537,1754.0,-0.003132924948350267
911,314.57142857142856,166.0,435.2482128656258,189441.00680272112,1245.0,-0.08593156150802408
912,226.13636363636363,139.0,210.8968501541896,44477.48140495868,2042.0,0.020222772882969104
913,252.9047619047619,156.0,275.8303316933911,76082.37188208615,1591.0,-0.03592615489483662
914,200.66666666666663,93.5,187.3045648135677,35083.0,2311.0,0.06031056436520395
915,122.77777777777776,76.0,155.86196013551205,24292.950617283943,1076.0,-0.04598327140784974
916,230.75,79.0,376.3070388658708,141606.9875,1624.0,-0.010043703882217384
917,339.6666666666667,74.0,543.8974985131747,295824.48888888885,2473.0,0.05378608142059102
918,389.89473684210526,105.0,1077.0802098234617,1160101.778393352,1235.0,-0.0519341215921916
919,353.0,153.0,609.3846076165692,371349.6,2345.0,0.03878159042912046
920,376.3684210526316,170.0,642.0482200719093,412225.91689750686,1891.0,-0.019586832169461766
921,367.85,243.0,585.8851657961652,343261.42750000005,2011.0,-0.009659494226880321
922,290.3,195.5,445.16593535444736,198172.71,1710.0,-0.022324670306879
923,250.73684210526315,142.0,302.2739855278152,91369.5623268698,1613.0,-0.029400480038126307
924,345.65,177.5,481.2961951854596,231646.0275,1465.0,-0.07065678158471088
925,375.2105263157895,132.0,610.1108250445693,372235.218836565,1501.0,-0.06544565216700389
926,296.45,143.0,515.0779043018638,265305.2475,1785.0,-0.008253470901162154
927,310.63157894736844,151.0,401.1710765832709,160938.23268698063,1868.0,-0.01758252243600131
928,238.3684210526316,181.0,341.84702804283296,116859.39058171742,1127.0,-0.07489610326985795
929,381.9,119.0,783.2166303137337,613428.2899999999,1920.0,-0.0028788376938242623
930,726.5,121.0,1862.2890618805664,3468120.55,1617.0,-0.07850780352818512
931,352.1578947368421,170.0,654.2607128144025,428057.08033241,1813.0,-0.01609322532987844
932,540.45,322.5,623.390204847654,388615.3475,3074.0,0.03392890456641465
933,258.2105263157895,119.0,509.8550443066991,259952.1662049861,1308.0,-0.04454644406572268
934,263.2105263157895,93.0,591.6884474422034,350095.21883656504,1430.0,-0.02394189211729977
935,359.85,193.0,552.2019807099572,304927.0275,2245.0,0.01762185859000375
936,276.42857142857144,164.0,315.3310537663358,99433.67346938777,2028.0,0.006482186313200924
937,244.75,137.0,270.1404958535465,72975.8875,2279.0,0.044706520382288784
938,243.1,126.0,250.8311982190413,62916.28999999999,1931.0,0.0045874223064183775
939,190.0909090909091,102.0,192.857674580578,37194.0826446281,2173.0,0.050035105567413446
940,179.04545454545453,177.0,118.48033103842684,14037.588842975209,1981.0,0.02413603406424257
941,421.1904761904762,157.0,1044.2219987945282,1090399.5827664398,1485.0,-0.042547392417226534
942,201.9047619047619,120.0,233.6170869406979,54576.9433106576,1448.0,-0.03266672748366983
943,176.0909090909091,87.5,228.36671248651984,52151.35537190081,2167.0,0.059741748992640585
944,100.8181818181818,39.5,113.67682915881892,12922.421487603307,1337.0,-0.010527888410992899
945,204.8095238095238,127.0,189.27596860206376,35825.39229024943,2527.0,0.08221582669239734
946,1373.8181818181818,338.0,3492.562261257533,12197991.148760332,2217.0,-0.13581608987156799
947,130.6818181818182,106.0,124.70597651481022,15551.580578512396,1252.0,-0.033707709421753725
948,156.61904761904762,101.0,206.04610584145072,42454.99773242631,1307.0,-0.030550188016924336
949,157.1904761904762,125.0,137.94740855972856,19029.48752834467,1721.0,0.007941502608739732
950,311.04761904761904,212.0,285.8653489537098,81718.9977324263,1998.0,-0.016606017114884
951,195.6818181818182,125.0,198.1318170868797,39256.21694214876,1591.0,-0.017670611607241034
952,132.45454545454547,93.0,153.0406147140886,23421.42975206612,1508.0,-0.0025350599733724027
953,173.04545454545453,189.0,129.35064299405397,16731.588842975205,2215.0,0.05401355942346862
954,152.95238095238096,137.0,136.0792752809837,18517.569160997733,1465.0,-0.019291688994511558
955,140.23809523809524,81.0,166.05446747317717,27574.08616780045,1684.0,0.01530214779932548
956,176.45454545454547,114.0,172.13095629694988,29629.06611570247,2289.0,0.066781525016411
957,302.8,276.5,271.76894598169235,73858.36000000002,2324.0,0.020929243776563106
958,190.9,140.0,214.0527738666332,45818.59,2308.0,0.06631081843570297
959,217.42105263157896,225.0,168.1522855501348,28275.19113573407,2130.0,0.02781383772277557
960,232.94736842105263,124.0,280.0508363032102,78428.47091412744,2178.0,0.04002087681587041
961,179.85,92.5,213.37906996704243,45530.6275,2073.0,0.04581100828936306
962,154.9,107.0,159.58724886406182,25468.090000000004,1275.0,-0.038403607565848624
963,167.55,152.5,119.66974346090994,14320.847499999998,1812.0,0.01098596542458534
964,233.52631578947367,192.0,185.03836541620305,34239.196675900275,2142.0,0.024314894780985252
965,138.0,124.0,104.94760597555334,11014.0,1299.0,-0.034193384701395824
966,861.3684210526316,209.0,2427.305701704893,5891812.969529085,2949.0,0.06795797760114214
967,184.8,104.0,202.3537990747888,40947.060000000005,2035.0,0.03791527138718384
968,256.3,207.0,243.71173545810225,59395.41000000001,2453.0,0.05482319648263295
969,434.75,159.0,523.7463961689856,274310.2875,2920.0,0.057117958661008224
970,303.95,243.5,246.06004856538573,60545.54749999999,2335.0,0.019567961295745583
971,216.3333333333333,112.0,231.1930410332937,53450.22222222222,1958.0,0.017915751010959696
972,228.3,177.0,174.71951808541596,30526.91,2430.0,0.058185395026189975
973,214.3,136.0,273.6461401152956,74882.20999999999,1899.0,0.01624368801191475
974,157.10526315789474,110.0,139.5843056842416,19483.7783933518,1265.0,-0.042701487763443
975,134.3684210526316,65.0,143.68247540884096,20644.65373961219,1446.0,-0.010796140435466235
976,212.0,177.0,200.25034332055463,40100.2,2319.0,0.055811653983629715
977,206.55,152.0,222.1214701464044,49337.9475,2368.0,0.06658230591500254
978,177.25,89.5,201.6035403955,40643.9875,1844.0,0.020110814419527046
979,190.95,168.0,148.54779533873938,22066.4475,1724.0,-0.006712338498992916
980,834.5263157894736,134.0,2599.661928798497,6758242.144044322,1853.0,-0.02313691063139544
981,213.26315789473685,140.0,224.75058505989372,50512.825484764544,1617.0,-0.020179664781446054
982,135.94736842105263,70.0,156.03524355066995,24346.9972299169,1411.0,-0.014225491632838053
983,201.52631578947367,93.0,264.1732622075405,69787.51246537396,1631.0,-0.008199156471833832
984,185.0,120.5,175.6214679360129,30842.9,2026.0,0.03365781649981707
985,117.45,73.0,127.85635494569678,16347.2475,1546.0,0.006237810273347653
986,186.66666666666663,129.0,170.17148213885116,28958.333333333336,1951.0,0.02374645337083655
987,159.45,146.5,118.67622971766504,14084.0475,1562.0,-0.01338085465570274
988,131.75,106.5,107.50575565987153,11557.4875,1648.0,0.008396329654409323
989,190.3,154.5,180.22516472457448,32481.110000000004,1819.0,0.00786044184281839
990,148.3,69.5,183.25094815580084,33580.91000000001,2231.0,0.07506238976088636
991,265.95,128.5,347.0643276108912,120453.6475,2435.0,0.06093564144709962
992,252.5,204.5,204.68207053867712,41894.75,2130.0,0.01622370641888152
993,172.65,105.5,178.98164011987376,32034.42750000001,2046.0,0.04213773097687876
994,174.9,77.0,222.98338503126192,49721.59,2288.0,0.07348915553922519
995,156.35,107.0,157.12997008845892,24689.8275,1483.0,-0.01598816530174423
996,116.0,65.5,131.5826736314474,17314.0,1193.0,-0.03216042441663
997,194.4,165.5,164.35400816530154,27012.24,1748.0,-0.003856263160482853
998,279.05,114.5,436.9590913346466,190933.2475,1945.0,0.00984735021285036
999,196.65,61.0,340.0413614547501,115628.1275,1177.0,-0.04825093441074174
1000,207.44444444444449,92.0,274.8527327340189,75544.02469135803,1609.0,-0.01219209348695113
1001,248.0,138.0,360.8140795479024,130186.8,1441.0,-0.041174632537421575
1002,242.4,171.5,269.92395225322264,72858.94,1893.0,0.0017695785071046447
1003,179.25,111.0,177.53390521249736,31518.2875,1263.0,-0.048938831798871596
1004,207.65,94.0,318.7143352596491,101578.82749999998,1495.0,-0.020464244406217726
1005,244.3,209.0,245.45042269264889,60245.91,2089.0,0.01956479631858317
1006,160.15,111.0,159.4525869968876,25425.1275,1176.0,-0.051975845713602836
1007,158.2,85.0,231.74503230921687,53705.76,1252.0,-0.03439654738832336
1008,161.68421052631578,113.0,277.0080851245623,76733.47922437673,1009.0,-0.05898437794337808
1009,187.6,135.0,187.4071503438436,35121.439999999995,1469.0,-0.029033709549596387
1010,264.6842105263158,164.0,275.70580289629834,76013.68975069252,2219.0,0.029019521865634976
1011,160.47368421052633,98.0,187.22161605435824,35051.93351800554,1201.0,-0.04611944286556099
1012,248.45,257.5,191.7147555614852,36754.5475,2047.0,0.006328329742864947
1013,398.3684210526316,216.0,612.8674803548107,375606.5484764543,2033.0,-0.017604214465995298
1014,183.3333333333333,135.0,179.01986233686785,32048.11111111111,2080.0,0.04054370728087109
1015,271.05,155.0,320.51512834810154,102729.9475,1828.0,-0.012793230877686943
1016,193.0,124.5,221.6458887505022,49126.9,1527.0,-0.021135091469306522
1017,163.73684210526315,65.0,213.67039104911177,45655.03601108034,1355.0,-0.026868864238564775
1018,222.85,147.0,208.5455046266881,43491.22749999999,1931.0,0.008851482303447176
1019,140.9,81.0,166.43614391111086,27700.99,1084.0,-0.052259494470817236
1020,210.8421052631579,113.0,267.2596338981204,71427.71191135734,1720.0,-0.0024954036576306134
1021,158.35,88.0,193.7540386675849,37540.6275,2061.0,0.05219723570446311
1022,179.05263157894737,130.0,173.909375578568,30244.47091412742,2036.0,0.037100919850132065
1023,166.95,108.0,193.5596742609369,37465.3475,1624.0,-0.0011250086885284047
1024,155.65,95.5,156.89941841829753,24617.4275,1500.0,-0.01356287931587765
1025,161.1578947368421,132.0,120.97771136948924,14635.606648199444,1478.0,-0.023046484987107464
1026,141.5,59.5,196.39539200296937,38571.15,1177.0,-0.03850111486653314
1027,110.2,57.5,124.12235898499512,15406.36,1378.0,-0.009418924946169131
1028,198.15,134.0,226.8087906144733,51442.22750000001,1704.0,-0.003249663991596959
1029,137.6,75.5,153.76163370620122,23642.64,1092.0,-0.0511046653687505
1030,115.55,96.0,100.9665662484369,10194.247499999998,980.0,-0.059694023251136964
1031,129.95,97.0,129.74223483507595,16833.047499999997,1302.0,-0.027057402670795414
1032,1692.3,1014.0,2561.1403729588897,6559440.01,5666.0,-0.004744091811645035
1033,145.9,94.5,146.62158776933225,21497.89,1354.0,-0.02659993764755396
1034,102.45,62.0,115.23388173623242,13278.8475,564.0,-0.09825185981509546
1035,159.85,122.5,132.58102239762673,17577.727499999997,800.0,-0.09709051232078529
1036,213.8,125.5,206.46806048394023,42629.06,1604.0,-0.02353281987249905
1037,125.57894736842104,61.0,135.9149563008442,18472.87534626039,727.0,-0.08821667888109339
1038,147.2,106.0,128.16497181367458,16426.260000000002,1084.0,-0.059656293061349785
1039,153.3,92.5,181.8766340132784,33079.11,1225.0,-0.04064123765709139
1040,132.33333333333334,104.5,140.302847044844,19684.88888888889,910.0,-0.07113476178360476
1041,167.77777777777777,84.5,240.42151769930973,57802.5061728395,977.0,-0.06864594955000952
1042,2241.7894736842104,128.0,8673.289976030446,75225959.00831023,1392.0,-0.07041996796037475
1043,117.55,63.5,137.1890939542936,18820.8475,822.0,-0.07384345139732978
1044,111.55,56.0,122.61952332316416,15035.5475,827.0,-0.07196557548539179
1045,151.4,95.5,153.83413145332864,23664.94,1080.0,-0.05907756780351053
1046,184.3684210526316,84.0,254.0752500480529,64554.23268698061,1234.0,-0.04586442684262235
1047,445.7,161.0,895.5838933343989,802070.51,1329.0,-0.08695060667914532
1048,149.5,63.5,154.1400337355614,23759.15,1071.0,-0.058565899412492836
1049,166.3684210526316,115.0,136.86497784555706,18732.022160664823,1171.0,-0.057821416225037184
1050,619.5263157894736,473.0,654.9782936074698,428996.5650969529,3872.0,0.08806461493991122
1051,279.05,184.0,290.9330636074216,84642.04750000002,1437.0,-0.06397526135263151
1052,194.3,187.0,186.6738064110764,34847.11,2008.0,0.02729582416607755
1053,249.9,131.0,346.9543053487015,120377.29,1598.0,-0.0257538676247108
1054,132.75,75.0,121.2468040815922,14700.7875,1179.0,-0.042588305209117105
1055,251.6,122.5,522.8785136147784,273401.94,1319.0,-0.039012037851964415
1056,148.1,67.5,221.184289677183,48922.49,726.0,-0.08960570796877765
1057,147.21052631578948,86.0,160.20630743459589,25666.06094182825,1300.0,-0.031643020960548406
1058,153.8,125.0,150.1880820837659,22556.46,1077.0,-0.061466208700615074
1059,200.94444444444449,79.0,302.42124268095216,91458.60802469138,1346.0,-0.03557650460414927
1060,184.42105263157896,119.0,202.9537971246486,41190.24376731302,1193.0,-0.056593031151526356
1061,186.57894736842104,135.0,273.25972141217665,74670.87534626039,1187.0,-0.05110658878084773
1062,133.10526315789474,64.0,145.83368130811934,21267.46260387812,1200.0,-0.03757135060389608
1063,158.25,94.5,146.90060415124233,21579.7875,1618.0,-0.0025424818659113523
1064,211.5,114.5,289.85780996895704,84017.55,1237.0,-0.05460656249873863
1065,220.8,132.5,241.6666298850547,58402.76000000001,1814.0,0.0004496114716202619
1066,763.8,236.5,1380.5287248007553,1905859.56,2731.0,-0.02368302154247473
1067,215.05,106.0,224.5518815329767,50423.5475,2469.0,0.07522992441076243
1068,104.95,84.5,91.21539069696516,8320.247500000001,1159.0,-0.03562869162698393
1069,146.1,121.5,120.15818740310624,14437.99,1908.0,0.03211682578233005
1070,109.65,71.0,98.06950341467014,9617.6275,821.0,-0.07467618290330252
1071,210.05,115.0,278.60015703513164,77618.0475,2007.0,0.031218320167098537
1072,150.55,83.5,209.1658373157529,43750.3475,1085.0,-0.0520325975163457
1073,142.2,111.0,169.51389323592326,28734.959999999992,1842.0,0.03191436715416553
1074,406.0,191.5,463.6191324783739,214942.7,2571.0,0.0239629186634759
1075,110.35,82.5,113.00233404669126,12769.5275,1250.0,-0.0255149635969512
1076,144.4,94.5,149.16916571463423,22251.44000000001,1963.0,0.04266070451984568
1077,169.6,152.5,142.50382451008113,20307.34,1235.0,-0.052244073481843595
1078,274.0,59.5,628.76816077152,395349.4,706.0,-0.1054463751380394
1079,111.5,72.5,107.97939618279035,11659.55,1221.0,-0.02962362130508047
1080,123.65,69.0,130.63164815617998,17064.627500000002,1206.0,-0.034331570105712084
1081,2012.25,105.0,8271.085925529973,68410862.3875,978.0,-0.05492837555316274
1082,104.3157894736842,61.0,90.80809877606788,8246.1108033241,877.0,-0.06655502419164157
1083,753.95,128.5,2243.79563407633,5034618.847499999,1408.0,-0.07414655845235339
1084,88.15,59.0,73.90620745241904,5462.1275000000005,929.0,-0.05516303500444816
1085,124.25,95.5,117.79638152337276,13875.9875,889.0,-0.07204276577806444
1086,121.35,59.0,158.88935615704406,25245.8275,957.0,-0.058030677530536076
1087,230.85,197.0,203.6350350504549,41467.22749999999,1701.0,-0.022069898372726476
1088,79.15,74.5,62.39332897033144,3892.9275,786.0,-0.06865832910863184
1089,282.9,86.5,464.971171149352,216198.19,969.0,-0.09785427754316907
1090,131.95,77.5,173.60889234137747,30140.0475,577.0,-0.10425367737509657
1091,849.9,520.5,1167.4293940106186,1362891.39,2673.0,-0.09727716327465104
1092,642.65,106.0,1127.2195560315656,1270623.9274999998,6181.0,0.3938452800081931
1093,135.05263157894737,54.0,148.28900434241328,21989.62880886426,1123.0,-0.04663231201902763
1094,119.6842105263158,93.0,107.51452907034862,11559.373961218838,1007.0,-0.05778214326161076
1095,132.68421052631578,79.0,143.92287870192985,20713.795013850413,1548.0,0.0011570797849877953
1096,192.31578947368425,135.0,142.12227968292467,20198.742382271463,1280.0,-0.057165812786260276
1097,105.2,68.0,98.39237775356382,9681.06,744.0,-0.08120760925094425
1098,230.94736842105263,67.0,507.8471043930873,257908.68144044324,884.0,-0.07896698690391901
1099,66.0,45.0,68.15616742375364,4645.263157894737,454.0,-0.0987609668436896
1100,186.05,96.5,343.5467180748493,118024.3475,829.0,-0.0828195897170619
1101,90.21052631578948,32.0,104.2636228369771,10870.903047091411,671.0,-0.08128664973010374
1102,89.15,63.0,88.79767733448888,7885.027500000001,686.0,-0.08137337246066574
1103,108.10526315789474,66.0,107.60155288296488,11578.094182825487,1075.0,-0.04437751710381067
1104,119.63157894736842,103.0,101.25434910805755,10252.4432132964,873.0,-0.0736494568137705
1105,97.3,70.0,103.68370170860992,10750.31,1216.0,-0.024168563417098776
1106,134.9,102.0,143.43705936751493,20574.19,1005.0,-0.06125794461381407
1107,79.15,76.0,72.34727016273662,5234.1275000000005,905.0,-0.05428451846738493
1108,114.26315789473684,86.0,104.82659470978132,10988.614958448754,928.0,-0.06433914461469575
1109,137.9,67.5,149.56099090337693,22368.49,678.0,-0.09796701810748898
1110,127.5,72.0,141.42754328630616,20001.75,917.0,-0.06740513710011607
1111,106.3,70.0,110.66395076988712,12246.51,726.0,-0.0824629836895408
1112,87.35,55.5,97.15054039993808,9438.227499999995,960.0,-0.048791620005796385
1113,659.421052631579,101.0,1252.0321298966846,1567584.4542936287,911.0,-0.19156781094899356
1114,146.95,68.0,287.7119175494821,82778.14749999998,975.0,-0.054115147855524855
1115,230.8,119.5,266.8856684050307,71227.95999999999,1301.0,-0.0586886580397339
1116,199.3333333333333,121.0,263.90170729101226,69644.11111111111,1241.0,-0.05153375472238875
1117,105.9,53.0,111.8288424334259,12505.69,1012.0,-0.049743227512984156
1118,165.21052631578948,119.0,152.35781255679478,23212.90304709141,1475.0,-0.021634526062420483
1119,126.45,96.0,120.99275804774432,14639.2475,764.0,-0.08673021720299266
1120,94.9,48.5,98.2379254666954,9650.69,1009.0,-0.04645679007239819
1121,106.3,90.0,116.86962821879771,13658.51,1049.0,-0.045967452099188504
1122,492.1111111111111,351.0,539.1221144796303,290652.65432098764,4366.0,0.1912277176700823
1123,108.6,97.5,91.15722681170156,8309.64,750.0,-0.08341935257629796
1124,109.7,60.5,109.35542967772564,11958.61,905.0,-0.06387378016454191
1125,75.5,59.5,59.75156901705594,3570.25,669.0,-0.0801165395355195
