raceId,avgDriverLapStop,avgDriverPSTime,avgDriverStops,pitsWeightedSum
421,,,,
422,,,,
423,,,,
424,,,,
425,,,,
426,,,,
427,,,,
428,,,,
429,,,,
430,,,,
431,,,,
432,,,,
433,,,,
434,,,,
435,,,,
436,,,,
437,,,,
438,,,,
439,,,,
440,,,,
441,,,,
442,,,,
443,,,,
444,,,,
445,,,,
446,,,,
447,,,,
448,,,,
449,,,,
450,,,,
451,,,,
452,,,,
453,,,,
454,,,,
455,,,,
456,,,,
457,,,,
458,,,,
459,,,,
460,,,,
461,,,,
462,,,,
463,,,,
464,,,,
465,,,,
466,,,,
467,,,,
468,,,,
469,,,,
470,,,,
471,,,,
472,,,,
473,,,,
474,,,,
475,,,,
476,,,,
477,,,,
478,,,,
479,,,,
480,,,,
481,,,,
482,,,,
483,,,,
484,,,,
485,,,,
486,,,,
487,,,,
488,,,,
489,,,,
490,,,,
491,,,,
492,,,,
493,,,,
494,,,,
495,,,,
496,,,,
497,,,,
498,,,,
499,,,,
500,,,,
501,,,,
502,,,,
503,,,,
504,,,,
505,,,,
506,,,,
507,,,,
508,,,,
509,,,,
510,,,,
511,,,,
512,,,,
513,,,,
514,,,,
515,,,,
516,,,,
517,,,,
518,,,,
519,,,,
520,,,,
521,,,,
522,,,,
523,,,,
524,,,,
525,,,,
526,,,,
527,,,,
528,,,,
529,,,,
530,,,,
531,,,,
532,,,,
533,,,,
534,,,,
535,,,,
536,,,,
537,,,,
538,,,,
539,,,,
540,,,,
541,,,,
542,,,,
543,,,,
544,,,,
545,,,,
546,,,,
547,,,,
548,,,,
549,,,,
550,,,,
551,34.96666666666667,29316.61111111112,1.5,2.397989933028298
552,,,,
553,28.46923076923077,29849.207692307693,1.437179487179487,2.121440957354367
554,29.42163561076604,34787.684782608696,1.510973084886128,1.5479122617337095
555,31.255650037792893,32335.823129251705,1.502286470143613,1.8792017130008194
556,31.56272727272728,35737.85124098124,1.4563582251082252,2.298006928390751
557,30.81166056166056,37059.28795278796,1.431700244200244,2.4100565968281202
558,28.74038239538239,38345.5185518648,1.4223240648240645,2.21827027147777
559,30.48949689199689,38525.8812480575,1.4721474358974358,1.998079771320258
560,29.336727286554275,38699.87578649724,1.4852684800781686,1.7330770753768008
561,28.71521864379007,37923.22653873904,1.4493785315213887,1.9784964255641422
562,28.52958220849264,35891.80765214435,1.4623038614683,1.8567631855806837
563,29.035784020159745,36068.15881707097,1.5169005798510566,1.4355778405336288
564,27.751546224130543,35891.17323264916,1.4768126114195042,1.6287206983430118
565,27.331052707975783,36238.58877361954,1.3692444307828924,2.526506754116267
566,30.289053635134835,52599.04243467964,1.4441743154485271,2.105406133978238
567,29.32118010256969,41250.56049209842,1.5124832810845397,1.4687611073212854
568,28.57521016823468,41329.76102537663,1.5399791321805842,1.1289406903920787
569,28.516576335358305,36234.47462905912,1.5100286020041174,1.428895953223263
570,28.890490654368183,38192.0696640523,1.533530434413935,1.2520992356025793
571,29.824615384615385,36438.0587912088,1.3423076923076924,3.0821959691370315
572,29.9774581538592,36612.61115982825,1.4950966400616768,1.744778887592244
573,29.416234567413,39238.03728673724,1.583946489180082,0.8633766750212064
574,29.53561748545406,38774.304659221045,1.4815962038696724,1.7904388083801104
575,29.29115720264929,40387.27621030414,1.485931009950941,1.707562377644124
576,28.63401193401193,42853.263727126665,1.496013373072197,1.5140228231999768
577,28.65133611423833,40265.75872588736,1.5209103229952698,1.3165463681891432
578,30.29015068583673,40603.50101685357,1.5783702420101902,1.0132359398744744
579,28.895615523628155,38354.50742805369,1.5708868810901258,0.9200073085262543
580,29.845592703016177,39127.57438066995,1.5644795593827427,1.0918016561223112
581,29.159007789908312,37799.23704269269,1.5558627564305216,1.0914712584365598
582,30.00884006742056,36259.65604622039,1.575799787393721,1.0357002217854778
583,29.787317603024192,36229.31016421571,1.585470939929731,0.9218677095471384
584,29.7553599779832,36717.52464241277,1.5108365723800867,1.5759246480276035
585,29.32149011068596,37950.38568368275,1.4803484705618266,1.7809187259587558
586,30.309336750504475,36681.486026554216,1.5347075146985816,1.4351684704466932
587,30.157066615116275,35271.8052388283,1.612523829766058,0.7369086525327031
588,30.06525688489591,34351.062388199265,1.5443588917652633,1.3374681997904743
589,30.1046487057479,37236.1559169151,1.5695228738039526,1.095621797606313
590,30.258698401764665,36638.77533239919,1.55327766874007,1.264304171811526
591,30.32648268146618,36302.32213935391,1.5206810329651077,1.5649016531429463
592,31.15283016265004,35043.55601579873,1.5660496635836407,1.2782105955717964
593,29.87614659776435,35418.83839772292,1.5720028751910236,1.0593306177268023
594,30.808156077323137,36737.496819813154,1.5347806777628636,1.4977438385400568
595,30.04770504137113,36993.54694248468,1.506613869828331,1.6484498200163116
596,30.008997885464183,36604.7934690075,1.5625672896187994,1.1502888492496628
597,30.45898698067569,34533.05231431192,1.582202458724029,1.050506919912223
598,30.42566471465108,36048.59657744873,1.5668039718404636,1.1704521359023934
599,29.621643695832955,33973.801072863884,1.499068495133345,1.685726388270723
600,30.896438576247988,36586.99610122562,1.4795907409005156,1.9998768379086127
601,30.093983851105016,37197.48124685983,1.5283392711879766,1.4599463338159016
602,30.571275273052567,33764.39472685874,1.5978951511306188,0.931916329920202
603,30.94704227392392,34912.894143484424,1.5183700305078338,1.6760085028805725
604,30.17393944226789,36175.76955546868,1.5354682587140591,1.4152750910976646
605,30.461209930657613,34907.23992808446,1.5595634844478088,1.2485729094312268
606,30.889079132816647,34021.309643600165,1.5459195579768,1.4314984961900319
607,31.33667302867876,33397.105149444404,1.5753210454784383,1.232912035143762
608,30.48328672619153,34658.93497862895,1.5329688087940678,1.4893654155363754
609,31.283865737490554,34717.441206657255,1.5776986074818853,1.19426419551815
610,,,,
611,30.29389479198089,34974.58710500291,1.552990634825513,1.2849730904050962
612,29.99018411775084,35155.03902706209,1.57022944694431,1.091783296116353
613,31.12135527285017,34311.048552709835,1.5485436984530836,1.435499199106556
614,30.59633036192176,33717.01819133683,1.5644200636339278,1.2324846334935302
615,31.24192819695523,33189.06900447559,1.5296175475267912,1.6279885086151968
616,29.960964160838024,31838.33324900538,1.5601970477534322,1.2042198803476638
617,30.936140391422512,32309.598673055338,1.520378762160921,1.6781156559844874
618,31.42242965000497,32980.22133938007,1.4754385617034895,2.1334038594697917
619,30.9762868779202,32077.768767355512,1.492146428825313,1.9356089952081958
620,31.16416878025009,33093.997317248715,1.5003752340460568,1.8782693324028243
621,31.15780591598305,33736.619610699134,1.4880438682516672,1.9815946150204415
622,31.058749578766182,33698.14634139942,1.5007592803223793,1.8564558245343319
623,31.21617893963787,33808.70067151149,1.5103498188487623,1.7905645219416642
624,31.30880344974968,32685.57264583648,1.518691882866236,1.737579174100201
625,31.00368641436096,33130.39829915864,1.533959383385318,1.5595336484204485
626,30.975052221033675,33291.81774180579,1.5115432481500457,1.7534256898644207
627,30.9634083960573,34272.71407584838,1.526136518138624,1.6144386312507324
628,30.43474572631533,33652.00670031535,1.5250227166870176,1.561910104981282
629,30.671627197942406,35199.885805169106,1.5169682283598218,1.6509329287161985
630,30.82038341668521,36622.275409982976,1.5145675440692798,1.679573739748704
631,30.2876323492276,34757.74061536975,1.5232117143564958,1.5501396840683297
632,30.11736261586057,32648.3563723879,1.5040366629563136,1.7157923549939813
633,30.57255852768237,35784.220261600974,1.54172965736499,1.4138231530733136
634,30.77583074686128,32857.516468687514,1.5173934026320286,1.6796473397369738
635,31.16304874763222,34258.138789877055,1.5153320570881994,1.7358997830362854
636,30.78978624089496,34876.29190056786,1.5270061588718855,1.5796144240096546
637,31.30193427306052,32550.163980343703,1.5490249845873894,1.4687043741790695
638,31.261917508717392,34111.28142569635,1.5236104381246414,1.6762813634794145
639,31.37133867313442,34350.22799351509,1.5439320977916622,1.508005988277476
640,31.756404000042604,33276.754769994295,1.5391000032033828,1.6088266961379232
641,31.14925556138189,33451.39964307572,1.5202182912652509,1.6973963875041902
642,31.396488773202968,34426.176198854504,1.5182274102465585,1.7386396370248467
643,31.21865323182485,33884.90525671291,1.544183792830549,1.4900908036818534
644,30.897041019575973,33953.56420346112,1.512357423731762,1.7308236155799643
645,31.02838037919448,34341.600003324435,1.49411020724551,1.9062977567026107
646,31.02671860074019,34062.11454803504,1.5216126248754545,1.6643807358989067
647,30.884326628092143,34636.560533217016,1.4908516079622298,1.914400512410599
648,31.12466210641756,33810.35916676566,1.5120566799170023,1.7637243964795204
649,30.71518110156285,39041.06023418278,1.4906583463563283,1.8584496742256291
650,31.274051623133687,36126.65709271531,1.454843790473826,2.271403835438716
651,31.487964311644035,34887.836254779024,1.4770108379339837,2.1121991808078935
652,31.43896511194309,34802.44672956689,1.5072774241556752,1.838126205988142
653,31.29627238741632,35220.79293633664,1.5468126303432537,1.465737611671361
654,31.44654344127972,35058.472529642844,1.512131127896805,1.793936275171622
655,31.72530702807195,34938.52577751218,1.5086737083440356,1.8611809712891942
656,31.84273888806525,35113.24668172244,1.5158229462136548,1.8113163142357434
657,31.96901073732757,34782.9966487785,1.5087740527550697,1.89267757169752
658,31.83077730522073,34477.581358044845,1.5103025725550845,1.8639702384677554
659,32.0237326761403,34807.58469454216,1.5164566825013224,1.8313042992042257
660,31.20958784531868,34883.311082494605,1.511362319606613,1.7719398296282012
661,31.39314361441437,34731.32935096197,1.5200359687218388,1.719668471044579
662,31.36911126380169,34530.482862657445,1.522950201783102,1.692390903111611
663,31.15940431910249,33809.13798125825,1.5188157590277014,1.7082052053927632
664,31.74657071960924,33827.403096098846,1.4860232572846928,2.0739437243951846
665,32.07587855968099,33159.78505515878,1.4829253268402312,2.1489371999550673
666,31.464566008144185,33810.800210128975,1.5156897327740566,1.7748841346847226
667,31.05154140205937,35757.37016311958,1.5293589295535597,1.584943348470969
668,31.183361702087645,36128.13368055337,1.5574452696386951,1.3495620309705396
669,30.85570522023404,35392.58555955809,1.517992091058197,1.6637722095974279
670,30.37970963276316,34795.9357894021,1.5476220891460433,1.3450201889483233
671,30.68829063755361,37274.925484395535,1.4945748360636173,1.8347345185488075
672,30.83996562382896,36775.22006365327,1.516091895621658,1.6672975861410444
673,31.35962417215121,37194.87443042855,1.5336829567957124,1.5741414899156854
674,31.199915674395736,36029.68526051594,1.5153176394436156,1.7262262035157927
675,31.09615956194022,35211.61525396549,1.5375510690171743,1.5224307864517792
676,31.274386836939115,36324.86302650853,1.5266140996688862,1.6330973666164021
677,30.68583312359902,35234.5059377494,1.500185951756971,1.8013506921910503
678,30.662150947714327,37005.93490060171,1.5185965979151088,1.6204859100290863
679,30.85149052270988,34731.5923646904,1.4488250706292374,2.2822777755616213
680,30.93091462691445,34648.84638488002,1.4784112981648552,2.0306146203316597
681,30.84566393096565,35152.39543266476,1.4681024665289362,2.1070640636975444
682,30.222718738632835,38416.29491814368,1.4270186837692296,2.365287887496672
683,29.24376529738684,38389.64495776297,1.431209233576873,2.2033479474666726
684,30.49123047903896,39692.22727485465,1.479451378770638,1.9239506881915698
685,29.711118467901706,37725.1077184937,1.5014970824383045,1.6448820925286745
686,30.49606095635252,37781.44469292225,1.4941702039222666,1.8096345897043913
687,30.899574771729764,37434.11039320845,1.4836823363123135,1.9570402391968198
688,30.54087789629193,39001.553179145456,1.4746576550038049,1.9784739608961246
689,30.837526123667857,39216.19157034441,1.47005102678996,2.0554572969460567
690,30.75087994095863,38135.3384387616,1.4833178951048958,1.9355471632072798
691,31.483827546639024,37627.92031932597,1.5144924695719424,1.756704415595924
692,30.475851816730703,38418.59490310431,1.5147316864153773,1.6194208435017168
693,31.11528558715376,37962.32403866434,1.5166667169533283,1.687625546836709
694,31.69013387749303,36811.69364596425,1.518212694565931,1.7567228412315128
695,30.72847510331008,36466.04639518266,1.5007976322312702,1.7912822521652951
696,30.907415402925874,37722.21793541702,1.4975147178383237,1.8329647504195572
697,31.620540129042567,36757.36990182969,1.5098025791990182,1.8228950337684773
698,30.973469127064384,35705.014216900934,1.527069384912694,1.5957170050150509
699,29.225131375285777,34670.642545653216,1.4955878055553395,1.6602774094212616
700,30.803963118362585,38078.07703701445,1.5263033114409588,1.5614385696467408
701,29.23076752461691,37071.51204552267,1.525577016618732,1.375279005388476
702,29.854346930422203,35823.927186223984,1.546317775321533,1.2811009971550749
703,29.89561488611057,35856.70603301252,1.5783089778501305,1.00228416911309
704,30.9932648039118,35501.0666307877,1.5837421727924028,1.0971294479239755
705,30.26887066180607,35351.86839514757,1.5846098315692605,0.9981719024728671
706,30.220694208029435,35092.38249425883,1.5657500109814275,1.161465436006297
707,30.27287211706605,35029.44762805598,1.5679527731030158,1.1490999958874633
708,30.40971830720412,34464.4149848396,1.5800210286831349,1.0641320434078518
709,30.079577344624948,34573.31373988162,1.5780123220597633,1.038912527826448
710,29.93283186671983,35712.771582448004,1.5963574631016848,0.8480932434511137
711,29.74748109520656,34718.55747201385,1.5560012302891812,1.1906012832862447
712,29.78579420219884,35234.44752853989,1.5892588986189498,0.8962150130392841
713,29.436575231074084,35403.27279990828,1.6537483652480949,0.2781159455573975
714,29.815357815018896,34243.66704043765,1.596115206029516,0.8472761666043677
715,29.06573142959156,50499.37911100271,1.604755864490479,0.5417882103319358
716,28.780689317707846,42032.73621436755,1.648693717638341,0.18493139594850574
717,28.833504048935023,40231.906580121926,1.6637281310091177,0.07304106279627413
718,28.69019157490293,38538.73169854733,1.6716067935156822,-0.0012862274296875642
719,29.19243962024977,32990.59471455656,1.6729039908759715,0.09676316059058734
720,28.37580249078784,37802.411203540185,1.6516306613704113,0.1418292054479902
721,28.72011466719693,36651.60886121112,1.67985883303923,-0.055221063331504394
722,29.425185515237605,33267.427359305395,1.654828179191576,0.28457369962560525
723,28.716173499200885,35400.14350889055,1.6893226786876203,-0.12943584071012723
724,28.95772436285652,34395.2536967446,1.7026718575571995,-0.20879813026458416
725,28.68587350202177,33738.937825425994,1.7163911326064083,-0.3598433376533324
726,28.99556451787202,33378.550355950705,1.7036227172063516,-0.20407655652773343
727,29.370416176150275,31694.62280639216,1.6665994234434962,0.1860308402394352
728,28.7726678715348,32656.16871877529,1.719308992066468,-0.3657815081624441
729,29.16939779866564,33996.08689375137,1.656582179243415,0.23038944441793663
730,28.758638510857047,33356.87549709544,1.6727304665820082,0.03992051318784204
731,28.717406030727595,32452.405751350416,1.6829265535657465,-0.048393148278236264
732,29.234670650959284,31509.623070447946,1.670575546119876,0.1349405348223068
733,29.32899758478051,30536.04541746236,1.6500866089361117,0.33672833020947657
734,28.6708982391571,31521.243296430926,1.6121581406989285,0.5811326273173244
735,29.491851281363324,30799.7772907482,1.6145362767881095,0.6707522192075361
736,30.053617687705493,31199.560158230404,1.654217048489394,0.3871609656927886
737,29.835553960223347,30232.124342791383,1.6398734266530215,0.4944967274343944
738,29.838394367544765,30913.29972836457,1.617525222570922,0.6875478163260655
739,29.32720399230023,30563.19288036819,1.6579996141512023,0.2660750584142802
740,29.57682457257655,29155.459330137088,1.6574440985534595,0.3144006768403191
741,29.654591453629784,31964.79336821392,1.6474291925817048,0.39017119365625097
742,29.621618115097977,31902.21021802678,1.6678706051165175,0.20512361427722928
743,29.765877857130214,31645.9484299264,1.6712506131072475,0.19565312685746084
744,29.656599475989022,31764.6582435321,1.731009828585207,-0.3494373738691795
745,29.642896499571872,32641.653048672342,1.7262638596755768,-0.31626411017250095
746,29.38534422314683,33185.241358293344,1.7193135832788922,-0.29193609062514936
747,29.231723331982312,32898.63612451799,1.7304435564840834,-0.4079433531250334
748,28.98482095321864,33370.246125064936,1.7189867790106232,-0.3416858003268371
749,29.139781266357268,34561.70199983724,1.7129115341525158,-0.2777620077354494
750,28.93896764242236,33925.647908956416,1.7118631494771328,-0.288889451310698
751,30.111021698410315,32939.755790558665,1.654756254138027,0.3754544694780274
752,29.03260058203813,44068.54272293387,1.6854228362550068,-0.12543047037112792
753,28.92237303150057,41737.8949328468,1.658598615676793,0.11756098877508246
754,28.787603496576867,37441.613138587,1.679290807997477,-0.048035352651812885
755,29.59934595408626,33142.03932181338,1.6716351992386986,0.15872808461236748
756,29.757138772944803,33594.61030541871,1.6610278319205,0.26927236661022336
757,29.579698977906784,33012.92062061637,1.6258374275742076,0.5635822042116453
758,30.37410931767311,32442.45530527724,1.6253363713521631,0.6741199034794714
759,30.18161226923997,32320.946108313405,1.6140874485743542,0.7503366277238918
760,30.36164283730725,32090.034944727227,1.652490342242877,0.4345120977482155
761,30.294397437631147,32852.41016573018,1.602498598603363,0.863196221191012
762,30.187650898222905,33525.42635213054,1.6475472997162024,0.4443969785037852
763,30.244495769525976,32997.10928737612,1.6599686592171286,0.34578211170128326
764,30.23100290798904,33770.91866379349,1.6524780486851784,0.40417693507193225
765,30.079278718308057,33575.92460300542,1.6542940505737325,0.37029250377766765
766,29.371451079821213,32721.25163129149,1.6233748595334223,0.5612315147588612
767,29.79637584586238,31889.88497644789,1.6778316938601596,0.13916349971007044
768,29.371513668356005,32030.5360676846,1.682065830572526,0.04620634490516906
769,30.60359611601471,32118.90819615011,1.6017790670271694,0.9150614786199106
770,31.12342080081416,30898.691133018245,1.5902854130100337,1.0933878692979375
771,30.30519225767018,31528.277995853263,1.6480418318789092,0.47137166232578565
772,29.97166979776405,34148.937587447115,1.6546979041340295,0.3482787055185547
773,30.406994336758505,32673.089223953448,1.6336554395317209,0.6026250292836615
774,30.82943287587097,32239.625822172336,1.606021012078078,0.9052715839543686
775,31.010950542745384,32640.485990271987,1.6262952496506171,0.7452953213911384
776,30.906558693975143,33427.10633668518,1.624366549454026,0.742636649031212
777,31.2419408482234,31171.516051090184,1.6083928601368571,0.9456405513796651
778,31.14182981428856,33227.55081603014,1.6153863952286034,0.8539768726011202
779,30.645247872215105,32932.737043204776,1.6651433491042915,0.3515640264397766
780,30.919471457473257,31678.72055633857,1.6799673910695698,0.2653286599632441
781,30.7300614861667,32910.62455513821,1.6726570593689598,0.2959135548483876
782,30.503626040253028,32856.6915700087,1.6677888096888704,0.31063647788621307
783,30.20823462938263,32688.43065381236,1.6498693684643302,0.4332787519446356
784,30.316900102727413,32928.32615108412,1.6414088754437437,0.5202463098377483
785,30.17013705264521,32741.6349634448,1.6435505696801815,0.4840378081160408
786,31.384215652980807,30740.55974798064,1.6528405609708778,0.5730062782187493
787,30.37163152503378,32140.921617987573,1.6077053241820345,0.8326907039332443
788,29.78059876827112,32829.26181541045,1.644769530814686,0.42277441366754265
789,30.040663230875907,31909.77689587119,1.6386486185682734,0.517809469320705
790,29.860908302772927,31172.36972897178,1.620254681318021,0.664085455898968
791,30.07093217242398,31295.306700659537,1.6433005860995027,0.4854351352201363
792,30.42472466144261,30602.43340413198,1.6063369912294667,0.8642080126508743
793,30.32417098919553,31564.07367995692,1.6140903286002968,0.7747096931063753
794,30.84551991527719,30242.24007733025,1.6087052297282791,0.8998694891798169
795,30.574939622592684,31324.973503799032,1.6116806534130153,0.8300608573045671
796,30.672472031967825,31056.849648471634,1.6071428186658996,0.8849668193141784
797,30.97322990803825,31209.683670613493,1.608136894974221,0.9132930975541653
798,30.626081140092992,30953.85128199644,1.6203186124679572,0.7629957645736404
799,30.61245246892447,30672.56640337114,1.609285697114861,0.8614403541561004
800,30.451085507685505,30913.176307237296,1.616861691729194,0.771656402510627
801,30.53640839788552,30030.47385832607,1.588467658778888,1.0416822339532081
802,30.576158869172925,30234.63141217375,1.5881911228378565,1.047538474542895
803,30.23985877161037,30924.807047627542,1.611819692712562,0.7893255042323433
804,30.54931759354132,30830.3331471363,1.618721572910692,0.7683755806666553
805,30.44796075844277,30377.52499861564,1.6053979841709265,0.8773470242115557
806,29.85009806466477,30243.594102040788,1.6171846817403015,0.6975477864696401
807,29.967794438594247,30318.442143960845,1.621011087627514,0.6780140482187316
808,30.300882697176306,30243.65982871037,1.6132525460167777,0.7899827249447737
809,30.08598489389008,30464.25453352768,1.63567098214818,0.5618505495302322
810,30.053195044283964,30027.691988478546,1.6214329573759814,0.6875553630360878
811,30.209377610512604,30063.46716482261,1.6149087057225322,0.7650831905645676
812,30.277097563706786,30005.37568600219,1.614941214304345,0.7739161837972774
813,30.486831741751384,29268.25756881398,1.60041562660105,0.93559609997154
814,30.718891261685563,29913.751775020293,1.6128206579069353,0.8498823451191644
815,30.132009127233147,30242.03800007524,1.6212416449818097,0.6975592495962908
816,29.742735744685486,28454.78750361429,1.6352986129100824,0.5377889239679051
817,30.173806063316515,29221.726999919178,1.5965200385626075,0.9305744367355206
818,30.119577710652404,29296.041845172,1.621389096833471,0.7024113104660382
819,30.148814624373777,28768.82951932365,1.596513720064966,0.931148927749565
820,31.00557607114192,28976.446500600054,1.602281658194996,0.987657934557802
821,30.072727843383586,29941.05105774744,1.6116657501075715,0.7774105462421539
822,30.12929046873052,29614.385263852284,1.5982464365499311,0.906359408107233
823,25.54123957422351,56279.83777832717,1.5232565252721249,0.7675239539888166
824,26.6726724367524,29665.723332556645,1.5236548827973877,1.1263955634944292
825,27.968287276428843,43174.54636411456,1.6723131551202692,-0.1376821246071581
826,26.997330696890764,41571.826796371,1.644047322622712,0.002250128410776306
827,26.99983947957025,37486.881274273306,1.6426777252806517,0.0481750579592234
828,27.69740117216304,36483.04769747478,1.6318503121712065,0.24150994683503194
829,27.347349090587446,33168.31012410014,1.6530399098289208,0.03597769354298323
830,28.08203053136572,29143.559397375702,1.6542750941632232,0.1517756172061271
831,27.732474583984644,29135.753004918977,1.649383089803668,0.1506130072876255
832,27.75888843370996,32782.2938006162,1.6111572361898958,0.46325064264881677
833,27.09265549015213,32004.16036903926,1.6170520368201076,0.3322697264106683
834,27.641591431623283,32444.310515523288,1.6477041131716903,0.12680989674387022
835,27.9271627945878,32582.479281605632,1.620667938225061,0.4019939720905126
836,27.55273449719384,29082.93528596921,1.6189851665112402,0.3977803896517153
837,26.846984875106585,30966.69592898002,1.6122076488615047,0.3523799453492815
838,27.145715574693583,30855.16597211092,1.6073518184099882,0.43451117749684587
839,27.206393148606058,31287.061917491777,1.604977413556635,0.4597857590909134
840,28.22205130474692,28803.523543166222,1.590752719991329,0.7359891842846203
841,27.598200196025843,28453.54200150823,1.5569448448052996,0.9591436804661041
842,27.50429254373494,28272.31532007773,1.594794720748927,0.6128453902220125
843,27.763147715522265,27747.32009549972,1.656480406654338,0.10293424566430637
844,27.85174282600779,27721.12513377043,1.704446922004624,-0.3110859518448688
845,28.02856403537684,27771.56131537396,1.7052606898179534,-0.29614415150041407
846,28.374198856343508,28262.47376445397,1.6906039817927343,-0.12600788438592098
847,28.754452733547364,27693.50439057373,1.7503203235580849,-0.6025887280268669
848,28.5912610577582,27196.57224418416,1.752028955569491,-0.6345118886649264
849,27.487673232099315,27371.845058050007,1.724881229157461,-0.5359928921219086
850,28.45273274144824,27482.34606019157,1.7149220324818468,-0.32533564742002435
851,28.12272595486717,27582.272797899623,1.743060219009606,-0.6179193323085175
852,27.45311403651872,27057.7263159315,1.7152250931436297,-0.4521659607248498
853,27.418886564649217,31318.554774300064,1.7415114731934962,-0.7246354548494887
854,27.415881803490848,30647.22132636304,1.7489580517183068,-0.7855850874248522
855,27.35739290381189,29928.899813501543,1.7505864391904244,-0.801616086171252
856,27.45939099432337,30012.74062151216,1.7395863940569334,-0.691691523408744
857,27.40520039459938,29814.424224842383,1.7423685160474722,-0.7216679959919843
858,27.448132382787296,28933.101847434067,1.7395094226346004,-0.6836042369615549
859,27.39125667624716,29022.13111633851,1.7402612201269718,-0.6982642799871306
860,27.89158208403318,28676.32292843228,1.742679899295179,-0.6530146690757578
861,27.46675606978985,28362.354971497643,1.7467104211287487,-0.740437657493503
862,27.402345829918023,28054.82265036945,1.7517193149884285,-0.7905797122874084
863,27.54133590447209,27962.775751508994,1.7586144580622995,-0.8332531081466039
864,26.930721783169133,27753.78768057166,1.7645213697844244,-0.9619017961057993
865,27.097850316801008,27392.602627509623,1.7606224465268985,-0.90301676367212
866,27.34703684148183,27405.84749122668,1.756496761538034,-0.8347102242409815
867,27.284281324549497,27526.4169094569,1.7447595883770135,-0.7395805869220318
868,27.07567317131556,27392.90236825076,1.7373530408079507,-0.6994108875927767
869,27.15054280522931,27202.80376052829,1.7398099418880024,-0.7100925585385796
870,27.43213008558068,27553.57059410231,1.7443963159098317,-0.7177045899034673
871,27.273160283231856,27207.31080620072,1.73982929029501,-0.6946468220850759
872,27.16221252334388,26901.05106403616,1.7310427151313652,-0.628351110592445
873,26.991440852880046,27169.874896485904,1.7339396225606625,-0.6780552520962211
874,26.77971571680272,26786.61562941179,1.7396415338212297,-0.7525327568704063
875,26.94702060670256,26913.98240547818,1.724605388370323,-0.5988199298332187
876,26.949972679489232,27165.36307932341,1.7082428186160847,-0.45533761818673196
877,26.83239183509638,26693.634453811355,1.709388349993374,-0.47664848060319914
878,27.4613723852522,27403.398206823946,1.693156983475126,-0.2581604643003814
879,27.1204769033906,26805.02786829058,1.731811635395109,-0.6397146603520616
880,25.55671188839022,26131.292120509926,1.7783481872330575,-1.2466986853543385
881,26.10475533895419,26029.37143187872,1.8443251353163288,-1.7612254783738843
882,26.07473073412824,25874.050619407582,1.847266906755994,-1.7898852126493001
883,26.419989361900807,25959.24696414556,1.884998485011976,-2.0812485067562894
884,26.47015200231476,25702.111892711244,1.9016414657785976,-2.2203903827899305
885,26.70103974199513,25753.90499442152,1.873191324221536,-1.9389359493729437
886,26.96051385001212,25684.29926830258,1.8603946225896089,-1.7917106797679894
887,26.828129988512018,25675.98991422118,1.8574957579784608,-1.782825869699952
888,26.734293572931627,25517.02180866829,1.8547072270638816,-1.7687648117918469
889,26.94528936734225,25722.05309978755,1.855315190301524,-1.7489002454781415
890,26.84147148137432,25827.06754761977,1.8430209516794849,-1.6539434325444728
891,26.726122636524813,25656.65489570005,1.8285081183314285,-1.5385203716014642
892,26.66441598736281,25899.410291960343,1.8297147093219872,-1.5590909218171924
893,26.781853975293338,26035.92442144417,1.7967278347344096,-1.252565572639559
894,26.54179606638879,25902.83047452832,1.804783378956311,-1.353589777608465
895,26.28132732247183,25747.771825716536,1.824438126087331,-1.5599447802576911
896,26.31150050918448,25669.93772889256,1.814589213445421,-1.4680784194711716
897,26.380428010022136,25949.104891702853,1.8085562150096213,-1.4080417890876915
898,26.599412360509785,25622.47983405044,1.794332785413723,-1.2512233483714523
899,26.30744150310128,25562.36495914268,1.7027230284409884,-0.47527024724697825
900,26.168446281199625,25765.026686481488,1.7789646607864176,-1.1710695383896723
901,26.05858544379163,25504.24374031566,1.7876393520975866,-1.2599189536145559
902,26.10256376681641,25611.12127952624,1.7828650034188351,-1.2128229384684204
903,26.49421196357463,25768.755075421486,1.767791510760964,-1.0303852401072093
904,26.651067291350493,25844.747671954185,1.7525940367313328,-0.8761544910175286
905,26.572293406279083,25550.805879692605,1.7645842145145003,-0.9901776129690147
906,26.37005344952544,25310.824205945784,1.761117224768431,-0.9832736313904524
907,26.50220016055228,27923.384119687864,1.7490023646527546,-0.8803188628149989
908,26.56459676595952,27819.974936705985,1.7563139643693038,-0.9363724108544527
909,26.59723262106027,27952.436214830428,1.7509085911919695,-0.885335710975033
910,26.226956778858373,25401.298054778465,1.7396799698874863,-0.8120980977654949
911,26.266081783125344,27812.237584707844,1.7476767178964727,-0.8977925626511603
912,26.26628328106352,27596.559219971088,1.745883285749194,-0.8800896976165932
913,26.13943898289857,39202.68550629458,1.7768166684715088,-1.2657651253410265
914,26.222688428423044,35462.81451322223,1.7612495604482932,-1.0864018968737943
915,26.162459164113645,34843.981193829284,1.7611985454568218,-1.0885706624453861
916,26.20447451855355,34405.51676592462,1.7605673576556022,-1.074016098474362
917,26.78316217166714,33880.8631461636,1.7441255046481516,-0.8499721375029007
918,26.564763438038632,33008.96300097764,1.616135903373359,0.26477369683357665
919,25.76113662553472,31864.565208656288,1.7482392931313562,-1.0004356270887138
920,25.80075391590364,32387.03208836312,1.7354179394736748,-0.8859091040943016
921,25.773726690702897,32189.90192603229,1.7266573809042742,-0.8100239809513285
922,26.12193998033854,31825.56229646373,1.7227506976592923,-0.7279255811658855
923,26.431742893588968,31746.61077565247,1.718485184823812,-0.6498847197943735
924,26.238345590861808,32384.337732359727,1.7160586582911828,-0.6582705719300632
925,26.825129574384807,32195.98076645334,1.6844351034920917,-0.301259298099957
926,26.735902454226487,31605.11710505142,1.6910423975004627,-0.36642986399818356
927,27.81056453398866,30827.491702390376,1.7965185844357654,-1.1586168576111162
928,27.525873964908897,30532.19010261102,1.789085680559741,-1.1266016386715594
929,26.91024420031701,30851.122685338603,1.784164780641185,-1.1641528004910129
930,26.71364335633558,30936.29776129908,1.766424267941895,-1.0325610903224562
931,26.899706047693964,29944.77360199252,1.776287597501425,-1.0881914135905624
932,26.32777072966709,30903.013272151904,1.7519728349639632,-0.9533429471108237
933,26.03615643111443,30936.30579325648,1.7848362521942778,-1.2824003634772005
934,26.70839048765732,30746.714173831468,1.7748331255331378,-1.106280128809903
935,26.94517325865016,30315.811379766325,1.7677088046087728,-1.0093167132648386
936,26.377743164645626,31311.521056453417,1.7646586101996409,-1.0628532193544036
937,24.82009194296898,59766.07067779731,1.750572618110123,-1.369778702966519
938,25.40883086517612,69922.0666605948,1.7698833640705554,-1.5491084931454076
939,25.67524849403816,55640.52291532384,1.7917554995130205,-1.5921792634801648
940,25.37871232733755,51647.52364732188,1.7802274319461084,-1.4950626412074286
941,25.803592499848385,41801.71089994024,1.7823871610701274,-1.3793466521170479
942,25.87373442972043,41311.636136402325,1.78178984161399,-1.3610790346722665
943,25.771595111089127,45440.4411808516,1.7621220523743275,-1.2334449737479407
944,25.570806827198705,44774.273927461385,1.751299942306084,-1.1576128193121344
945,25.809504415665163,41273.13394210339,1.7893284597649377,-1.4358443260593632
946,25.45654787773645,40633.91549750202,1.7842137342864346,-1.4302941680706387
947,25.56973101481201,39880.52854670352,1.7764212283134102,-1.3405414855806816
948,25.747308112398954,37021.44106240895,1.7755516357680174,-1.286741128338378
949,24.82856610394897,58767.0020229101,1.7959136567956515,-1.7627678526201
950,25.03229433422064,56578.465886998434,1.7772253594513434,-1.553037818251729
951,24.959131965625467,50525.43900572997,1.810113946981852,-1.804584915037994
952,25.001560013975624,47732.26167301648,1.7981933637933976,-1.6705372245743488
953,24.985175043438712,46929.94660443935,1.7872915838163188,-1.5693409075966214
954,25.08134781017305,44932.28686948963,1.7853443237504787,-1.5234272210983806
955,24.87837370839859,45592.684585711344,1.7844208651355604,-1.5465561824754954
956,24.90838588793288,73484.45220679647,1.791193540251713,-1.8312315070496163
957,25.165539030067343,68999.56090423999,1.78719356138303,-1.7261853066030726
958,24.13587773634471,63188.89577368604,1.732464506379629,-1.3245121967249307
959,24.01468789745845,63961.09996965629,1.788720922816038,-1.8453993959513324
960,23.072343596227427,64861.41548601576,1.7977168677387227,-2.052889095957104
961,23.09334650071865,61957.80126237794,1.7823647648630505,-1.8902287953999222
962,23.478694494875672,60848.76716730959,1.77466964700885,-1.7636808327254028
963,24.21564189274152,58452.967787105765,1.7701776583219413,-1.6101241618396407
964,24.65483209837652,56929.73424299293,1.750481111470271,-1.3668368572509366
965,24.01332539695466,74294.57998789682,1.787971099632628,-1.9235479013347598
966,24.65201665266221,71666.72135818476,1.7891178065992652,-1.8306598332925794
967,24.22261462713724,70432.81074609395,1.7764281196574971,-1.7627960940256033
968,24.67249682639379,66450.53968079947,1.764779507714192,-1.5694043215962292
969,24.605042114820154,67562.9215973345,1.770269978439953,-1.6358359620548706
970,24.08411760226376,70253.97199282008,1.764888492967382,-1.6766367587397322
971,23.7065086649814,65633.55568160562,1.84194568620264,-2.37063581493254
972,23.02893697788574,63105.97906562849,1.776339404780917,-1.8543995970083746
973,23.932280824463007,64476.581346366285,1.8057916469599584,-2.011588369881312
974,23.92481640487162,61572.21367692121,1.7764054650413754,-1.728049847877655
975,24.428563074596283,53372.55165803363,1.7236650227128705,-1.1286875032530144
976,23.01798927986343,57799.17388166485,1.8392401086742745,-2.3703741958215154
977,23.323291307538057,58335.6132589038,1.8157230490871108,-2.1271534201600883
978,23.08879198989777,53527.38088766785,1.787579725323946,-1.8680343906346009
979,23.639271417511665,51927.91015953231,1.764878509188517,-1.5832581058192787
980,23.362977971240195,49016.68984582897,1.7504860017062347,-1.4670039399693287
981,23.92703062442419,53922.96185843829,1.7585316941545577,-1.5065519851267108
982,23.803879376849967,50722.71289067698,1.7571640422942916,-1.4839323382447158
983,24.22275056987916,51968.49399530384,1.754542362258145,-1.417399588577413
984,23.94135107781587,47936.65213286941,1.7402171439070866,-1.2932168596516678
985,24.11155114748308,50733.14558213653,1.72883127904489,-1.1933776816176422
986,24.184014355870257,51234.29468796757,1.7256786809351483,-1.1602616958174325
987,23.83931644198205,49345.35124635146,1.712824306145248,-1.074758467987745
988,24.45918810747004,49657.77339369445,1.7358990077076095,-1.2028917110216928
989,24.468651294970595,50913.26642065138,1.727365890142012,-1.136262092989019
990,24.380406444422537,50620.30856614788,1.715808208884969,-1.042592412656206
991,24.489611837275326,45349.16460173842,1.6989559287465787,-0.8359732894425942
992,24.44033079260269,49612.18501777768,1.710629305398157,-0.980740125480875
993,24.31185826178908,48197.13691519977,1.6923548404899535,-0.8234273650747155
994,24.12664149906163,48245.906505975145,1.6817739376236207,-0.7536021785279828
995,24.07783627866312,48445.95740041577,1.683627061191209,-0.7779117560110698
996,24.081071128669134,47317.94146871153,1.6734383310742815,-0.6778692477427737
997,24.07829300892472,47801.30941774735,1.6601920717594172,-0.564665405259722
998,23.84510062545061,45206.60024837946,1.6329279712928149,-0.3313075523971825
999,23.675311454881008,42616.60413083618,1.560195039318624,0.31349296355823725
1000,23.871672653774816,42687.6403245119,1.6036665861022548,-0.047687158784029626
1001,23.977231204698032,43786.35017714121,1.6297197878094098,-0.27434539120682544
1002,24.038636976534697,42413.32932665797,1.6145545485483894,-0.12071965259855671
1003,24.586807156719605,42259.82365311312,1.6168505977007417,-0.06984874214589021
1004,24.93880962857341,43042.72504177674,1.6124893551051978,0.007370724166264053
1005,24.69627739762888,42181.88118009162,1.5993572444888806,0.09996151640546669
1006,24.679718585608605,42284.56385402488,1.5951147076284562,0.1346451590162569
1007,24.9037648289754,42899.31337138042,1.6040706685365578,0.07875933749367614
1008,24.68382066206724,41614.60346497069,1.576229439925294,0.3082003463516826
1009,24.80900318336671,41436.9365231275,1.6568279705126354,-0.38941040906800306
1010,24.826202365785743,40440.08041612406,1.6424330229411628,-0.25134286743927503
1011,24.79905389308653,41197.70810249128,1.6404875471263487,-0.24375378361565314
1012,24.785047809587788,41096.36727574348,1.633424208972306,-0.18204801716970173
1013,24.84423651192233,41117.66612561439,1.6227888895719111,-0.08031238632475421
1014,24.75278134319646,40272.23742777374,1.6175298444968,-0.03840779310470066
1015,24.75531061944332,40986.188608284894,1.624063210677106,-0.10189403200469571
1016,24.70928844293352,41080.52545243368,1.615091829423025,-0.028950582417763104
1017,24.857754581986686,40973.83257506926,1.6229386014601062,-0.07873683100596121
1018,25.219478999568683,40769.91718715052,1.6265229686374052,-0.0626857986428272
1019,24.82029519560559,41936.61189716731,1.5983724487643494,0.12654007478268509
1020,26.42111426768504,39644.2391601945,1.6422931762626936,-0.03996573027605983
1021,26.1784418018046,42444.78190252138,1.6343022237301337,-0.02298894262273679
1022,25.868110879113928,40154.07342958725,1.6605753203834768,-0.2769358204829757
1023,25.417113018228456,42365.6322129493,1.6640674525413726,-0.3836066513990356
1024,25.3089081012453,42253.76021852937,1.6582252537169064,-0.3446744003424341
1025,25.407789829488337,43133.71839650734,1.6668390766267946,-0.41567629041608045
1026,25.28562106837934,41975.54103317821,1.641446254101338,-0.1965103319301787
1027,25.124194657089784,53682.549494014806,1.626944968334234,-0.18434333400388095
1028,25.337963194122427,70502.80123412173,1.6870153067974007,-0.8277298290396193
1029,25.261868948782386,66441.46218384376,1.6817249415253313,-0.7572493474306825
1030,25.156009318415425,68004.97162283598,1.6694403058253695,-0.6745828436689719
1031,25.16089670116364,68625.27031815739,1.6752105922406078,-0.7302312250401543
1032,25.254311253788806,66681.01621771118,1.6593843590470416,-0.5619766880132226
1033,25.229566422977086,66486.4948537037,1.6528736876429952,-0.505781909163151
1034,25.02674030377877,78319.35698749727,1.663504822378608,-0.7228987897034436
1035,26.65596920717328,72693.38233364762,1.6772922520972309,-0.5911426398371511
1036,25.44423505992217,70256.68843383073,1.6524240945047324,-0.505263249144331
1037,25.166252988318018,62480.22716751788,1.6284100993151478,-0.2640212861890358
1038,25.287015017067056,119271.16681678558,1.7398970100530868,-1.7027779435281072
1039,24.67139577292101,88616.68649852714,1.7376422364078077,-1.5103218906547808
1040,24.816793024495524,92358.16251155356,1.742259316536291,-1.563361873264702
1041,25.385264381783927,87251.42958894394,1.7142614894070975,-1.2005755760340935
1042,25.860026055927005,110178.275857058,1.758385947127033,-1.7191846738412724
1043,25.765683700048587,108876.58169609592,1.7550306831562337,-1.6908018742362967
1044,25.93101267287201,104530.25003105176,1.731959061929323,-1.4294151463785882
1045,25.88090943510804,103177.83401849684,1.7191355341927863,-1.3109692674873776
1046,25.707278506909525,133004.44829327753,1.730371033218759,-1.677081742368649
1047,,,,
1048,25.12409124107314,131314.08833532824,1.715365040189416,-1.6045636805018475
1049,25.23309103977702,117608.76457379867,1.7156480325569012,-1.4809178113324362
1050,25.113031321668107,127274.82857880478,1.705158696083823,-1.4823480463304346
1051,25.45620159216937,122874.23243149118,1.7018476217961014,-1.3731223396690038
1052,25.4055627909042,121631.95952436716,1.6936674115570352,-1.2968410697077937
1053,25.352389386750108,102288.00112066128,1.681980396922725,-1.041526945262507
1054,25.34637954036853,116878.14342378484,1.6860870941607882,-1.1982146956635722
1055,25.07742727884132,110890.65746379182,1.721087959163511,-1.4940341379675512
1056,25.15905175252199,103829.87332779476,1.7015845438957469,-1.2527596954125213
1057,24.755390866755963,114452.45883636276,1.699910682199607,-1.3764385812782223
1058,24.781348489521605,111857.13978174748,1.7008602874276229,-1.3602947080668075
1059,25.53746498346344,88535.76872588266,1.6993535300531568,-1.0594034194575692
1060,25.11279415679292,107988.2518263603,1.710201441253525,-1.3691673353370932
1061,25.01302901623972,107486.6151793774,1.6998463619861668,-1.2859285822012363
1062,24.952575042836514,107275.05803218696,1.6918673199677017,-1.2211262224010975
1063,25.03128228966964,101909.45364546824,1.681417938429894,-1.0744318588760347
1064,25.04028396492405,101812.5934430872,1.6793490223765195,-1.0541345487535252
1065,25.007786652029587,110051.06681461132,1.695931404440384,-1.2728672198154758
1066,24.880249271418304,106918.8529983217,1.674158027595513,-1.0703308537361416
1067,24.870679133259983,104485.41375254326,1.6965989769632748,-1.250713631469755
1068,24.88873404939845,120244.37068584144,1.6858336657539532,-1.2819608931492992
1069,25.03922664844457,117350.30408326462,1.69107396835659,-1.2855371648242686
1070,24.93865398588733,116837.95369838164,1.680836614980335,-1.2033581963693054
1071,24.98232243437492,118602.55433696872,1.6776006194289743,-1.183525622185267
1072,25.026696445676656,113017.06220680164,1.6804123875820784,-1.157062918738935
1073,25.2943402481672,116912.17853242243,1.70085131938733,-1.3361212324861906
1074,25.55385468780943,110563.56976062722,1.7026562452293226,-1.2670100076191413
1075,25.54566278041868,109446.13667433304,1.70337972895378,-1.2653230960676694
1076,25.264752278684583,109545.7360714016,1.704377252005859,-1.3108517364540377
1077,25.18085035385112,108205.8857193438,1.6964726049923722,-1.2404626976385695
1078,25.327961304622143,110432.58909178487,1.687710226060534,-1.1621797501946534
1079,25.375186359127145,106008.44871819815,1.6930167549452766,-1.166996851385878
1080,25.097955626389066,94767.84121390068,1.6436843826309218,-0.672671554530012
1081,25.244290610716007,89888.79292223645,1.6867331957210134,-0.9959489643826288
1082,23.60262506147352,84740.84164130036,1.6328567793457862,-0.6854007909051796
1083,26.05486844892225,147730.4066402189,1.7849501547624622,-2.237515653938832
1084,25.86569270772249,144547.37643701356,1.768207579344574,-2.087064214408251
1085,25.512524426610053,138087.56567600535,1.7459732234827992,-1.8819923725548158
1086,26.038003328547926,131828.9067398868,1.7303357629369382,-1.6249187492569916
1087,26.063442603996982,124350.23107727668,1.689650005203378,-1.1994711951339114
1088,25.928926648212787,119567.26234330118,1.714766463494637,-1.400300251088125
1089,25.77627113078908,113296.63743810767,1.7369604634672338,-1.5653346470941654
1090,25.645513460242803,107474.1405982681,1.7374139727460027,-1.5383678380921197
1091,25.44614699914853,101898.62279488666,1.715873816532312,-1.3270611850796772
1092,25.58772589385844,108249.08295070936,1.6952753910526357,-1.1782502225619922
1093,26.60241339993528,125544.08191912112,1.875668340797149,-2.7907415921536645
1094,26.441159711693366,120295.80407016216,1.847517617008685,-2.5186020208507367
1095,26.30183308975329,121451.97427719568,1.8222350693756488,-2.3215584123294963
1096,26.01361020997632,120348.29152120795,1.819520685947021,-2.325235249247629
1097,25.611059937187363,101538.07585666551,1.7405400118716337,-1.5218859549693713
1098,25.75830211605716,109191.54423408554,1.7440588933696894,-1.5969850329541626
1099,25.833683934197992,118260.87518213046,1.753556267674415,-1.7458931824597501
1100,25.56650200628834,117964.64944104804,1.7556457392535056,-1.7961149487746066
1101,25.548250913748262,118851.71610767808,1.7511881451893818,-1.766163197894806
1102,25.55015361472436,117442.64988907627,1.7471300231017544,-1.7183781146357195
1103,25.563365115335262,114703.78297515448,1.7603230999466744,-1.8113065594081026
1104,25.597395661018645,116228.85472851928,1.7279664839230533,-1.532392822769991
1105,25.44382729919174,116520.5389297876,1.7441003219235904,-1.6975222062275241
1106,25.29369658268925,120384.30863182172,1.7436143108848483,-1.7440199277944881
1107,25.23211486276253,119051.77524924968,1.7417810295637914,-1.7247046935614803
1108,25.23245719490263,118154.12831893252,1.738138108451205,-1.6849906707550955
1109,25.44514204249711,122070.41107226322,1.7318636087056718,-1.6342447476794189
1110,25.335677416966085,125731.09951011708,1.7227943210597023,-1.5977391497368874
1111,25.277235141219226,126567.83603250244,1.7322144392356094,-1.6956255041816284
1112,25.3082651907743,125164.8581310122,1.7300152661634016,-1.6606637317924187
1113,25.3864458263848,123024.08098953824,1.7338720206197489,-1.6673665784972354
1114,25.440121660724795,122452.85340232623,1.7300408209206803,-1.6218464659479712
1115,25.52996904042753,120980.23111656676,1.726917126878712,-1.5706031674499659
1116,25.43328066824849,120289.63591663388,1.7261949775249192,-1.5708847714646286
1117,25.622997230781223,114587.02017024292,1.7104432553026907,-1.3602172379366233
1118,24.22605312753445,110492.3353186582,1.640255601274777,-0.882343099480754
1119,24.94346901677837,112587.79046441687,1.674746960394374,-1.113910747558068
1120,25.33084127807376,118597.1568120685,1.723082662348463,-1.54249071431722
1121,25.704366658161,115555.1531225972,1.7169449733883244,-1.4154389968972025
1122,25.390941660811727,112255.78787489884,1.670196897781517,-1.0136970719386755
1123,26.11718002768371,120809.88243145333,1.7099098046728425,-1.3433559730868945
1124,26.04849900532603,122924.49714852987,1.7359546029939072,-1.60050425810693
1125,26.264496437787024,116290.5724502608,1.7135156849293334,-1.3195275576380117
