raceId,FRALPC,freeAvgPosDiff,qualifyingALPC,qualAvgPosDiff,paceALPC,pacePosDiff,preRaceALPCWeightedSum
421,,,0.0,0.0,,,
422,,,0.0,0.0,,,
423,,,0.0,0.0,,,
424,,,0.0,0.0,,,
425,,,0.0,0.0,,,
426,,,0.0,0.0,,,
427,,,0.0,0.0,,,
428,,,0.0,0.0,,,
429,,,0.0,0.0,,,
430,,,0.0,0.0,,,
431,,,0.0,0.0,,,
432,,,0.0,0.0,,,
433,,,0.0,0.0,,,
434,,,0.0,0.0,,,
435,2.6956521739130435,2.5833333333333335,0.0,0.0,0.7826086956521737,0.75,0.010359769021739185
436,2.6400000000000006,2.5384615384615383,0.0,0.0,0.16,0.15384615384615385,0.015998390830768934
437,,,0.0,0.0,,,
438,,,0.0,0.0,,,
439,,,0.0,0.0,,,
440,,,0.0,0.0,,,
441,,,0.0,0.0,,,
442,,,0.0,0.0,,,
443,,,0.0,0.0,,,
444,,,0.0,0.0,,,
445,,,0.0,0.0,,,
446,,,0.0,0.0,,,
447,,,0.0,0.0,,,
448,,,0.0,0.0,,,
449,,,0.0,0.0,,,
450,,,0.0,0.0,,,
451,,,0.0,0.0,,,
452,,,0.0,0.0,,,
453,2.4000000000000004,2.3076923076923075,0.0,0.0,0.0,0.0,0.014839831384615199
454,3.3600000000000003,3.230769230769231,0.0,0.0,0.39999999999999997,0.38461538461538464,0.01996220470769214
455,3.6000000000000014,3.4615384615384617,0.0,0.0,0.0,0.0,0.02225974707692213
456,2.2399999999999998,2.1538461538461537,0.0,0.0,0.32,0.3076923076923077,0.013199661907692409
457,2.7200000000000006,2.6153846153846154,0.0,0.0,0.4,0.38461538461538464,0.01600491633846121
458,3.600000000000001,3.4615384615384617,0.0,0.0,3.600000000000001,3.4615384615384617,0.014937713999999547
459,2.3200000000000003,2.230769230769231,0.0,0.0,0.08,0.07692307692307693,0.01418245849230754
460,1.6000000000000005,1.5384615384615385,0.0,0.0,0.24,0.23076923076923078,0.009405085384615111
461,1.4400000000000004,1.3846153846153846,0.0,0.0,0.08,0.07692307692307693,0.008741186984615072
462,2.4347826086956523,2.3333333333333335,0.0,0.0,0.0,0.0,0.010040714782608706
463,3.200000000000001,3.076923076923077,0.0,0.0,0.0,0.0,0.019786441846153302
464,1.9200000000000004,1.8461538461538463,0.0,0.0,0.48,0.46153846153846156,0.010895594030769257
465,2.72,2.6153846153846154,0.0,0.0,0.48,0.46153846153846156,0.015842204492307582
466,5.039999999999999,4.846153846153846,0.0,0.0,1.2800000000000002,1.2307692307692308,0.028560256369230985
467,4.0,3.8461538461538463,0.0,0.0,0.08,0.07692307692307693,0.024570340461538446
468,3.120000000000001,3.0,0.0,0.0,0.56,0.5384615384615384,0.01815279787692259
469,4.083333333333334,3.92,0.0,0.0,0.0,0.0,0.021211903999999393
470,3.4400000000000004,3.3076923076923075,0.0,0.0,0.8800000000000001,0.8461538461538461,0.019480594676922702
471,3.3333333333333335,3.2,0.0,0.0,0.25,0.24,0.01693540029999975
472,5.200000000000001,5.0,0.08,0.07692307692307693,2.3200000000000003,2.230769230769231,0.02660109039999925
473,5.120000000000001,4.923076923076923,0.0,0.0,3.3600000000000003,3.230769230769231,0.024824409415383997
474,3.440000000000001,3.3076923076923075,0.0,0.0,0.16,0.15384615384615385,0.02094500129230726
475,5.120000000000003,4.923076923076923,0.0,0.0,0.72,0.6923076923076923,0.0301939003384597
476,4.083333333333333,3.92,0.0,0.0,0.6666666666666667,0.64,0.020197398133333627
477,2.880000000000001,2.769230769230769,0.0,0.0,0.48000000000000004,0.46153846153846156,0.01683152658461476
478,5.600000000000001,5.384615384615385,0.0,0.0,1.2,1.1538461538461537,0.03218559553846084
479,5.040000000000001,4.846153846153846,0.0,0.0,0.88,0.8461538461538461,0.029373815599999298
480,3.3600000000000003,3.230769230769231,0.0,0.0,0.0,0.0,0.020775763938461367
481,4.08,3.923076923076923,0.0,0.0,1.6800000000000002,1.6153846153846154,0.02181076458461506
482,4.960000000000002,4.769230769230769,0.0,0.0,1.12,1.0769230769230769,0.028391019015383767
483,3.920000000000001,3.769230769230769,0.0,0.0,0.4,0.38461538461538464,0.023424832030769033
484,3.4400000000000004,3.3076923076923075,0.0,0.0,2.08,2.0,0.017039916984614933
485,4.320000000000001,4.153846153846154,0.0,0.0,0.08,0.07692307692307693,0.026548984646153243
486,3.2800000000000002,3.1538461538461537,0.0,0.0,1.52,1.4615384615384615,0.01718957781538427
487,2.8000000000000003,2.6923076923076925,0.0,0.0,1.04,1.0,0.015197882615384462
488,3.3600000000000008,3.230769230769231,0.0,0.0,0.48,0.46153846153846156,0.019799492861538287
489,4.24,4.076923076923077,0.0,0.0,0.16,0.15384615384615385,0.025891611753845807
490,3.6000000000000005,3.4615384615384617,0.0,0.0,2.0000000000000004,1.9230769230769231,0.01819195092307646
491,3.120000000000001,3.0,0.0,0.0,0.6400000000000001,0.6153846153846154,0.017990086030768737
492,2.9166666666666665,2.8,0.0,0.0,0.41666666666666663,0.4,0.01451729383333325
493,3.4400000000000004,3.3076923076923075,0.0,0.0,1.12,1.0769230769230769,0.01899245913846115
494,4.08,3.923076923076923,0.0,0.0,0.9600000000000002,0.9230769230769231,0.023275171199999778
495,3.920000000000001,3.769230769230769,0.0,0.0,0.31999999999999995,0.3076923076923077,0.02358754387692287
496,2.3200000000000007,2.230769230769231,0.0,0.0,0.5599999999999999,0.5384615384615384,0.013206187415384207
497,3.416666666666667,3.28,0.0,0.0,0.16666666666666666,0.16,0.017495109533333476
498,3.666666666666667,3.52,0.0,0.0,0.0,0.0,0.01904742399999959
499,2.9999999999999996,2.88,0.0,0.0,0.16666666666666666,0.16,0.015330629533333452
500,3.2800000000000002,3.1538461538461537,0.0,0.0,1.76,1.6923076923076923,0.016701442276922718
501,3.8400000000000016,3.6923076923076925,0.0,0.0,0.56,0.5384615384615384,0.02260474729230688
502,2.8000000000000007,2.6923076923076925,0.0,0.0,0.56,0.5384615384615384,0.016174153692307347
503,3.9166666666666665,3.76,0.0,0.0,0.0,0.0,0.020346111999999916
504,3.280000000000001,3.1538461538461537,0.0,0.0,0.0,0.0,0.02028110289230689
505,2.880000000000001,2.769230769230769,0.0,0.0,1.6800000000000002,1.6153846153846154,0.014390848892307018
506,4.240000000000001,4.076923076923077,0.0,0.0,0.32,0.3076923076923077,0.025566188061537667
507,3.6800000000000006,3.5384615384615383,0.0,0.0,1.2000000000000002,1.1538461538461537,0.020313730430769006
508,2.6400000000000006,2.5384615384615383,0.0,0.0,0.08,0.07692307692307693,0.016161102676922782
509,3.2000000000000006,3.076923076923077,0.0,0.0,0.24,0.23076923076923078,0.019298306307691984
510,4.400000000000001,4.230769230769231,0.0,0.0,1.52,1.4615384615384615,0.024114832461537616
511,3.2800000000000002,3.1538461538461537,1.2,1.1538461538461537,1.2,1.1538461538461537,0.005341914276922766
512,1.7600000000000007,1.6923076923076923,0.0,0.0,0.0,0.0,0.010882543015384272
513,3.68,3.5384615384615383,0.0,0.0,1.12,1.0769230769230769,0.0204764422769228
514,2.7200000000000006,2.6153846153846154,0.0,0.0,0.4,0.38461538461538464,0.01600491633846121
515,4.640000000000001,4.461538461538462,0.0,0.0,0.4799999999999999,0.46153846153846156,0.02771406959999967
516,2.56,2.4615384615384617,0.0,0.0,1.5999999999999999,1.5384615384615385,0.012574916553846127
517,2.4000000000000004,2.3076923076923075,0.0,0.0,0.08,0.07692307692307693,0.01467711953846135
518,4.160000000000001,4.0,0.0,0.0,1.9200000000000002,1.8461538461538463,0.02181729009230715
519,3.4400000000000004,3.3076923076923075,0.0,0.0,1.36,1.3076923076923077,0.018504323599999595
520,2.16,2.076923076923077,0.0,0.0,1.2,1.1538461538461537,0.01091517055384611
521,2.416666666666667,2.32,0.0,0.0,1.25,1.2,0.010651785499999733
522,2.7199999999999998,2.6153846153846154,0.0,0.0,0.56,0.5384615384615384,0.015679492646154203
523,3.8400000000000007,3.6923076923076925,0.0,0.0,0.72,0.6923076923076923,0.022279323600000067
524,2.960000000000001,2.8461538461538463,0.0,0.0,1.5200000000000002,1.4615384615384615,0.015210933630768808
525,2.5600000000000005,2.4615384615384617,0.0,0.0,0.24000000000000002,0.23076923076923078,0.01534101793846128
526,3.4400000000000004,3.3076923076923075,0.0,0.0,1.28,1.2307692307692308,0.01866703544615339
527,3.0833333333333335,2.96,0.0,0.0,0.9166666666666664,0.88,0.014622206433333118
528,3.600000000000001,3.4615384615384617,0.0,0.0,0.0,0.0,0.022259747076922576
529,4.083333333333333,3.92,0.0,0.0,1.8333333333333335,1.76,0.018422012866667004
530,1.9200000000000002,1.8461538461538463,0.0,0.0,0.9600000000000001,0.9230769230769231,0.009919322953846177
531,3.120000000000001,3.0,0.0,0.0,0.16,0.15384615384615385,0.018966357107691796
532,2.64,2.5384615384615383,0.0,0.0,0.7999999999999999,0.7692307692307693,0.014696696061538395
533,3.8400000000000007,3.6923076923076925,0.0,0.0,0.0,0.0,0.023743730215384673
534,2.083333333333333,2.0,0.0,0.0,0.25,0.24,0.010441960300000122
535,2.833333333333333,2.72,0.0,0.0,0.6666666666666667,0.64,0.013703958133333777
536,2.6666666666666665,2.56,0.0,0.0,0.8333333333333334,0.8,0.012584539666666728
537,2.666666666666667,2.56,0.0,0.0,0.5,0.48,0.013091792599999846
538,2.7499999999999996,2.64,0.0,0.0,0.16666666666666666,0.16,0.014031941533333571
539,2.333333333333333,2.24,0.0,0.0,1.1666666666666667,1.12,0.010345702733333517
540,2.2500000000000004,2.16,0.0,0.0,0.5,0.48,0.010927312600000044
541,2.999999999999999,2.869565217391304,0.0,0.0,0.0,0.0,0.008879572173913441
542,2.3200000000000003,2.230769230769231,0.0,0.0,1.0399999999999998,1.0,0.012229916338461322
543,2.7200000000000006,2.6153846153846154,0.0,0.0,0.4,0.38461538461538464,0.01600491633846121
544,2.416666666666667,2.32,0.0,0.0,0.08333333333333333,0.08,0.012427170766666402
545,4.320000000000001,4.153846153846154,0.0,0.0,0.0,0.0,0.02671169649230709
546,1.36,1.3076923076923077,0.0,0.0,0.0,0.0,0.008409237784615331
547,2.8695652173913047,2.75,0.0,0.0,0.0,0.0,0.011833699565217293
548,1.3636363636363633,1.3043478260869565,0.0,0.0,1.0909090909090908,1.0434782608695652,0.0036392105928855223
549,3.8400000000000007,3.6923076923076925,0.0,0.0,1.6800000000000002,1.6153846153846154,0.020326781446153852
550,3.1200000000000006,3.0,0.0,0.0,1.04,1.0,0.017176526799999703
551,1.6666666666666667,1.6,0.0,0.0,0.3333333333333333,0.32,0.008150667066666534
552,1.2173913043478262,1.1666666666666667,0.0,0.0,0.0,0.0,0.005020357391304353
553,3.25,2.888888888888889,0.0,0.0,0.75,0.6666666666666666,-0.11500054416666666
554,2.3200000000000003,2.230769230769231,0.0,0.0,0.72,0.6923076923076923,0.012880763723076782
555,2.3200000000000007,2.230769230769231,0.0,0.0,0.8000000000000002,0.7692307692307693,0.012718051876922765
556,2.4166666666666656,2.32,0.0,0.0,0.24999999999999997,0.24,0.012173544300000616
557,2.0000000000000004,1.9230769230769231,0.0,0.0,0.08,0.07692307692307693,0.012203814307692077
558,2.2400000000000007,2.1538461538461537,0.0,0.0,1.2000000000000002,1.1538461538461537,0.011409831599999531
559,6.48,6.230769230769231,0.0,0.0,5.84,5.615384615384615,0.028189579969230882
560,2.960000000000001,2.8461538461538463,0.0,0.0,1.6,1.5384615384615385,0.015048221784614957
561,2.880000000000001,2.769230769230769,0.0,0.0,0.39999999999999997,0.38461538461538464,0.01699423843076861
562,1.7600000000000007,1.6923076923076923,0.16,0.15384615384615385,0.88,0.8461538461538461,0.007426244584615049
563,2.4000000000000004,2.3076923076923075,0.0,0.0,0.5599999999999999,0.5384615384615384,0.01370084846153824
564,2.8000000000000007,2.6923076923076925,0.0,0.0,1.7600000000000002,1.6923076923076923,0.013733475999999745
565,2.090909090909091,2.0,0.0,0.0,0.0,0.0,0.006188792727272796
566,3.1666666666666665,3.04,0.0,0.0,3.1666666666666665,3.04,0.01163114513333352
567,1.9200000000000004,1.8461538461538463,0.0,0.0,0.24000000000000002,0.23076923076923078,0.011383729569230797
568,1.7500000000000004,1.68,0.0,0.0,0.33333333333333337,0.32,0.008583563066666286
569,1.5652173913043474,1.5,0.0,0.0,0.0,0.0,0.006454745217391533
570,1.043478260869565,1.0,0.0,0.0,0.17391304347826086,0.16666666666666666,0.004134999782608811
571,1.4285714285714288,1.3636363636363635,0.0,0.0,0.09523809523809523,0.09090909090909091,0.0024423306060603056
572,1.9130434782608692,1.8333333333333333,0.0,0.0,0.7826086956521738,0.75,0.007132396413043696
573,2.2608695652173916,2.1666666666666665,0.0,0.0,0.17391304347826086,0.16666666666666666,0.009155357173912824
574,1.391304347826087,1.3333333333333333,0.6956521739130435,0.6666666666666666,0.4347826086956522,0.4166666666666667,-0.001968182282608699
575,3.565217391304349,3.4166666666666665,0.0,0.0,3.043478260869565,2.9166666666666665,0.011759610543477517
576,1.8000000000000005,1.7142857142857142,0.0,0.0,0.6,0.5714285714285714,0.00114741342857122
577,1.8260869565217386,1.75,0.0,0.0,0.0,0.0,0.007530536086956863
578,1.3043478260869563,1.25,0.0,0.0,0.08695652173913043,0.08333333333333333,0.005294872500000113
579,1.3913043478260867,1.3333333333333333,0.0,0.0,0.0,0.0,0.005737551304347943
580,2.0909090909090904,2.0,0.0,0.0,0.9090909090909092,0.8695652173913043,0.0058579939130437575
581,1.2380952380952381,1.1818181818181819,0.0,0.0,0.2857142857142857,0.2727272727272727,0.0021764214285713984
582,2.6666666666666665,2.526315789473684,0.0,0.0,2.6666666666666665,2.526315789473684,-0.0006353866666666264
583,2.1000000000000005,2.0,0.0,0.0,1.9000000000000004,1.8095238095238095,0.0025561089999996955
584,2.8571428571428568,2.727272727272727,0.0,0.0,2.761904761904761,2.6363636363636362,0.005640681082250909
585,2.105263157894737,2.0,0.0,0.0,0.8421052631578946,0.8,-0.0010688661052634663
586,1.5999999999999999,1.5238095238095237,0.0,0.0,1.0,0.9523809523809523,0.001493379714285814
587,2.4,2.2857142857142856,0.0,0.0,0.0,0.0,0.0007182445714286612
588,2.421052631578947,2.3,0.0,0.0,0.7368421052631579,0.7,-0.0016476931052630817
589,0.8571428571428572,0.8181818181818182,0.0,0.0,0.8571428571428572,0.8181818181818182,0.0017006045454544538
590,3.0,2.857142857142857,1.2,1.1428571428571428,1.2,1.1428571428571428,-0.01057945542857125
591,1.263157894736842,1.2,0.3157894736842105,0.3,1.2631578947368418,1.2,-0.0026258338421052407
592,1.888888888888889,1.7894736842105263,0.0,0.0,0.5555555555555557,0.5263157894736842,-0.004027631169590817
593,1.2631578947368418,1.2,0.0,0.0,0.10526315789473684,0.1,-0.0013641782631576907
594,2.1111111111111107,2.0,0.0,0.0,0.3333333333333333,0.3157894736842105,-0.005273101929824331
595,1.5789473684210522,1.5,0.0,0.0,1.3684210526315788,1.3,0.000529932052631743
596,2.2105263157894735,2.1,0.0,0.0,0.0,0.0,-0.002720207368420713
597,3.222222222222222,3.0526315789473686,0.0,0.0,0.0,0.0,-0.009413542456140123
598,1.8000000000000005,1.7142857142857142,0.0,0.0,1.8000000000000005,1.7142857142857142,0.00236487342857139
599,2.8000000000000003,2.6666666666666665,0.0,0.0,1.7000000000000004,1.619047619047619,0.0025626869999998414
600,3.3333333333333335,3.1818181818181817,0.0,0.0,0.9523809523809523,0.9090909090909091,0.0059134437229432235
601,1.7000000000000006,1.619047619047619,0.0,0.0,0.3,0.2857142857142857,0.0008131215714283491
602,3.523809523809523,3.3636363636363638,0.0,0.0,0.8571428571428572,0.8181818181818182,0.006207353636364432
603,2.571428571428571,2.4545454545454546,0.0,0.0,0.19047619047619047,0.18181818181818182,0.004401795238095363
604,3.7142857142857144,3.5454545454545454,0.0,0.0,2.0,1.9090909090909092,0.006865273116883008
605,2.571428571428571,2.4545454545454546,0.0,0.0,0.19047619047619047,0.18181818181818182,0.004401795238095363
606,3.0476190476190474,2.909090909090909,0.7619047619047619,0.7272727272727273,1.3333333333333333,1.2727272727272727,-0.00248811402597382
607,2.3809523809523805,2.272727272727273,0.0,0.0,0.0,0.0,0.004023883116883731
608,3.333333333333333,3.1818181818181817,0.09523809523809523,0.09090909090909091,0.09523809523809523,0.09090909090909091,0.004657600259740227
609,4.571428571428571,4.363636363636363,0.0,0.0,0.19047619047619047,0.18181818181818182,0.00778185705627743
610,1.047619047619048,1.0,0.0,0.0,0.09523809523809523,0.09090909090909091,0.0017985093073591973
611,3.5999999999999988,3.4285714285714284,0.0,0.0,1.1,1.0476190476190477,0.0021933718571438
612,1.619047619047619,1.5454545454545454,0.0,0.0,0.19047619047619047,0.18181818181818182,0.0027922419913419816
613,3.7999999999999994,3.619047619047619,0.0,0.0,0.0,0.0,0.001137220571429065
614,3.904761904761904,3.727272727272727,0.0,0.0,1.9999999999999998,1.9090909090909092,0.007187183766233951
615,1.8095238095238095,1.7272727272727273,0.47619047619047616,0.45454545454545453,0.6666666666666667,0.6363636363636364,-0.0017650278787877949
616,1.4285714285714284,1.3636363636363635,0.0,0.0,0.0,0.0,0.0024143298701299054
617,2.1904761904761902,2.090909090909091,0.0,0.0,0.0,0.0,0.003701972467532677
618,2.380952380952381,2.272727272727273,0.0,0.0,0.7619047619047619,0.7272727272727273,0.004247889004329153
619,1.9000000000000004,1.8095238095238095,0.0,0.0,0.5,0.47619047619047616,0.00107588528571409
620,3.0,2.857142857142857,0.0,0.0,0.0,0.0,0.000897805714285882
621,1.9047619047619047,1.8181818181818181,0.0,0.0,0.5714285714285714,0.5454545454545454,0.003387110909090968
622,1.904761904761905,1.8181818181818181,0.0,0.0,0.2857142857142857,0.2727272727272727,0.003303108701298532
623,3.142857142857143,3.0,0.0,0.0,2.0,1.9090909090909092,0.005899541168831179
624,5.1428571428571415,4.909090909090909,0.0,0.0,5.1428571428571415,4.909090909090909,0.0102036272727275
625,1.7000000000000004,1.619047619047619,0.0,0.0,0.0,0.0,0.0005087565714283482
626,1.6,1.5238095238095237,0.0,0.0,0.2,0.19047619047619047,0.0006817397142855897
627,1.0588235294117647,1.0,0.0,0.0,0.0,0.0,-0.005082557647058783
628,3.5238095238095237,3.3636363636363638,0.0,0.0,1.2380952380952386,1.1818181818181819,0.006319356580087032
629,1.6190476190476193,1.5454545454545454,0.0,0.0,0.0,0.0,0.002736240519480404
630,1.9000000000000001,1.8095238095238095,0.0,0.0,0.0,0.0,0.0005686102857143105
631,2.3,2.1904761904761907,0.0,0.0,0.6,0.5714285714285714,0.0012970477142860148
632,2.8,2.6666666666666665,0.5,0.47619047619047616,0.7000000000000002,0.6666666666666666,-0.0037413301428569357
633,2.285714285714285,2.1818181818181817,0.0,0.0,0.47619047619047616,0.45454545454545453,0.00400293147186187
634,2.761904761904761,2.6363636363636362,0.0,0.0,0.09523809523809523,0.09090909090909091,0.004695705151515683
635,2.476190476190476,2.3636363636363638,0.0,0.0,1.238095238095238,1.1818181818181819,0.0045488480086580685
636,1.4285714285714288,1.3636363636363635,0.0,0.0,1.047619047619048,1.0,0.0027223379653677493
637,5.619047619047619,5.363636363636363,0.38095238095238093,0.36363636363636365,5.619047619047619,5.363636363636363,0.0071330602164501045
638,1.4,1.3333333333333333,0.0,0.0,1.2,1.1428571428571428,0.0016364360000000744
639,2.3809523809523805,2.272727272727273,0.0,0.0,0.8571428571428572,0.8181818181818182,0.00427588974026033
640,2.1904761904761907,2.090909090909091,0.0,0.0,0.19047619047619047,0.18181818181818182,0.0037579739393939215
641,2.952380952380951,2.8181818181818183,0.0,0.0,0.38095238095238093,0.36363636363636365,0.005101618008658715
642,1.9047619047619047,1.8181818181818181,0.0,0.0,0.19047619047619047,0.18181818181818182,0.003275107965368007
643,1.9047619047619047,1.8181818181818181,0.0,0.0,0.6666666666666666,0.6363636363636364,0.0034151116450216734
644,3.714285714285714,3.5454545454545454,0.0,0.0,3.2380952380952377,3.090909090909091,0.007229282683982374
645,2.3999999999999995,2.2857142857142856,0.0,0.0,0.7000000000000001,0.6666666666666666,0.001428429571428913
646,2.4761904761904754,2.3636363636363638,0.0,0.0,0.0,0.0,0.004184838441559036
647,3.8095238095238093,3.6363636363636362,0.0,0.0,2.19047619047619,2.090909090909091,0.00708222991341978
648,3.1578947368421053,3.0,0.0,0.0,1.3684210526315788,1.3,-0.0014130732105265276
649,2.4761904761904763,2.3636363636363638,0.0,0.0,0.8571428571428572,0.8181818181818182,0.004436845064934969
650,5.428571428571429,5.181818181818182,0.0,0.0,0.0,0.0,0.009174453506493041
651,2.1904761904761907,2.090909090909091,1.2380952380952381,1.1818181818181819,1.7142857142857144,1.6363636363636365,-0.008843893203463238
652,3.2000000000000006,3.0476190476190474,0.0,0.0,0.0,0.0,0.0009576594285709561
653,1.6000000000000003,1.5238095238095237,0.0,0.0,0.0,0.0,0.00047882971428547805
654,2.761904761904762,2.6363636363636362,0.0,0.0,1.8095238095238098,1.7272727272727273,0.005199718398268494
655,2.0,1.9090909090909092,0.0,0.0,0.0,0.0,0.0033800618181818454
656,3.5,3.3333333333333335,0.0,0.0,0.0,0.0,0.0010474400000002326
657,5.333333333333333,5.090909090909091,0.0,0.0,5.333333333333333,5.090909090909091,0.010581539393939465
658,2.0,1.9090909090909092,0.0,0.0,1.1428571428571428,1.0909090909090908,0.0037160706493507
659,1.8095238095238095,1.7272727272727273,0.0,0.0,0.6666666666666667,0.6363636363636364,0.0032541563203463963
660,4.285714285714285,4.090909090909091,0.0,0.0,1.3333333333333335,1.2727272727272727,0.007634999913420593
661,2.761904761904762,2.6363636363636362,0.0,0.0,1.3333333333333335,1.2727272727272727,0.005059714718614827
662,2.0,1.9090909090909092,0.0,0.0,0.0,0.0,0.0033800618181818454
663,2.5714285714285707,2.4545454545454546,0.0,0.0,0.5714285714285714,0.5454545454545454,0.004513798181818546
664,2.4761904761904763,2.3636363636363638,0.0,0.0,0.47619047619047616,0.45454545454545453,0.004324842121212036
665,2.1904761904761907,2.090909090909091,0.0,0.0,0.2857142857142857,0.2727272727272727,0.0037859746753246687
666,2.0000000000000004,1.9090909090909092,0.0,0.0,0.19047619047619047,0.18181818181818182,0.00343606329004309
667,4.0,3.8181818181818183,0.0,0.0,0.0,0.0,0.006760123636363691
668,1.8095238095238098,1.7272727272727273,0.0,0.0,0.7619047619047619,0.7272727272727273,0.00328215705627688
669,2.0952380952380953,2.0,0.0,0.0,0.5714285714285714,0.5454545454545454,0.0037090215584415775
670,2.095238095238095,2.0,0.0,0.0,0.0,0.0,0.0035410171428573722
671,2.2999999999999994,2.1904761904761907,0.09523809523809523,0.09090909090909091,0.39999999999999997,0.38095238095238093,9.030087445940915e-05
672,1.4285714285714286,1.3636363636363635,0.0,0.0,0.09523809523809523,0.09090909090909091,0.0024423306060605277
673,1.6000000000000003,1.5238095238095237,0.0,0.0,0.0,0.0,0.00047882971428547805
674,2.6,2.4761904761904763,0.0,0.0,0.0,0.0,0.0007780982857141794
675,1.8095238095238098,1.7272727272727273,0.0,0.0,0.0,0.0,0.0030581511688310137
676,2.0,1.9090909090909092,0.0,0.0,0.38095238095238093,0.36363636363636365,0.0034920647619047784
677,3.047619047619047,2.909090909090909,0.0,0.0,3.047619047619047,2.909090909090909,0.006046593939394218
678,1.904761904761905,1.8181818181818181,0.0,0.0,0.0,0.0,0.0032191064935063185
679,1.9047619047619049,1.8181818181818181,0.19047619047619047,0.18181818181818182,0.5714285714285714,0.5454545454545454,0.0013794372294372859
680,2.4761904761904754,2.3636363636363638,0.0,0.0,0.0,0.0,0.004184838441559036
681,1.9047619047619047,1.8181818181818181,0.0,0.0,0.2857142857142857,0.2727272727272727,0.0033031087012987542
682,2.2857142857142856,2.1818181818181817,0.0,0.0,0.0,0.0,0.003862927792207982
683,2.380952380952381,2.272727272727273,0.0,0.0,0.0,0.0,0.004023883116883287
684,2.5000000000000004,2.380952380952381,0.0,0.0,0.0,0.0,0.0007481714285710872
685,3.6666666666666665,3.473684210526316,0.5555555555555556,0.5263157894736842,0.5555555555555556,0.5263157894736842,-0.015148217368421035
686,1.9047619047619047,1.8181818181818181,0.0,0.0,0.38095238095238093,0.36363636363636365,0.0033311094372294736
687,3.0476190476190474,2.909090909090909,0.0,0.0,0.5714285714285714,0.5454545454545454,0.00531857480519507
688,2.4761904761904754,2.3636363636363638,0.0,0.0,0.2857142857142857,0.2727272727272727,0.004268840649351249
689,2.7619047619047623,2.6363636363636362,0.0,0.0,0.0,0.0,0.004667704415584284
690,2.235294117647059,2.111111111111111,0.0,0.0,0.0,0.0,-0.010729843921568616
691,1.5294117647058825,1.4444444444444444,0.0,0.0,0.0,0.0,-0.007341472156862872
692,3.2999999999999994,3.142857142857143,0.0,0.0,1.1,1.0476190476190477,0.0021035912857145234
693,2.947368421052631,2.8,0.0,0.0,0.0,0.0,-0.00362694315789458
694,2.3157894736842106,2.2,0.0,0.0,0.0,0.0,-0.0028497410526313605
695,1.894736842105263,1.8,0.0,0.0,0.0,0.0,-0.0023316063157894362
696,3.2222222222222214,3.0526315789473686,0.0,0.0,1.0000000000000002,0.9473684210526315,-0.006730368245613516
697,2.3333333333333326,2.210526315789474,0.0,0.0,0.0,0.0,-0.006816703157894288
698,5.894736842105262,5.6,0.0,0.0,5.578947368421051,5.3,0.0028280888947367355
699,2.6666666666666665,2.526315789473684,0.0,0.0,2.6666666666666665,2.526315789473684,-0.0006353866666666264
700,3.263157894736842,3.1,0.0,0.0,2.9473684210526314,2.8,0.001310782315789627
701,4.526315789473684,4.3,0.0,0.0,3.368421052631579,3.2,0.0005172818947365432
702,3.789473684210526,3.6,0.0,0.0,3.263157894736843,3.1,0.001233791736842349
703,5.111111111111111,4.842105263157895,0.0,0.0,5.111111111111111,4.842105263157895,-0.0012178244444440711
704,1.888888888888889,1.7894736842105263,0.0,0.0,1.1111111111111112,1.0526315789473684,-0.002536978830409542
705,5.157894736842105,4.9,0.0,0.0,1.1578947368421053,1.1,-0.004254665105262678
706,3.052631578947368,2.9,0.0,0.0,2.7368421052631584,2.6,0.0011893977894738006
707,1.0588235294117647,1.0,0.0,0.0,0.23529411764705882,0.2222222222222222,-0.00422219568627448
708,5.157894736842104,4.9,0.0,0.0,5.157894736842104,4.9,0.0029739208947372475
709,2.631578947368421,2.5,0.0,0.0,2.1052631578947363,2.0,0.0005661768421051372
710,3.764705882352941,3.5555555555555554,0.0,0.0,2.352941176470588,2.2222222222222223,-0.009467696470588316
711,2.666666666666667,2.526315789473684,0.0,0.0,2.2222222222222223,2.1052631578947367,-0.0018279085380118465
712,2.3157894736842106,2.2,0.0,0.0,2.3157894736842106,2.2,0.0013352297894738685
713,5.473684210526316,5.2,0.10526315789473684,0.1,5.473684210526316,5.2,0.00203795068421031
714,2.5263157894736845,2.4,0.0,0.0,1.6842105263157894,1.6,-6.519326315823637e-05
715,3.263157894736842,3.1,0.0,0.0,1.7894736842105263,1.7,-0.000781703105262932
716,3.157894736842105,3.0,0.42105263157894735,0.4,2.526315789473684,2.4,-0.003792775789473346
717,3.1578947368421053,3.0,0.10526315789473684,0.1,0.8421052631578947,0.8,-0.0034822499473685653
718,2.210526315789474,2.1,0.0,0.0,1.263157894736842,1.2,-0.00043749599999987066
719,1.9999999999999996,1.9,1.0526315789473684,1.0,1.157894736842105,1.1,-0.0115491245789473
720,3.894736842105263,3.7,0.21052631578947367,0.2,1.4736842105263157,1.4,-0.004365677052631023
721,3.6842105263157894,3.5,0.3157894736842105,0.3,1.1578947368421053,1.1,-0.0057953345263153655
722,2.555555555555556,2.4210526315789473,0.0,0.0,1.0,0.9473684210526315,-0.0047827387719298065
723,3.5789473684210527,3.4,0.0,0.0,0.10526315789473684,0.1,-0.004213919315789606
724,3.1578947368421053,3.0,1.5789473684210527,1.5,3.0526315789473686,2.9,-0.01514016305263155
725,2.6315789473684217,2.5,1.0526315789473684,1.0,1.0526315789473684,1.0,-0.012516552631579358
726,3.3684210526315788,3.2,0.0,0.0,0.42105263157894735,0.4,-0.003384174105263066
727,4.842105263157895,4.6,0.0,0.0,4.842105263157895,4.6,0.0027918441052627863
728,2.3157894736842097,2.2,0.3157894736842105,0.3,0.42105263157894735,0.4,-0.005442978263157261
729,3.578947368421052,3.4,1.0526315789473684,1.0,3.1578947368421053,3.0,-0.009877836842105303
730,5.473684210526316,5.2,0.0,0.0,0.10526315789473684,0.1,-0.0065455256315790425
731,2.8421052631578947,2.7,1.0526315789473684,1.0,1.263157894736842,1.2,-0.012395168105262866
732,7.1764705882352935,6.777777777777778,0.21052631578947367,0.2,7.1764705882352935,6.777777777777778,-0.010443500470588951
733,3.2222222222222214,3.0526315789473686,0.10526315789473684,0.1,3.2222222222222214,3.0526315789473686,-0.0018858058888888696
734,3.111111111111111,2.9473684210526314,0.5555555555555556,0.5263157894736842,3.111111111111111,2.9473684210526314,-0.006668192046783594
735,3.4736842105263164,3.3,1.0526315789473684,1.0,3.4736842105263164,3.3,-0.009177625315789584
736,5.125,4.823529411764706,0.47058823529411764,0.4444444444444444,5.125,4.823529411764706,-0.01609223174019614
737,4.588235294117647,4.333333333333333,0.23529411764705882,0.2222222222222222,4.588235294117647,4.333333333333333,-0.007769862156862928
738,3.052631578947368,2.9,0.0,0.0,0.9473684210526314,0.9,-0.0020444433157895125
739,3.578947368421052,3.4,0.0,0.0,1.5789473684210524,1.5,-0.0015507560526317743
740,1.2,1.0,0.0,0.0,0.0,0.0,-0.09143119199999994
741,2.31578947368421,2.2,1.0526315789473684,1.0,1.0526315789473684,1.0,-0.012127951578946972
742,3.578947368421053,3.4,1.0526315789473684,1.0,2.210526315789474,2.1,-0.011589870368421629
743,3.7894736842105257,3.6,0.10526315789473684,0.1,0.9473684210526316,0.9,-0.004069226105262613
744,1.7894736842105259,1.7,0.0,0.0,0.3157894736842105,0.3,-0.0016313947894735226
745,4.0,3.8,0.8421052631578947,0.8,3.68421052631579,3.5,-0.007208747842105234
746,3.7777777777777777,3.5789473684210527,1.0526315789473684,1.0,1.888888888888889,1.7894736842105263,-0.017148819064327414
747,3.2941176470588234,3.111111111111111,1.0526315789473684,1.0,1.0588235294117647,1.0,-0.023121242745097748
748,4.7368421052631575,4.5,1.7894736842105263,1.7,3.263157894736842,3.1,-0.01893881042105261
749,6.421052631578948,6.1,0.0,0.0,6.421052631578948,6.1,0.00370222805263154
750,2.947368421052631,2.8,0.0,0.0,2.4210526315789473,2.3,0.0007482536315790433
751,3.411764705882353,3.2222222222222223,0.9523809523809523,0.9090909090909091,1.411764705882353,1.3333333333333333,-0.021253326829640706
752,4.941176470588235,4.666666666666667,4.285714285714286,4.090909090909091,3.999999999999999,3.7777777777777777,-0.05426510681181518
753,3.888888888888889,3.6842105263157894,1.1428571428571428,1.0909090909090908,1.222222222222222,1.1578947368421053,-0.020127778861547874
754,3.222222222222222,3.0526315789473686,0.6666666666666666,0.6363636363636364,0.7777777777777779,0.7368421052631579,-0.014353487060074166
755,3.75,3.5294117647058822,2.1904761904761907,2.090909090909091,0.5,0.47058823529411764,-0.04659093349248783
756,4.1,3.9047619047619047,1.5238095238095237,1.4545454545454546,2.1000000000000005,2.0,-0.012703833294372302
757,5.333333333333333,5.090909090909091,1.2380952380952381,1.1818181818181819,3.4285714285714297,3.272727272727273,-0.0030283542424236476
758,3.578947368421052,3.4,0.9523809523809523,0.9090909090909091,1.368421052631579,1.3,-0.011969576345636945
759,2.7058823529411757,2.5555555555555554,1.4285714285714286,1.3636363636363635,1.5294117647058825,1.4444444444444444,-0.02245395828367669
760,2.666666666666667,2.526315789473684,1.3333333333333333,1.2727272727272727,2.0,1.894736842105263,-0.016477885231260148
761,4.25,4.0,1.7142857142857142,1.6363636363636365,1.625,1.5294117647058822,-0.03968426730805946
762,3.3333333333333326,3.1578947368421053,1.3333333333333333,1.2727272727272727,1.3333333333333335,1.263157894736842,-0.020214297511961188
763,2.875,2.7058823529411766,1.2380952380952381,1.1818181818181819,1.125,1.0588235294117647,-0.027549829873631138
764,1.894736842105263,1.8,2.0952380952380953,2.0,2.1052631578947363,2.0,-0.020611497844611693
765,1.5,1.411764705882353,1.1428571428571428,1.0909090909090908,0.625,0.5882352941176471,-0.019430739798510233
766,4.0,3.75,1.7142857142857142,1.6363636363636365,4.0,3.75,-0.03124484061688304
767,3.1578947368421053,3.0,0.5714285714285714,0.5454545454545454,0.5263157894736842,0.5,-0.008957901828434839
768,3.6470588235294117,3.4444444444444446,1.619047619047619,1.5454545454545454,1.4117647058823528,1.3333333333333333,-0.029409641963330735
769,3.2631578947368425,3.1,1.5238095238095237,1.4545454545454546,2.1052631578947367,2.0,-0.016272414700387428
770,2.6315789473684204,2.5,0.9523809523809523,0.9090909090909091,0.9473684210526314,0.9,-0.011564676977215527
771,2.6666666666666665,2.5454545454545454,0.38095238095238093,0.36363636363636365,1.0476190476190477,1.0,0.0007994098268399585
772,3.0476190476190474,2.909090909090909,0.6666666666666666,0.6363636363636364,1.5238095238095237,1.4545454545454546,-0.0014282757142854985
773,3.5238095238095233,3.3636363636363638,1.9047619047619047,1.8181818181818181,2.666666666666666,2.5454545454545454,-0.013337369177488956
774,3.1999999999999997,3.0476190476190474,0.7619047619047619,0.7272727272727273,0.8,0.7619047619047619,-0.006261395290043104
775,1.9000000000000004,1.8095238095238095,0.6666666666666666,0.6363636363636364,0.8000000000000003,0.7619047619047619,-0.0056466075930736714
776,2.952380952380952,2.8181818181818183,1.1428571428571428,1.0909090909090908,1.0476190476190477,1.0,-0.006748418917748633
777,3.619047619047619,3.4545454545454546,0.6666666666666666,0.6363636363636364,0.9523809523809527,0.9090909090909091,-0.0006305481818179581
778,4.000000000000001,3.8181818181818183,0.8571428571428571,0.8181818181818182,1.238095238095238,1.1818181818181819,-0.0019103983549788595
779,2.5714285714285707,2.4545454545454546,1.8095238095238095,1.7272727272727273,2.1904761904761902,2.090909090909091,-0.014083089264068982
780,2.666666666666666,2.5454545454545454,1.8095238095238095,1.7272727272727273,1.9047619047619047,1.8181818181818181,-0.014006136147185821
781,1.8095238095238098,1.7272727272727273,0.47619047619047616,0.45454545454545453,0.47619047619047616,0.45454545454545453,-0.0018210293506495112
782,2.0952380952380953,2.0,2.2857142857142856,2.1818181818181817,2.285714285714286,2.1818181818181817,-0.019879049350649214
783,4.095238095238095,3.909090909090909,0.8571428571428571,0.8181818181818182,4.095238095238095,3.909090909090909,-0.0009094209523803354
784,1.9000000000000001,1.8095238095238095,1.2380952380952381,1.1818181818181819,1.3000000000000003,1.2380952380952381,-0.011162353632034494
785,2.380952380952381,2.272727272727273,0.47619047619047616,0.45454545454545453,1.1428571428571432,1.0909090909090908,-0.0006592922510819665
786,5.142857142857142,4.909090909090909,1.8095238095238095,1.7272727272727273,1.9047619047619047,1.8181818181818181,-0.009821297705627452
787,3.904761904761904,3.727272727272727,1.5238095238095237,1.4545454545454546,1.619047619047619,1.5454545454545454,-0.008986208614718327
788,3.9047619047619038,3.727272727272727,0.6666666666666666,0.6363636363636364,0.7619047619047621,0.7272727272727273,-0.0002036836796533159
789,2.761904761904762,2.6363636363636362,0.9523809523809523,0.9090909090909091,1.0476190476190477,1.0,-0.005062655887445755
790,4.31578947368421,4.1,1.368421052631579,1.3,1.3684210526315785,1.3,-0.017372554736841683
791,2.6315789473684212,2.5,1.4736842105263157,1.4,1.3684210526315785,1.3,-0.016418062789473997
792,3.263157894736842,3.1,2.0,1.894736842105263,3.1578947368421053,3.0,-0.01964563315789447
793,4.421052631578948,4.2,2.1052631578947367,2.0,2.210526315789473,2.1,-0.023806609842105364
794,3.578947368421052,3.4,1.263157894736842,1.2,2.2105263157894735,2.1,-0.013825964368421317
795,2.1052631578947367,2.0,0.5263157894736842,0.5,0.5263157894736842,0.5,-0.007229778947368426
796,3.6842105263157894,3.5,1.4736842105263157,1.4,1.4736842105263153,1.4,-0.017523173684210247
797,4.421052631578947,4.2,1.6842105263157894,1.6,1.6842105263157894,1.6,-0.020285551578946737
798,2.1052631578947363,2.0,0.7368421052631579,0.7,0.7368421052631577,0.7,-0.00908542105263116
799,6.421052631578949,6.1,2.6315789473684212,2.5,6.421052631578949,6.1,-0.02424894694736901
800,5.368421052631579,5.1,1.368421052631579,1.3,1.8947368421052628,1.8,-0.017716761842105577
801,3.5789473684210518,3.4,1.4736842105263157,1.4,1.473684210526316,1.4,-0.017393639999999655
802,2.7368421052631584,2.6,1.4736842105263157,1.4,1.5789473684210522,1.5,-0.0161671445789478
803,3.1578947368421044,3.0,2.3157894736842106,2.2,2.526315789473684,2.4,-0.023917621789473098
804,5.3684210526315805,5.1,0.9473684210526315,0.9,2.0,1.9,-0.013054347894737917
805,4.947368421052633,4.7,1.263157894736842,1.2,1.2631578947368418,1.2,-0.017221935789474396
806,3.894736842105263,3.7,1.263157894736842,1.2,1.263157894736842,1.2,-0.01592659894736781
807,5.157894736842107,4.9,1.4736842105263157,1.4,2.1052631578947363,2.0,-0.018195289578948448
808,5.052631578947368,4.8,1.263157894736842,1.2,1.5789473684210524,1.5,-0.01678079163157864
809,3.263157894736842,3.1,1.5789473684210527,1.5,2.31578947368421,2.2,-0.016601278368420957
810,4.7368421052631575,4.5,0.8421052631578947,0.8,0.8421052631578947,0.8,-0.013251584210526246
811,3.789473684210526,3.6,0.8421052631578947,0.8,0.8421052631578946,0.8,-0.012085781052631583
812,5.473684210526315,5.2,2.8421052631578947,2.7,3.789473684210526,3.6,-0.03007488647368395
813,4.999999999999999,4.7368421052631575,1.5555555555555556,1.4736842105263157,1.5555555555555558,1.4736842105263157,-0.02702873578947318
814,6.421052631578949,6.1,0.9473684210526315,0.9,1.0526315789473684,1.0,-0.016061718263158886
815,4.947368421052632,4.7,1.0526315789473684,1.0,1.3684210526315788,1.3,-0.014795615842105536
816,4.105263157894736,3.9,1.7894736842105263,1.7,2.1052631578947367,2.0,-0.02025409373684184
817,3.473684210526316,3.3,1.894736842105263,1.8,1.8947368421052626,1.8,-0.02097539052631614
818,3.888888888888888,3.6842105263157894,2.235294117647059,2.111111111111111,2.111111111111111,2.0,-0.02966048029583712
819,4.842105263157894,4.6,0.631578947368421,0.6,4.842105263157894,4.6,-0.003916437894736946
820,4.105263157894736,3.9,1.1578947368421053,1.1,1.3684210526315788,1.3,-0.01487739336842081
821,2.09090909090909,2.0,0.8695652173913043,0.8333333333333334,0.818181818181818,0.782608695652174,-0.0032155816403157678
822,2.1904761904761907,2.090909090909091,0.8181818181818182,0.782608695652174,0.6666666666666666,0.6363636363636364,-0.004697022380952404
823,4.8999999999999995,4.666666666666667,1.7272727272727273,1.6521739130434783,4.8999999999999995,4.666666666666667,-0.011707289000000065
824,2.095238095238095,2.0,0.09090909090909091,0.08695652173913043,0.09523809523809523,0.09090909090909091,0.002614017878788108
825,1.9000000000000004,1.8095238095238095,0.7272727272727273,0.6956521739130435,1.4000000000000001,1.3333333333333333,-0.005651019714285832
826,3.043478260869565,2.9166666666666665,0.09090909090909091,0.08695652173913043,1.3043478260869565,1.25,0.010334665760869721
827,2.272727272727272,2.1739130434782608,0.2608695652173913,0.25,0.2727272727272727,0.2608695652173913,0.003895712341897492
828,2.6956521739130443,2.5833333333333335,0.5217391304347826,0.5,0.5217391304347826,0.5,0.005148021304347272
829,2.0,1.9090909090909092,0.2608695652173913,0.25,0.38095238095238093,0.36363636363636365,0.0007600681314699903
830,1.2380952380952381,1.1818181818181819,0.9565217391304348,0.9166666666666666,0.6666666666666667,0.6363636363636364,-0.007728896605966512
831,1.9999999999999996,1.9130434782608696,0.8695652173913043,0.8333333333333334,0.9090909090909093,0.8695652173913043,-0.003517739466402936
832,1.9090909090909087,1.826086956521739,0.6086956521739131,0.5833333333333334,0.5454545454545455,0.5217391304347826,-0.0009225012549405887
833,3.8260869565217392,3.6666666666666665,1.565217391304348,1.5,3.2173913043478266,3.0833333333333335,-0.0037247420652173346
834,1.727272727272727,1.6521739130434783,0.9565217391304348,0.9166666666666666,1.0909090909090908,1.0434782608695652,-0.005301798606719255
835,2.666666666666667,2.5454545454545454,0.6086956521739131,0.5833333333333334,1.3333333333333335,1.2727272727272727,-0.0014758994104085432
836,2.3636363636363633,2.260869565217391,0.45454545454545453,0.43478260869565216,0.4545454545454546,0.43478260869565216,0.0020556271541503357
837,2.6363636363636362,2.5217391304347827,0.5217391304347826,0.5,0.5454545454545455,0.5217391304347826,0.002140787845850034
838,3.090909090909091,2.9565217391304346,0.6956521739130435,0.6666666666666666,3.090909090909091,2.9565217391304346,0.0007386098023715038
839,1.9090909090909087,1.826086956521739,0.34782608695652173,0.3333333333333333,0.36363636363636365,0.34782608695652173,0.0018756551383400238
840,1.3333333333333335,1.263157894736842,0.8571428571428571,0.8181818181818182,0.6666666666666667,0.631578947368421,-0.011141007698792504
841,1.3000000000000005,1.2380952380952381,0.0,0.0,0.0,0.0,0.00038904914285686765
842,1.3000000000000003,1.2380952380952381,1.2173913043478262,1.1666666666666667,1.0000000000000002,0.9523809523809523,-0.011345718465838595
843,2.3157894736842106,2.2,0.36363636363636365,0.34782608695652173,1.157894736842105,1.1,-0.0045772556315787916
844,2.7619047619047614,2.6363636363636362,0.45454545454545453,0.43478260869565216,1.2380952380952381,1.1818181818181819,0.0002567139826842868
845,2.6666666666666665,2.5454545454545454,0.5,0.47619047619047616,0.5714285714285714,0.5454545454545454,-0.0006147136363635064
846,2.0000000000000004,1.9047619047619047,0.782608695652174,0.75,0.6,0.5714285714285714,-0.00698872274844739
847,1.2000000000000002,1.1428571428571428,0.17391304347826086,0.16666666666666666,0.4,0.38095238095238093,-0.001056388801242314
848,1.333333333333334,1.2727272727272727,0.0,0.0,0.0,0.0,0.0022533745454541565
849,1.4285714285714288,1.3636363636363635,0.6956521739130435,0.6666666666666666,0.6666666666666666,0.6363636363636364,-0.004674989326181378
850,1.4285714285714284,1.3636363636363635,0.5217391304347826,0.5,0.5714285714285714,0.5454545454545454,-0.0028816589751552435
851,4.7272727272727275,4.521739130434782,0.782608695652174,0.75,2.8181818181818183,2.6956521739130435,0.004770586907114516
852,2.0952380952380953,2.0,0.2608695652173913,0.25,0.2857142857142857,0.2727272727272727,0.0008930227202145757
853,1.5454545454545454,1.4782608695652173,0.43478260869565216,0.4166666666666667,0.4545454545454546,0.43478260869565216,-0.00014440206521737498
854,3.0999999999999996,2.9523809523809526,0.43478260869565216,0.4166666666666667,1.3000000000000003,1.2380952380952381,-0.0023066801459622477
855,1.5000000000000002,1.4285714285714286,0.17391304347826086,0.16666666666666666,0.2,0.19047619047619047,-0.0011695182298136902
856,2.090909090909091,2.0,1.391304347826087,1.3333333333333333,1.3636363636363633,1.3043478260869565,-0.008878054189723317
857,1.7,1.619047619047619,0.9090909090909091,0.8695652173913043,1.4,1.3333333333333333,-0.007620873428571484
858,1.2222222222222225,1.1578947368421053,0.17391304347826086,0.16666666666666666,0.2222222222222222,0.21052631578947367,-0.004795724186371836
859,2.1904761904761907,2.090909090909091,1.3333333333333333,1.2727272727272727,1.4285714285714288,1.3636363636363635,-0.009931732251082181
860,3.1818181818181808,3.0434782608695654,0.8695652173913043,0.8333333333333334,0.9999999999999998,0.9565217391304348,-5.2806067192934236e-05
861,3.099999999999999,2.9523809523809526,1.4782608695652173,1.4166666666666667,1.6000000000000003,1.5238095238095237,-0.012930301667701094
862,3.3636363636363624,3.217391304347826,0.782608695652174,0.75,1.3636363636363635,1.3043478260869565,0.0012636958399217524
863,4.105263157894737,3.9,2.0,1.9166666666666667,1.9999999999999996,1.9,-0.022382828184210668
864,4.173913043478262,4.0,1.9130434782608696,1.8333333333333333,2.4347826086956514,2.3333333333333335,-0.005176279782609372
865,2.782608695652174,2.6666666666666665,0.9565217391304348,0.9166666666666666,1.043478260869565,1.0,0.00044879945652165354
866,3.8999999999999995,3.7142857142857144,0.5454545454545454,0.5217391304347826,0.6000000000000001,0.5714285714285714,-0.003954122571427798
867,4.105263157894736,3.9,4.818181818181818,4.608695652173913,4.105263157894736,3.9,-0.04824800173684185
868,3.9999999999999996,3.8095238095238093,4.782608695652174,4.583333333333333,4.7,4.476190476190476,-0.04412114560558944
869,1.8000000000000005,1.7142857142857142,0.6086956521739131,0.5833333333333334,0.9,0.8571428571428571,-0.004922880375776595
870,2.1904761904761902,2.090909090909091,1.1304347826086956,1.0833333333333333,1.2380952380952381,1.1818181818181819,-0.007772670030585183
871,3.6,3.4285714285714284,1.826086956521739,1.75,2.4000000000000004,2.2857142857142856,-0.015611689555900421
872,3.0909090909090904,2.9565217391304346,0.5217391304347826,0.5,0.5454545454545455,0.5217391304347826,0.0034861775691702457
873,3.809523809523809,3.6363636363636362,2.0869565217391304,2.0,1.9047619047619049,1.8181818181818181,-0.014857745337850004
874,2.3157894736842106,2.2,0.6086956521739131,0.5833333333333334,0.42105263157894735,0.4,-0.00846349606750553
875,1.7000000000000004,1.619047619047619,0.43478260869565216,0.4166666666666667,0.5,0.47619047619047616,-0.0035372961459629593
876,2.8888888888888893,2.736842105263158,1.826086956521739,1.75,1.777777777777778,1.6842105263157894,-0.022793616646961667
877,3.8181818181818175,3.652173913043478,0.9565217391304348,0.9166666666666666,1.8181818181818177,1.7391304347826086,0.0006223550691698554
878,2.571428571428571,2.4545454545454546,0.8695652173913043,0.8333333333333334,1.619047619047619,1.5454545454545454,-0.0042848491577262005
879,1.9000000000000006,1.8095238095238095,0.0,0.0,1.9000000000000006,1.8095238095238095,0.0024962552857141773
880,2.8571428571428563,2.727272727272727,2.1904761904761907,2.090909090909091,2.3809523809523805,2.272727272727273,-0.01755956917748913
881,3.1,2.9523809523809526,1.4285714285714286,1.3636363636363635,1.5,1.4285714285714286,-0.012607995025973873
882,2.526315789473685,2.4,1.3333333333333333,1.2727272727272727,1.3684210526315788,1.3,-0.014689586862839499
883,3.894736842105263,3.7,0.5714285714285714,0.5454545454545454,0.631578947368421,0.6,-0.009674411670539368
884,4.285714285714285,4.090909090909091,0.19047619047619047,0.18181818181818182,2.761904761904762,2.6363636363636362,0.006047337272727993
885,4.3999999999999995,4.190476190476191,2.857142857142857,2.727272727272727,4.3999999999999995,4.190476190476191,-0.024334303480519237
886,1.9000000000000004,1.8095238095238095,1.619047619047619,1.5454545454545454,1.6,1.5238095238095237,-0.014873335991342163
887,2.6999999999999993,2.5714285714285716,0.7619047619047619,0.7272727272727273,1.0000000000000002,0.9523809523809523,-0.006208119575756954
888,3.0,2.857142857142857,0.2857142857142857,0.2727272727272727,0.3,0.2857142857142857,-0.0018093398051946402
889,5.5,5.238095238095238,1.619047619047619,1.5454545454545454,4.6000000000000005,4.380952380952381,-0.010752319134199162
890,3.0000000000000004,2.8421052631578947,0.2857142857142857,0.2727272727272727,0.1111111111111111,0.10526315789473684,-0.011477712683223427
891,2.19047619047619,2.090909090909091,0.19047619047619047,0.18181818181818182,0.19047619047619047,0.18181818181818182,0.0017503002597406836
892,2.1052631578947367,2.0,1.2380952380952381,1.1818181818181819,1.3684210526315788,1.3,-0.013167615286170054
893,2.3,2.1904761904761907,0.5714285714285714,0.5454545454545454,0.5,0.47619047619047616,-0.004827428324675032
894,3.0999999999999996,2.9523809523809526,0.5714285714285714,0.5454545454545454,0.6000000000000001,0.5714285714285714,-0.0044865584675320425
895,2.8888888888888893,2.736842105263158,1.9047619047619047,1.8181818181818181,1.7777777777777781,1.6842105263157894,-0.023746377030455013
896,3.1111111111111103,2.9473684210526314,1.4285714285714286,1.3636363636363635,2.333333333333333,2.210526315789474,-0.017885750316700588
897,3.2222222222222214,3.0526315789473686,3.5238095238095237,3.3636363636363638,3.0,2.8421052631578947,-0.03850598289815399
898,3.7,3.5238095238095237,3.238095238095238,3.090909090909091,3.7,3.5238095238095237,-0.029269323839826944
899,2.5,2.380952380952381,2.2,2.0952380952380953,2.5,2.380952380952381,-0.01998910899999995
900,3.0,2.8421052631578947,1.3333333333333333,1.2727272727272727,1.3333333333333335,1.263157894736842,-0.019240482775119527
901,1.8947368421052633,1.8,0.38095238095238093,0.36363636363636365,1.8947368421052633,1.8,-0.002922886622465093
902,2.526315789473684,2.4,1.7142857142857142,1.6363636363636365,2.421052631578947,2.3,-0.016802674748461977
903,1.4000000000000004,1.3333333333333333,0.2,0.19047619047619047,0.30000000000000004,0.2857142857142857,-0.0013924458571430987
904,2.2,2.0952380952380953,0.09523809523809523,0.09090909090909091,0.4,0.38095238095238093,6.0374017315872885e-05
905,2.0000000000000004,1.9090909090909092,1.5238095238095237,1.4545454545454546,1.5238095238095242,1.4545454545454546,-0.012233315844155879
906,4.0,3.7777777777777777,2.1904761904761907,2.090909090909091,4.0,3.7777777777777777,-0.027662867316017303
907,2.7368421052631575,2.6,0.6666666666666666,0.6363636363636364,0.5263157894736842,0.5,-0.009443603931419298
908,4.761904761904762,4.545454545454546,1.3333333333333333,1.2727272727272727,3.0476190476190474,2.909090909090909,-0.005109925974025709
909,2.6315789473684212,2.5,0.19047619047619047,0.18181818181818182,2.6315789473684212,2.5,-0.0004903671007064903
910,2.2222222222222223,2.1052631578947367,0.9523809523809523,0.9090909090909091,0.7777777777777779,0.7368421052631579,-0.014443553369028583
911,1.5,1.4285714285714286,0.0,0.0,0.0,0.0,0.000448902857142941
912,1.6842105263157892,1.6,1.4285714285714286,1.3636363636363635,0.7368421052631579,0.7,-0.015798509913191816
913,2.2222222222222223,2.1052631578947367,1.3,1.2380952380952381,1.888888888888889,1.7894736842105263,-0.015176494863826218
914,1.8666666666666665,1.75,1.0588235294117647,1.0,0.9333333333333332,0.875,-0.023070356730391928
915,2.2857142857142856,2.1333333333333333,0.8235294117647058,0.7777777777777778,0.7142857142857142,0.6666666666666666,-0.03086511086834709
916,3.294117647058824,3.111111111111111,3.0526315789473686,2.9,2.7058823529411766,2.5555555555555554,-0.0383416020196079
917,1.6666666666666665,1.5384615384615385,0.0,0.0,0.0,0.0,-0.030882523076922963
918,2.3529411764705883,2.2222222222222223,3.0,2.8421052631578947,3.0588235294117645,2.888888888888889,-0.032115168111455206
919,2.7777777777777772,2.6315789473684212,0.10526315789473684,0.1,0.1111111111111111,0.10526315789473684,-0.008935039339180835
920,2.235294117647059,2.111111111111111,0.2222222222222222,0.21052631578947367,0.0,0.0,-0.013100606962504287
921,1.875,1.7647058823529411,0.7368421052631579,0.7,0.75,0.7058823529411765,-0.017205464147058813
922,2.631578947368421,2.5,1.894736842105263,1.8,1.8947368421052628,1.8,-0.019939121052631625
923,2.9473684210526314,2.8,1.0526315789473684,1.0,1.3684210526315792,1.3,-0.012334475842105286
924,3.222222222222222,3.0526315789473686,1.7894736842105263,1.7,1.5555555555555558,1.4736842105263157,-0.02424651490643248
925,1.7333333333333332,1.625,0.2222222222222222,0.21052631578947367,0.26666666666666666,0.25,-0.016833741207602212
926,2.823529411764705,2.6666666666666665,0.10526315789473684,0.1,0.11764705882352941,0.1111111111111111,-0.014241353078431045
927,3.058823529411765,2.888888888888889,1.6666666666666667,1.5789473684210527,1.1764705882352942,1.1111111111111112,-0.028161857316821692
928,2.4444444444444446,2.3157894736842106,1.6842105263157894,1.6,2.0,1.894736842105263,-0.019663711649122728
929,2.7368421052631584,2.6,0.10526315789473684,0.1,0.10526315789473684,0.1,-0.004295696842105536
930,2.7777777777777777,2.6315789473684212,1.5789473684210527,1.5,1.6666666666666665,1.5789473684210527,-0.020413870789473543
931,4.444444444444444,4.2105263157894735,0.8421052631578947,0.8,1.1111111111111114,1.0526315789473684,-0.018947267812864932
932,4.333333333333333,4.105263157894737,2.8421052631578947,2.7,4.333333333333333,4.105263157894737,-0.031219772333333173
933,1.8888888888888888,1.7894736842105263,0.7368421052631579,0.7,0.9999999999999998,0.9473684210526315,-0.010661438298245673
934,2.9999999999999996,2.8421052631578947,1.6842105263157894,1.6,1.777777777777778,1.6842105263157894,-0.021882997146198457
935,2.3333333333333335,2.210526315789474,0.5263157894736842,0.5,0.5555555555555556,0.5263157894736842,-0.010916285818713428
936,1.6,1.5238095238095237,0.8,0.7619047619047619,0.8,0.7619047619047619,-0.007172677714285841
937,3.1111111111111107,2.9473684210526314,0.42105263157894735,0.4,0.4444444444444444,0.42105263157894735,-0.012368603672514383
938,3.8095238095238098,3.6363636363636362,0.47619047619047616,0.45454545454545453,1.4285714285714288,1.3636363636363635,0.0018390398268399721
939,2.736842105263158,2.6,1.1428571428571428,1.0909090909090908,1.263157894736842,1.2,-0.013131206498974757
940,1.5000000000000002,1.4285714285714286,0.2857142857142857,0.2727272727272727,0.39999999999999997,0.38095238095238093,-0.002156787662337692
941,2.761904761904762,2.6363636363636362,0.47619047619047616,0.45454545454545453,1.7142857142857149,1.6363636363636365,0.00015253346320376338
942,2.857142857142857,2.727272727272727,0.8571428571428571,0.8181818181818182,1.0476190476190477,1.0,-0.003897863722943873
943,4.38095238095238,4.181818181818182,1.9047619047619047,1.8181818181818181,1.904761904761905,1.8181818181818181,-0.01211277714285608
944,3.2000000000000006,3.0476190476190474,3.142857142857143,3.0,3.1000000000000005,2.9523809523809526,-0.029023851285714608
945,1.6842105263157892,1.6,0.5714285714285714,0.5454545454545454,0.631578947368421,0.6,-0.006954204302118655
946,3.263157894736842,3.1,0.19047619047619047,0.18181818181818182,2.1052631578947367,2.0,-0.002218698942811459
947,1.6842105263157892,1.6,0.7619047619047619,0.7272727272727273,0.631578947368421,0.6,-0.00896187798177231
948,3.5238095238095233,3.3636363636363638,0.7619047619047619,0.7272727272727273,1.3333333333333335,1.2727272727272727,-0.0016833374025970183
949,1.8000000000000003,1.7142857142857142,0.47619047619047616,0.45454545454545453,0.5,0.47619047619047616,-0.0039732257705629714
950,2.8,2.6666666666666665,0.7,0.6666666666666666,1.5,1.4285714285714286,-0.005045476999999854
951,2.6666666666666665,2.5454545454545454,0.19047619047619047,0.18181818181818182,0.38095238095238093,0.36363636363636365,0.002611078354978452
952,3.047619047619047,2.909090909090909,1.1428571428571428,1.0909090909090908,1.142857142857143,1.0909090909090908,-0.0065594628571423175
953,2.1052631578947367,2.0,0.09523809523809523,0.09090909090909091,0.3157894736842105,0.3,-0.0030238326819320843
954,2.3809523809523805,2.272727272727273,0.19047619047619047,0.18181818181818182,1.2380952380952381,1.1818181818181819,0.002380219004329609
955,1.888888888888889,1.7894736842105263,0.2,0.19047619047619047,0.2222222222222222,0.21052631578947367,-0.0070378094302425
956,1.8947368421052626,1.8,0.19047619047619047,0.18181818181818182,0.21052631578947367,0.2,-0.003958828100706066
957,2.222222222222222,2.1052631578947367,1.0526315789473684,1.0,1.3333333333333335,1.263157894736842,-0.014095002631578646
958,3.578947368421052,3.4,0.7368421052631579,0.7,0.5263157894736842,0.5,-0.011279344526315932
959,2.2222222222222223,2.1052631578947367,0.0,0.0,0.0,0.0,-0.006492098245614031
960,1.7647058823529413,1.6666666666666667,0.6666666666666666,0.631578947368421,0.823529411764706,0.7777777777777778,-0.012571951671826537
961,2.222222222222222,2.1052631578947367,0.21052631578947367,0.2,0.2222222222222222,0.21052631578947367,-0.008131931309941297
962,2.31578947368421,2.2,1.5789473684210527,1.5,1.789473684210526,1.7,-0.0163866049473681
963,1.263157894736842,1.2,0.10526315789473684,0.1,0.21052631578947367,0.2,-0.0022919993157893837
964,2.421052631578947,2.3,0.8421052631578947,0.8,0.8421052631578947,0.8,-0.010401843157894664
965,2.0,1.8888888888888888,0.631578947368421,0.6,0.5882352941176471,0.5555555555555556,-0.014157763764705927
966,3.5294117647058822,3.3333333333333335,1.3333333333333333,1.263157894736842,2.0,1.8888888888888888,-0.02385336040247621
967,0.875,0.8235294117647058,0.8421052631578947,0.8,0.75,0.7058823529411765,-0.01142353938235302
968,2.3157894736842106,2.2,1.4736842105263157,1.4,1.4736842105263155,1.4,-0.01583923578947355
969,6.3157894736842115,6.0,4.421052631578948,4.2,6.3157894736842115,6.0,-0.043316438210526664
970,1.647058823529412,1.5555555555555556,0.0,0.0,0.0,0.0,-0.00790620078431381
971,2.4285714285714284,2.2666666666666666,0.2222222222222222,0.21052631578947367,1.4285714285714284,1.3333333333333333,-0.020858943040935662
972,3.68421052631579,3.5,2.736842105263158,2.6,2.7368421052631575,2.6,-0.028657026315789702
973,3.411764705882353,3.2222222222222223,2.4210526315789473,2.3,2.235294117647059,2.111111111111111,-0.0339187725686273
974,2.5333333333333337,2.375,2.8421052631578947,2.7,2.533333333333333,2.375,-0.03853192808333372
975,3.294117647058823,3.111111111111111,1.5789473684210527,1.5,2.4705882352941178,2.3333333333333335,-0.02354930598039151
976,1.5294117647058825,1.4444444444444444,0.0,0.0,0.0,0.0,-0.007341472156862872
977,2.31578947368421,2.2,1.4736842105263157,1.4,1.4736842105263155,1.4,-0.015839235789473327
978,2.9473684210526314,2.8,1.263157894736842,1.2,1.263157894736842,1.2,-0.014760795789473757
979,1.9999999999999998,1.9,0.21052631578947367,0.2,0.21052631578947367,0.2,-0.004316782105263033
980,2.9473684210526314,2.8,0.8421052631578947,0.8,1.2631578947368418,1.2,-0.010288607789473825
981,1.2222222222222223,1.1578947368421053,0.4444444444444444,0.42105263157894735,0.5555555555555556,0.5263157894736842,-0.006821527777777753
982,3.68421052631579,3.5,0.3333333333333333,0.3157894736842105,1.6842105263157894,1.6,-0.005046208350877324
983,2.888888888888889,2.736842105263158,0.4444444444444444,0.42105263157894735,0.7777777777777778,0.7368421052631579,-0.011094340526315777
984,2.8421052631578947,2.7,0.9473684210526315,0.9,0.9473684210526314,0.9,-0.011847798947368204
985,2.111111111111111,2.0,1.368421052631579,1.3,1.2222222222222223,1.1578947368421053,-0.017422669187134476
986,1.3684210526315788,1.3,0.1111111111111111,0.10526315789473684,0.10526315789473684,0.1,-0.002679093467836173
987,3.5294117647058822,3.3333333333333335,1.368421052631579,1.3,1.1764705882352942,1.1111111111111112,-0.027174660019607277
988,2.4444444444444438,2.3157894736842106,2.6315789473684212,2.5,2.7777777777777777,2.6315789473684212,-0.027639221374268663
989,4.666666666666666,4.421052631578948,2.8421052631578947,2.7,2.666666666666667,2.526315789473684,-0.036665544087718716
990,3.2222222222222214,3.0526315789473686,1.6842105263157894,1.6,1.5555555555555558,1.4736842105263157,-0.02312846790643225
991,1.789473684210526,1.7,0.0,0.0,0.0,0.0,-0.0022020726315790107
992,3.333333333333333,3.125,3.473684210526316,3.3,2.933333333333333,2.75,-0.050262676833333186
993,3.777777777777777,3.5789473684210527,1.894736842105263,1.8,2.2222222222222214,2.1052631578947367,-0.025198803660818392
994,3.411764705882353,3.2222222222222223,1.894736842105263,1.8,1.411764705882353,1.3333333333333333,-0.0313398044313723
995,2.5,2.3529411764705883,1.263157894736842,1.2,1.0,0.9411764705882353,-0.025922077529411613
996,1.25,1.1764705882352942,1.1578947368421053,1.1,1.0,0.9411764705882353,-0.01617906582352935
997,1.647058823529412,1.5555555555555556,0.10526315789473684,0.1,0.11764705882352941,0.1111111111111111,-0.008594066803921656
998,2.7368421052631575,2.6,0.8421052631578947,0.8,0.8421052631578947,0.8,-0.010790444210526162
999,2.4210526315789473,2.3,0.3157894736842105,0.3,0.631578947368421,0.6,-0.005192060052631703
1000,3.5789473684210527,3.4,0.0,0.0,0.3157894736842105,0.3,-0.0038334674210527553
1001,3.529411764705882,3.3333333333333335,3.1578947368421053,3.0,3.5294117647058827,3.3333333333333335,-0.03757783941176429
1002,3.052631578947368,2.9,0.7368421052631579,0.7,0.7368421052631579,0.7,-0.010251224210526294
1003,3.473684210526316,3.3,0.7368421052631579,0.7,1.3684210526315788,1.3,-0.009628003263158269
1004,2.2222222222222223,2.1052631578947367,1.263157894736842,1.2,1.2222222222222223,1.1578947368421053,-0.016629227099415222
1005,1.666666666666667,1.5789473684210527,0.5263157894736842,0.5,0.4444444444444444,0.42105263157894735,-0.009266786812865718
1006,3.789473684210526,3.6,2.526315789473684,2.4,2.526315789473684,2.4,-0.026930917894736783
1007,1.7894736842105259,1.7,0.8421052631578947,0.8,0.8421052631578947,0.8,-0.009624641052631444
1008,4.315789473684211,4.1,1.0526315789473684,1.0,2.1052631578947363,2.0,-0.012686832105263668
1009,1.9999999999999998,1.9,0.7368421052631579,0.7,0.7368421052631579,0.7,-0.008955887368420928
1010,3.222222222222222,3.0526315789473686,1.894736842105263,1.8,1.5555555555555558,1.4736842105263157,-0.025364561906432437
1011,4.2105263157894735,4.0,2.1052631578947367,2.0,2.7368421052631575,2.6,-0.02259641273684232
1012,2.1052631578947367,2.0,1.7894736842105263,1.7,1.789473684210526,1.7,-0.018363631578947492
1013,3.2631578947368416,3.1,1.263157894736842,1.2,1.684210526315789,1.6,-0.014388493052631346
1014,2.4444444444444446,2.3157894736842106,0.0,0.0,0.7777777777777779,0.7368421052631579,-0.005054394795321604
1015,1.8888888888888893,1.7894736842105263,0.3157894736842105,0.3,0.3333333333333333,0.3157894736842105,-0.007978033105263363
1016,2.5555555555555554,2.4210526315789473,0.3157894736842105,0.3,0.33333333333333337,0.3157894736842105,-0.009925662578947128
1017,4.0,3.789473684210526,1.0526315789473684,1.0,1.2222222222222223,1.1578947368421053,-0.019586811695906425
1018,3.368421052631579,3.2,2.0,1.9,1.9999999999999996,1.9,-0.021773677894737276
1019,2.1052631578947367,2.0,0.42105263157894735,0.4,0.42105263157894735,0.4,-0.006301957894736837
1020,3.764705882352941,3.5555555555555554,1.0526315789473684,1.0,3.764705882352941,3.5555555555555554,-0.015485994705882522
1021,1.5294117647058825,1.4444444444444444,0.10526315789473684,0.1,0.11764705882352941,0.1111111111111111,-0.008029338176470717
1022,2.3333333333333335,2.210526315789474,1.1111111111111112,1.0526315789473684,1.1111111111111112,1.0526315789473684,-0.0156892136842105
1023,2.222222222222222,2.1052631578947367,0.3157894736842105,0.3,0.8888888888888888,0.8421052631578947,-0.007461195502923734
1024,3.666666666666666,3.473684210526316,0.5263157894736842,0.5,0.5555555555555556,0.5263157894736842,-0.014811544766081403
1025,3.111111111111111,2.9473684210526314,0.1111111111111111,0.10526315789473684,0.1111111111111111,0.10526315789473684,-0.009976188596491221
1026,2.0000000000000004,1.894736842105263,0.3157894736842105,0.3,0.33333333333333337,0.3157894736842105,-0.008302638017544064
1027,3.684210526315789,3.5,0.5263157894736842,0.5,0.5263157894736842,0.5,-0.00917278421052592
1028,2.1052631578947367,2.0,0.7368421052631579,0.7,0.7368421052631577,0.7,-0.009085421052631604
1029,,,0.0,0.0,,,
1030,1.8947368421052628,1.8,0.9473684210526315,0.9,1.2631578947368416,1.2,-0.010111317947368303
1031,2.631578947368421,2.5,0.0,0.0,0.0,0.0,-0.003238342105263081
1032,5.473684210526316,5.2,1.1578947368421053,1.1,5.473684210526316,5.2,-0.009142519315789688
1033,1.647058823529412,1.5555555555555556,0.5263157894736842,0.5,0.47058823529411764,0.4444444444444444,-0.011775711862745203
1034,4.2105263157894735,4.0,1.0526315789473684,1.0,1.0526315789473681,1.0,-0.014459557894736907
1035,2.235294117647059,2.111111111111111,1.894736842105263,1.8,1.6470588235294117,1.5555555555555556,-0.02483215619607848
1036,3.052631578947368,2.9,0.42105263157894735,0.4,0.5263157894736842,0.5,-0.007277535105263133
1037,3.2631578947368425,3.1,0.631578947368421,0.6,0.8421052631578946,0.8,-0.009202018631579045
1038,2.111111111111111,2.0,1.0526315789473684,1.0,1.3333333333333335,1.263157894736842,-0.013770397719298166
1039,1.647058823529412,1.5555555555555556,0.0,0.0,0.0,0.0,-0.00790620078431381
1040,2.4444444444444446,2.3157894736842106,0.23529411764705882,0.2222222222222222,0.2222222222222222,0.21052631578947367,-0.009067551056071543
1041,3.1578947368421053,3.0,0.21052631578947367,0.2,0.7368421052631579,0.7,-0.004790522894736943
1042,2.2222222222222223,2.1052631578947367,0.0,0.0,0.4444444444444444,0.42105263157894735,-0.005299576374269005
1043,2.6666666666666665,2.526315789473684,0.631578947368421,0.6,0.6666666666666666,0.631578947368421,-0.012710017087719294
1044,2.5,2.3529411764705883,0.8421052631578947,0.8,0.25,0.23529411764705882,-0.025008201441176277
1045,2.947368421052632,2.8,2.526315789473684,2.4,2.526315789473684,2.4,-0.025894648421052935
1046,2.4444444444444438,2.3157894736842106,1.1111111111111112,1.0526315789473684,1.0,0.9473684210526315,-0.016311949064327036
1047,5.2631578947368425,5.0,3.3684210526315788,3.2,5.2631578947368425,5.0,-0.032742890842105465
1048,4.777777777777777,4.526315789473684,1.5789473684210527,1.5,1.4444444444444446,1.368421052631579,-0.026853020146197892
1049,5.0,4.7368421052631575,3.5555555555555554,3.3684210526315788,3.5555555555555562,3.3684210526315788,-0.04299925473684185
1050,6.210526315789474,5.9,1.7894736842105263,1.7,6.210526315789474,5.9,-0.015425955473684416
1051,4.2105263157894735,4.0,2.0,1.9,2.421052631578947,2.3,-0.022049043578947547
1052,3.3684210526315788,3.2,2.526315789473684,2.4,2.3157894736842106,2.2,-0.026793235052631537
1053,3.7894736842105265,3.6,2.736842105263158,2.6,3.1578947368421044,3.0,-0.02802565621052655
1054,3.3684210526315788,3.2,2.4210526315789473,2.3,2.4210526315789473,2.3,-0.025484962105263076
1055,2.315789473684211,2.2,0.8421052631578947,0.8,0.8421052631578947,0.8,-0.010272309473684238
1056,2.210526315789474,2.1,0.9473684210526315,0.9,0.9473684210526314,0.9,-0.011070596842105207
1057,2.2352941176470584,2.111111111111111,0.0,0.0,0.0,0.0,-0.010729843921568172
1058,2.105263157894737,2.0,0.42105263157894735,0.4,0.42105263157894735,0.4,-0.006301957894737059
1059,1.7647058823529413,1.6666666666666667,0.23529411764705882,0.2222222222222222,0.23529411764705882,0.2222222222222222,-0.010133071372548957
1060,2.31578947368421,2.2,1.368421052631579,1.3,1.4736842105263157,1.4,-0.01472118878947326
1061,5.999999999999998,5.7,2.736842105263158,2.6,2.8421052631578947,2.7,-0.031316541421051336
1062,4.947368421052631,4.7,0.1111111111111111,0.10526315789473684,0.736842105263158,0.7,-0.005941883046782892
1063,2.875,2.7058823529411766,0.631578947368421,0.6,1.125,1.0588235294117647,-0.021208232955882256
1064,2.6315789473684212,2.5,0.21052631578947367,0.2,0.3157894736842105,0.3,-0.004903758263158031
1065,2.3157894736842106,2.2,0.0,0.0,0.10526315789473684,0.1,-0.0026595151052629454
1066,5.7894736842105265,5.5,0.631578947368421,0.6,5.7894736842105265,5.5,-0.0033702075263153386
1067,3.894736842105263,3.7,1.6842105263157894,1.6,3.894736842105263,3.7,-0.01564313826315744
1068,3.6842105263157894,3.5,2.9473684210526314,2.8,2.947368421052631,2.8,-0.03051266842105238
1069,3.6470588235294112,3.4444444444444446,2.9473684210526314,2.8,2.9411764705882355,2.7777777777777777,-0.03805737894117589
1070,3.2222222222222223,3.0526315789473686,0.7368421052631579,0.7,0.7777777777777779,0.7368421052631579,-0.015152958181286508
1071,4.444444444444444,4.2105263157894735,5.684210526315789,5.4,5.333333333333333,5.052631578947368,-0.05904847203508723
1072,3.2631578947368416,3.1,0.42105263157894735,0.4,0.42105263157894735,0.4,-0.007726828421052184
1073,5.76470588235294,5.444444444444445,5.578947368421052,5.3,5.1764705882352935,4.888888888888889,-0.06800023060784244
1074,4.947368421052631,4.7,0.9473684210526315,0.9,4.947368421052631,4.7,-0.007209886631578399
1075,2.3157894736842106,2.2,0.42105263157894735,0.4,0.42105263157894735,0.4,-0.006561025263157688
1076,2.9999999999999996,2.8,3.1578947368421053,3.0,1.5714285714285712,1.4666666666666666,-0.05780136685714282
1077,1.4285714285714282,1.3333333333333333,0.631578947368421,0.6,0.2857142857142857,0.26666666666666666,-0.021663104285714066
1078,4.105263157894737,3.9,4.105263157894737,3.9,3.789473684210526,3.6,-0.04180751257894744
1079,1.818181818181818,1.6666666666666667,0.3157894736842105,0.3,0.18181818181818182,0.16666666666666666,-0.04218679599999968
1080,3.4736842105263155,3.3,0.5263157894736842,0.5,0.9473684210526314,0.9,-0.008152813052631436
1081,4.31578947368421,4.1,2.210526315789474,2.1,2.7368421052631584,2.6,-0.023843993421051923
1082,4.421052631578947,4.2,0.3157894736842105,0.3,0.8421052631578947,0.8,-0.007272748157894082
1083,3.2631578947368416,3.1,1.0526315789473684,1.0,1.0526315789473684,1.0,-0.01329375473684169
1084,3.368421052631579,3.2,1.894736842105263,1.8,1.8947368421052628,1.8,-0.020845856842105714
1085,5.157894736842105,4.9,0.3157894736842105,0.3,0.7368421052631579,0.7,-0.008369709894736371
1086,3.8947368421052637,3.7,0.8421052631578947,0.8,0.8421052631578947,0.8,-0.012215314736841953
1087,4.75,4.470588235294118,2.8421052631578947,2.7,4.75,4.470588235294118,-0.04042615944117656
1088,4.2105263157894735,4.0,0.5263157894736842,0.5,0.5263157894736842,0.5,-0.009820452631578935
1089,4.947368421052633,4.7,0.5263157894736842,0.5,1.4736842105263155,1.4,-0.009015154894737532
1090,4.631578947368421,4.4,0.0,0.0,0.7368421052631579,0.7,-0.0043679004736837945
1091,5.789473684210526,5.5,0.8421052631578947,0.8,0.8421052631578947,0.8,-0.014546921052630946
1092,4.705882352941176,4.444444444444445,0.5263157894736842,0.5,2.941176470588235,2.7777777777777777,-0.017424855588235033
1093,2.3529411764705883,2.2222222222222223,0.1111111111111111,0.10526315789473684,0.5882352941176471,0.5555555555555556,-0.010329049167526722
1094,2.9999999999999996,2.8421052631578947,0.7777777777777778,0.7368421052631579,0.888888888888889,0.8421052631578947,-0.01467695953216347
1095,2.8421052631578947,2.7,0.21052631578947367,0.2,0.21052631578947367,0.2,-0.005353051578947103
1096,4.555555555555555,4.315789473684211,1.0,0.9473684210526315,1.0000000000000002,0.9473684210526315,-0.021294060877192433
1097,4.7368421052631575,4.5,0.9473684210526315,0.9,0.9473684210526314,0.9,-0.014179405263157863
1098,4.857142857142858,4.533333333333333,0.5263157894736842,0.5,1.1428571428571428,1.0666666666666667,-0.05517571842857172
1099,7.111111111111112,6.7368421052631575,1.6666666666666667,1.5789473684210527,1.666666666666667,1.5789473684210527,-0.03408348017543944
1100,4.555555555555555,4.315789473684211,1.5789473684210527,1.5,1.7777777777777781,1.6842105263157894,-0.0253094189181281
1101,2.888888888888889,2.6,0.631578947368421,0.6,0.0,0.0,-0.1030734686666666
1102,3.0526315789473686,2.9,0.21052631578947367,0.2,0.21052631578947367,0.2,-0.00561211894736862
1103,2.222222222222222,2.1052631578947367,0.3157894736842105,0.3,0.3333333333333333,0.3157894736842105,-0.008951847842105023
1104,2.444444444444444,2.3157894736842106,0.6666666666666666,0.631578947368421,0.9999999999999999,0.9473684210526315,-0.011570422982455975
1105,2.0,1.894736842105263,0.0,0.0,0.0,0.0,-0.005842888421052628
1106,6.315789473684211,6.0,0.0,0.0,0.0,0.0,-0.00777202105263175
1107,4.315789473684211,4.1,0.7368421052631579,0.7,0.7368421052631579,0.7,-0.011805628421052955
1108,2.333333333333334,2.210526315789474,0.631578947368421,0.6,0.6666666666666667,0.631578947368421,-0.011736202350877384
1109,4.2105263157894735,4.0,1.368421052631579,1.3,1.3684210526315788,1.3,-0.017243021052631646
1110,2.999999999999999,2.8421052631578947,0.8421052631578947,0.8,0.7777777777777779,0.7368421052631579,-0.015621795356724671
1111,2.4444444444444446,2.3157894736842106,0.42105263157894735,0.4,0.4444444444444444,0.42105263157894735,-0.010420974198830396
1112,4.526315789473683,4.3,0.0,0.0,0.0,0.0,-0.005569948421052295
1113,2.933333333333333,2.75,0.0,0.0,0.5333333333333333,0.5,-0.023986104333333175
1114,3.1111111111111107,2.9473684210526314,0.10526315789473684,0.1,0.33333333333333337,0.3157894736842105,-0.009312593140350628
1115,3.3684210526315796,3.2,1.263157894736842,1.2,3.3684210526315796,3.2,-0.011474411578947574
1116,4.555555555555555,4.315789473684211,0.8888888888888888,0.8421052631578947,1.4444444444444446,1.368421052631579,-0.018916157485379614
1117,2.333333333333334,2.210526315789474,0.0,0.0,0.2222222222222222,0.21052631578947367,-0.0062204422222224415
1118,3.1578947368421053,3.0,1.368421052631579,1.3,1.7894736842105263,1.7,-0.015186780421052704
1119,2.421052631578948,2.3,1.1578947368421053,1.1,1.1578947368421053,1.1,-0.013185306315789846
1120,3.5789473684210527,3.4,2.526315789473684,2.4,2.631578947368421,2.5,-0.02648162457894765
1121,3.7142857142857144,3.466666666666667,0.10526315789473684,0.1,1.2857142857142856,1.2,-0.03600769585714264
1122,4.705882352941176,4.444444444444445,1.2941176470588236,1.2222222222222223,4.705882352941176,4.444444444444445,-0.019255677450980224
1123,4.315789473684211,4.1,1.368421052631579,1.3,1.3684210526315788,1.3,-0.017372554736842516
1124,5.052631578947368,4.8,0.21052631578947367,0.2,0.21052631578947367,0.2,-0.008073258947368038
1125,3.538461538461538,3.2857142857142856,1.4736842105263157,1.4,1.2307692307692308,1.1428571428571428,-0.057722746351647924
