raceId,fpClusterMean,qualsClusterMean,paceClusterMean,clusterMeanWeightedSum
421,,0.013333333333333334,,
422,,0.023333333333333334,,
423,,0.05333333333333334,,
424,,0.04736842105263158,,
425,,0.045,,
426,,0.036231884057971016,,
427,,0.03333333333333333,,
428,,0.055384615384615386,,
429,,0.04923076923076923,,
430,,0.012307692307692308,,
431,,0.04923076923076923,,
432,,0.01,,
433,,0.03418803418803419,,
434,,0.09971509971509972,,
435,0.11594202898550725,0.03985507246376811,0.11956521739130435,-0.3423178088405798
436,0.08923076923076922,0.036923076923076927,0.1476923076923077,-0.2814177614769231
437,,0.05194805194805195,,
438,,0.03333333333333333,,
439,,0.024615384615384615,,
440,,0.025362318840579712,,
441,,0.055384615384615386,,
442,,0.033846153846153845,,
443,,0.05333333333333334,,
444,,0.015384615384615385,,
445,,0.033846153846153845,,
446,,0.015384615384615385,,
447,,0.036923076923076927,,
448,,0.024615384615384615,,
449,,0.12307692307692308,,
450,,0.033846153846153845,,
451,,0.027692307692307693,,
452,,0.052307692307692305,,
453,0.04923076923076923,0.055384615384615386,0.11076923076923077,-0.19336031206153848
454,0.05846153846153846,0.08307692307692308,0.28,-0.2781000596307693
455,0.34307692307692306,0.11076923076923077,0.3046153846153846,-0.9955785034153847
456,0.05846153846153846,0.06769230769230769,0.44,-0.2996197456307692
457,0.22,0.052307692307692305,0.24923076923076923,-0.6334420125538462
458,0.14153846153846153,0.043076923076923075,0.4430769230769231,-0.4786123893538462
459,0.23692307692307693,0.06461538461538462,0.5476923076923077,-0.751459958123077
460,0.16,0.08615384615384615,0.24615384615384617,-0.5184889091692308
461,0.10461538461538461,0.04,0.1723076923076923,-0.3267803798461538
462,0.08333333333333333,0.06769230769230769,0.18840579710144928,-0.3039749654608696
463,0.04,0.043076923076923075,0.2323076923076923,-0.18686406533846153
464,0.12615384615384614,0.055384615384615386,0.16615384615384615,-0.39130076344615383
465,0.13846153846153847,0.09230769230769231,0.8492307692307692,-0.6055257313846155
466,0.16,0.14461538461538462,0.31384615384615383,-0.5862567360307693
467,0.10461538461538461,0.06,0.18615384615384614,-0.3479032574769231
468,0.5661538461538461,0.08615384615384615,0.6584615384615384,-1.5901453713846154
469,0.07,0.04,0.3,-0.27148365500000005
470,0.2923076923076923,0.12,0.49538461538461537,-0.9235830974769231
471,0.11666666666666667,0.08307692307692308,0.4033333333333333,-0.4458959327
472,0.29846153846153844,0.1076923076923077,0.6307692307692307,-0.9572878206769231
473,0.2784615384615385,0.1723076923076923,0.9230769230769231,-1.0320459086153848
474,0.16,0.08615384615384615,0.8523076923076923,-0.6526414539384615
475,0.36615384615384616,0.16307692307692306,0.7876923076923077,-1.2054266795384616
476,0.11333333333333333,0.17846153846153845,0.33,-0.5077447701
477,0.1753846153846154,0.10153846153846154,0.4307692307692308,-0.6103752619384616
478,0.3169230769230769,0.06461538461538462,0.7815384615384615,-0.9963244121538462
479,0.13230769230769232,0.14153846153846153,0.5353846153846153,-0.565663051076923
480,0.14461538461538462,0.07384615384615385,0.5907692307692308,-0.5465088941538462
481,0.6661538461538462,0.2,0.72,-1.9479470562769234
482,0.1753846153846154,0.1076923076923077,0.37538461538461537,-0.6036741242153847
483,0.20923076923076922,0.09538461538461539,0.7707692307692308,-0.7617672654615384
484,0.3723076923076923,0.13230769230769232,0.6153846153846154,-1.154364298676923
485,0.07076923076923076,0.11384615384615385,0.23384615384615384,-0.32537693221538466
486,0.28,0.09846153846153846,0.6153846153846154,-0.9009843649230771
487,0.10923076923076923,0.07384615384615385,0.2569230769230769,-0.38720873303076925
488,0.13230769230769232,0.14153846153846153,0.3476923076923077,-0.5241234306153846
489,0.24615384615384617,0.14153846153846153,0.3046153846153846,-0.7894003777538462
490,0.16307692307692306,0.055384615384615386,0.3446153846153846,-0.5199252238153846
491,0.2676923076923077,0.07692307692307693,0.42153846153846153,-0.8089259391384614
492,0.11333333333333333,0.06666666666666667,0.49333333333333335,-0.4429510501333333
493,0.1723076923076923,0.033846153846153845,0.26615384615384613,-0.505394650323077
494,0.14461538461538462,0.06769230769230769,0.3353846153846154,-0.4844313160307693
495,0.16,0.07076923076923076,0.22153846153846155,-0.49914995209230767
496,0.19692307692307692,0.06461538461538462,0.21846153846153846,-0.5820402915692309
497,0.12666666666666668,0.1,0.2633333333333333,-0.45433048510000007
498,0.16,0.09333333333333334,0.3433333333333333,-0.5464789759666667
499,0.09,0.06,0.11,-0.2957693241
500,0.2246153846153846,0.07692307692307693,0.3169230769230769,-0.6817903073230769
501,0.13846153846153847,0.07076923076923076,0.18153846153846154,-0.43830604572307696
502,0.10461538461538461,0.07076923076923076,0.4,-0.4049549823076923
503,0.16666666666666666,0.05333333333333334,0.41,-0.5412090415666666
504,0.11692307692307692,0.05846153846153846,0.4123076923076923,-0.42627523880000007
505,0.10153846153846154,0.05692307692307692,0.25384615384615383,-0.352679218
506,0.28307692307692306,0.09846153846153846,0.3169230769230769,-0.8423568729538462
507,0.23076923076923078,0.09538461538461539,0.49230769230769234,-0.752130012523077
508,0.13846153846153847,0.06307692307692307,0.21384615384615385,-0.43851073926153855
509,0.16307692307692306,0.06461538461538462,0.4676923076923077,-0.555499002
510,0.18769230769230769,0.06153846153846154,0.3446153846153846,-0.5849001937230769
511,0.18461538461538463,0.06461538461538462,0.17846153846153845,-0.5434783282153847
512,0.13846153846153847,0.04923076923076923,0.3476923076923077,-0.45563123129230776
513,0.2,0.09846153846153846,0.3076923076923077,-0.6397764536615385
514,0.11538461538461539,0.08615384615384615,0.17384615384615384,-0.39478988272307697
515,0.11692307692307692,0.07076923076923076,0.6030769230769231,-0.47960874704615386
516,0.08615384615384615,0.12923076923076923,0.39384615384615385,-0.41181546590769236
517,0.14153846153846153,0.08615384615384615,0.3292307692307692,-0.492311412523077
518,0.16,0.12307692307692308,0.5384615384615384,-0.6165204919076923
519,0.18769230769230769,0.09230769230769231,0.7784615384615384,-0.7087002809538462
520,0.13538461538461538,0.05076923076923077,0.39076923076923076,-0.4591267141384615
521,0.15666666666666668,0.06461538461538462,0.39,-0.5228307515
522,0.15692307692307692,0.08923076923076922,0.39692307692307693,-0.547207714276923
523,0.38153846153846155,0.11692307692307692,0.5107692307692308,-1.1396018726153847
524,0.1076923076923077,0.09538461538461539,0.5384615384615384,-0.4652520997538462
525,0.3230769230769231,0.12,0.5938461538461538,-1.019647517169231
526,0.20615384615384616,0.04923076923076923,0.3569230769230769,-0.6210750788923077
527,0.18666666666666668,0.07692307692307693,0.37,-0.6019336237
528,0.1723076923076923,0.03076923076923077,0.14461538461538462,-0.47571781603076924
529,0.45666666666666667,0.18769230769230769,0.43,-1.3669757095000001
530,0.24615384615384617,0.1076923076923077,0.3076923076923077,-0.7595208515384616
531,0.07076923076923076,0.09846153846153846,0.27692307692307694,-0.3210194776
532,0.2276923076923077,0.08923076923076922,0.5353846153846153,-0.7486799263692309
533,0.14153846153846153,0.06461538461538462,0.5353846153846153,-0.5184893040923078
534,0.19666666666666666,0.11333333333333333,0.4033333333333333,-0.6663253435666667
535,0.21,0.12333333333333334,0.5166666666666667,-0.7326222790666668
536,0.37333333333333335,0.09666666666666666,0.4766666666666667,-1.0939582033333335
537,0.08,0.08,0.24666666666666667,-0.3199357774
538,0.10333333333333333,0.05333333333333334,0.37666666666666665,-0.3809528997666667
539,0.315,0.065,0.39666666666666667,-0.9068506979500002
540,0.35833333333333334,0.13666666666666666,0.5233333333333333,-1.1041951617333334
541,0.21739130434782608,0.07333333333333333,0.6699604743083004,-0.7392444065812913
542,0.1753846153846154,0.08923076923076922,0.38461538461538464,-0.5890476907692308
543,0.12307692307692308,0.05846153846153846,0.15076923076923077,-0.38324678978461546
544,0.09333333333333334,0.03,0.17666666666666667,-0.2914823722
545,0.12,0.08615384615384615,0.5876923076923077,-0.4975223124615385
546,0.15076923076923077,0.033846153846153845,0.28923076923076924,-0.4585107803384616
547,0.07608695652173914,0.07065217391304347,0.17572463768115942,-0.2863490717391305
548,0.11067193675889328,0.06884057971014493,0.32806324110671936,-0.401912455497365
549,0.27384615384615385,0.12307692307692308,0.4430769230769231,-0.8702208235076923
550,0.2153846153846154,0.11076923076923077,0.2923076923076923,-0.6846210488307694
551,0.19833333333333333,0.03666666666666667,0.6416666666666667,-0.6538716743833333
552,0.08695652173913043,0.057971014492753624,0.16304347826086957,-0.2983301797463768
553,0.6111111111111112,0.08307692307692308,0.4444444444444444,-1.6485226985333337
554,0.1723076923076923,0.08923076923076922,0.5876923076923077,-0.6265648838153847
555,0.25384615384615383,0.08307692307692308,0.5046153846153846,-0.7994458691999999
556,0.19666666666666666,0.07384615384615385,0.52,-0.6564918152000001
557,0.07076923076923076,0.05846153846153846,0.34615384615384615,-0.3002245099538462
558,0.12307692307692308,0.09846153846153846,0.7784615384615384,-0.5582831350461539
559,0.018461538461538463,0.021538461538461538,0.018461538461538463,-0.06809734353846154
560,0.15076923076923077,0.12923076923076923,0.4553846153846154,-0.5814086147076923
561,0.2153846153846154,0.05846153846153846,0.7169230769230769,-0.7313660587076923
562,0.17846153846153845,0.12615384615384614,0.5907692307692308,-0.675439221076923
563,0.13846153846153847,0.10461538461538461,0.17846153846153845,-0.4681855719384616
564,0.20307692307692307,0.06461538461538462,0.5938461538461538,-0.6799741611692307
565,0.07114624505928854,0.05,0.12648221343873517,-0.24487724071343878
566,0.07,0.02666666666666667,0.12666666666666668,-0.22108294273333337
567,0.055384615384615386,0.018461538461538463,0.10615384615384615,-0.17385474346153848
568,0.06,0.03333333333333333,0.11,-0.19927503676666666
569,0.05434782608695652,0.021739130434782608,0.13768115942028986,-0.1812890286956522
570,0.09782608695652174,0.03985507246376811,0.11956521739130435,-0.29858815014492757
571,0.06493506493506493,0.014492753623188406,0.18614718614718614,-0.2110287825597591
572,0.03985507246376811,0.014492753623188406,0.11594202898550725,-0.1349511211594203
573,0.036231884057971016,0.05434782608695652,0.12318840579710146,-0.16379504076086956
574,0.06159420289855073,0.028985507246376812,0.14130434782608695,-0.2061256950362319
575,0.043478260869565216,0.057971014492753624,0.06159420289855073,-0.17092648365942031
576,0.1,0.030303030303030304,0.10476190476190476,-0.29193470699567103
577,0.06521739130434782,0.03985507246376811,0.2028985507246377,-0.23831790199275366
578,0.14492753623188406,0.03260869565217391,0.17391304347826086,-0.41777046858695654
579,0.07608695652173914,0.06159420289855073,0.15942028985507245,-0.27456197264492754
580,0.08300395256916997,0.05138339920948617,0.07114624505928854,-0.2625025678656127
581,0.0735930735930736,0.021645021645021644,0.18181818181818182,-0.23742802108225108
582,0.15204678362573099,0.0935672514619883,0.29239766081871343,-0.5162191355555555
583,0.1380952380952381,0.06060606060606061,0.5761904761904761,-0.5155887281341992
584,0.15584415584415584,0.03896103896103896,0.42424242424242425,-0.5052598406493507
585,0.16842105263157894,0.20526315789473684,0.43157894736842106,-0.6874007960526315
586,0.23333333333333334,0.04285714285714286,0.4666666666666667,-0.7052163155714286
587,0.24285714285714285,0.10476190476190476,0.4523809523809524,-0.7809392345238095
588,0.12105263157894737,0.06842105263157895,0.3631578947368421,-0.4343584428421053
589,0.18181818181818182,0.05194805194805195,0.3463203463203463,-0.5624387028571429
590,0.08095238095238096,0.047619047619047616,0.6571428571428571,-0.38384279580952385
591,0.07894736842105263,0.03684210526315789,0.23157894736842105,-0.27508737784210524
592,0.04093567251461988,0.029239766081871343,0.30409356725146197,-0.19251624426900588
593,0.07894736842105263,0.08947368421052632,0.2894736842105263,-0.33542281915789474
594,0.05847953216374269,0.07602339181286549,0.09649122807017543,-0.23116096160818714
595,0.14736842105263157,0.02631578947368421,0.24736842105263157,-0.4342374204210526
596,0.17894736842105263,0.06842105263157895,0.22105263157894736,-0.5426588228947369
597,0.1286549707602339,0.03508771929824561,0.2046783625730994,-0.3875377724561404
598,0.10952380952380952,0.03333333333333333,0.22380952380952382,-0.34400748580952384
599,0.49523809523809526,0.09523809523809523,0.8095238095238095,-1.4605985930476193
600,0.1774891774891775,0.06060606060606061,0.35064935064935066,-0.5607646267965369
601,0.12142857142857143,0.05714285714285714,0.13333333333333333,-0.37421833057142856
602,0.13852813852813853,0.0735930735930736,0.6320346320346321,-0.5407192792640693
603,0.22077922077922077,0.06060606060606061,0.39826839826839827,-0.6758004092640693
604,0.7402597402597403,0.10173160173160173,0.9090909090909091,-2.07994984482684
605,0.1774891774891775,0.1038961038961039,0.329004329004329,-0.5950618192207793
606,0.11471861471861472,0.11688311688311688,0.39826839826839827,-0.47059703779220785
607,0.1341991341991342,0.06060606060606061,0.9047619047619048,-0.5789026683549784
608,0.3116883116883117,0.05411255411255411,0.3225108225108225,-0.8726141561471863
609,0.1645021645021645,0.06060606060606061,0.19047619047619047,-0.4939664253679654
610,0.20346320346320346,0.11255411255411256,0.6666666666666666,-0.7403080858874459
611,0.5142857142857142,0.24761904761904763,0.7333333333333333,-1.627303322952381
612,0.35714285714285715,0.16017316017316016,0.37445887445887444,-1.0895975295021647
613,0.5095238095238095,0.09047619047619047,0.6523809523809524,-1.4560044266666667
614,0.30735930735930733,0.09956709956709957,0.5887445887445888,-0.9621287016017315
615,0.0735930735930736,0.047619047619047616,0.1471861471861472,-0.2532159112121212
616,0.3593073593073593,0.06493506493506493,0.4588744588744589,-1.0275122715584415
617,0.08225108225108226,0.05627705627705628,0.24675324675324675,-0.3039687606060606
618,0.1645021645021645,0.04329004329004329,0.29004329004329005,-0.5003673347619048
619,0.29523809523809524,0.10476190476190476,0.5857142857142857,-0.9368894390952383
620,0.11904761904761904,0.12857142857142856,0.21428571428571427,-0.450881764
621,0.15367965367965367,0.1471861471861472,0.4069264069264069,-0.5939217024242425
622,0.24242424242424243,0.06493506493506493,0.48484848484848486,-0.7511192957142857
623,0.08658008658008658,0.05627705627705628,0.16883116883116883,-0.29717291411255414
624,0.19047619047619047,0.04329004329004329,0.670995670995671,-0.6473769285281386
625,0.10952380952380952,0.1,0.2714285714285714,-0.41474135285714286
626,0.1380952380952381,0.0761904761904762,0.24761904761904763,-0.45694161409523815
627,0.1437908496732026,0.032679738562091505,0.16993464052287582,-0.4142103024183007
628,0.06926406926406926,0.09956709956709957,0.2597402597402597,-0.31458157952380955
629,0.1471861471861472,0.09956709956709957,0.354978354978355,-0.5237537751082252
630,0.10952380952380952,0.047619047619047616,0.30952380952380953,-0.375876483952381
631,0.34285714285714286,0.06666666666666667,0.4,-0.9763370176190477
632,0.24285714285714285,0.11904761904761904,0.22380952380952382,-0.7432512569523809
633,0.24242424242424243,0.05194805194805195,0.577922077922078,-0.7599918392857143
634,0.12987012987012986,0.09090909090909091,0.6558441558441559,-0.5407244248701298
635,0.3484848484848485,0.1341991341991342,0.6666666666666666,-1.1099163313852816
636,0.18181818181818182,0.06926406926406926,0.4329004329004329,-0.5972354512554112
637,0.31601731601731603,0.03896103896103896,0.8268398268398268,-0.9810000846753247
638,0.11428571428571428,0.06666666666666667,0.3523809523809524,-0.41405473104761903
639,0.4329004329004329,0.1774891774891775,0.8268398268398268,-1.3882219477056277
640,0.14935064935064934,0.09956709956709957,0.4069264069264069,-0.5404756382251082
641,0.6017316017316018,0.11255411255411256,0.6883116883116883,-1.7064695013419917
642,0.09956709956709957,0.12987012987012986,0.19047619047619047,-0.3997613436363637
643,0.30735930735930733,0.06493506493506493,0.38095238095238093,-0.8848705242857142
644,0.2987012987012987,0.08225108225108226,0.5367965367965368,-0.9140972643722944
645,0.1261904761904762,0.10952380952380952,0.1619047619047619,-0.4393323626190476
646,0.23809523809523808,0.09307359307359307,0.16666666666666666,-0.6956573103030302
647,0.41125541125541126,0.06926406926406926,0.5627705627705628,-1.179811290995671
648,0.22105263157894736,0.3,0.3473684210526316,-0.8813498521578949
649,0.21645021645021645,0.19047619047619047,0.27705627705627706,-0.755787196017316
650,0.06926406926406926,0.1038961038961039,0.4329004329004329,-0.3568137438961039
651,0.2943722943722944,0.14285714285714285,0.8225108225108225,-1.0216038588311689
652,0.2857142857142857,0.18095238095238095,0.6619047619047619,-0.9995566371904763
653,0.20476190476190476,0.09523809523809523,0.41904761904761906,-0.6730054784761905
654,0.341991341991342,0.10822510822510822,0.6883116883116883,-1.0755796590476192
655,0.3246753246753247,0.12121212121212122,0.8268398268398268,-1.0761659277489177
656,0.4666666666666667,0.14285714285714285,0.5857142857142857,-1.385094055857143
657,0.07792207792207792,0.05194805194805195,0.4935064935064935,-0.3442211628571429
658,0.19913419913419914,0.06493506493506493,0.9112554112554112,-0.740993827857143
659,0.17316017316017315,0.12121212121212122,0.3333333333333333,-0.6012052667099568
660,0.2510822510822511,0.12554112554112554,0.8225108225108225,-0.9014719649783551
661,0.3116883116883117,0.10822510822510822,0.6883116883116883,-1.0024318663203464
662,0.22943722943722944,0.08658008658008658,0.3852813852813853,-0.7172780940692641
663,0.23809523809523808,0.11255411255411256,0.5324675324675324,-0.7942049262770563
664,0.19047619047619047,0.06926406926406926,0.27705627705627706,-0.5836437582683983
665,0.21645021645021645,0.021645021645021644,0.3203463203463203,-0.6129263374458874
666,0.21212121212121213,0.11255411255411256,0.329004329004329,-0.6864768201731603
667,0.16883116883116883,0.03896103896103896,0.33766233766233766,-0.5174471933766234
668,0.16017316017316016,0.1038961038961039,0.3593073593073593,-0.559969675974026
669,0.1038961038961039,0.12121212121212122,0.2987012987012987,-0.4263456313852814
670,0.09523809523809523,0.06926406926406926,0.19480519480519481,-0.33554707917748916
671,0.1761904761904762,0.12987012987012986,0.2714285714285714,-0.6026369531038962
672,0.22510822510822512,0.08225108225108226,0.3939393939393939,-0.7048358177489178
673,0.19285714285714287,0.05238095238095238,0.44761904761904764,-0.6118954654761906
674,0.44761904761904764,0.05714285714285714,0.3047619047619048,-1.1995422394285715
675,0.18614718614718614,0.0735930735930736,0.2943722943722944,-0.5809351756277057
676,0.19480519480519481,0.0735930735930736,0.41774891774891776,-0.6291399693290044
677,0.05627705627705628,0.021645021645021644,0.38961038961038963,-0.24161736549783552
678,0.08225108225108226,0.08658008658008658,0.5281385281385281,-0.3936056222510823
679,0.16883116883116883,0.13852813852813853,0.5194805194805194,-0.6475882869264069
680,0.15584415584415584,0.05627705627705628,0.5562770562770563,-0.5501164822294373
681,0.12554112554112554,0.04329004329004329,0.17316017316017315,-0.3804518759307359
682,0.19047619047619047,0.06926406926406926,0.3116883116883117,-0.5913084387878789
683,0.22943722943722944,0.09523809523809523,0.9090909090909091,-0.8410239104761905
684,0.3238095238095238,0.05714285714285714,0.3380952380952381,-0.9080585127142858
685,0.2573099415204678,0.14035087719298245,0.8947368421052632,-0.9458618173684211
686,0.33766233766233766,0.23809523809523808,0.47186147186147187,-1.1344885743722946
687,0.1341991341991342,0.1038961038961039,0.26406926406926406,-0.4761936964935065
688,0.41125541125541126,0.12554112554112554,0.6147186147186147,-1.242122214848485
689,0.17316017316017315,0.047619047619047616,0.9090909090909091,-0.6621816301731602
690,0.19607843137254902,0.19047619047619047,0.3006535947712418,-0.7118347122128852
691,0.07516339869281045,0.11764705882352941,0.6830065359477124,-0.4388229622549019
692,0.3476190476190476,0.13333333333333333,0.5142857142857142,-1.0733200478095237
693,0.4868421052631579,0.13157894736842105,0.37894736842105264,-1.3778505650000001
694,0.2736842105263158,0.07894736842105263,0.4,-0.8204505961578948
695,0.21578947368421053,0.16842105263157894,0.4421052631578947,-0.770806385263158
696,0.29239766081871343,0.15263157894736842,0.7017543859649122,-0.9989373778771931
697,0.16374269005847952,0.08187134502923976,0.38596491228070173,-0.5545991869005849
698,0.4842105263157895,0.07368421052631578,0.631578947368421,-1.3751355384210526
699,0.21637426900584794,0.14035087719298245,0.49122807017543857,-0.7577445192982456
700,0.2,0.12368421052631579,0.7210526315789474,-0.7540345443421054
701,0.25263157894736843,0.08947368421052632,0.6368421052631579,-0.831553930631579
702,0.17894736842105263,0.11052631578947368,0.46842105263157896,-0.6354236718947369
703,0.347953216374269,0.10526315789473684,0.4239766081871345,-1.028794456754386
704,0.1111111111111111,0.1111111111111111,0.3391812865497076,-0.4436002641520468
705,0.11052631578947368,0.14736842105263157,0.2789473684210526,-0.46159540510526315
706,0.25263157894736843,0.031578947368421054,0.38421052631578945,-0.723367557631579
707,0.17647058823529413,0.08421052631578947,0.34967320261437906,-0.5794028765603716
708,0.43157894736842106,0.02631578947368421,0.5,-1.176198545894737
709,0.17894736842105263,0.08421052631578947,0.4052631578947368,-0.5976845579473684
710,0.30718954248366015,0.09736842105263158,0.3888888888888889,-0.9155020766816306
711,0.19883040935672514,0.02631578947368421,0.6198830409356725,-0.6409043988596491
712,0.28421052631578947,0.20526315789473684,0.9,-1.0705722085263156
713,0.1736842105263158,0.06315789473684211,0.2631578947368421,-0.5345206127368421
714,0.08947368421052632,0.04473684210526316,0.26052631578947366,-0.3140315217894737
715,0.14736842105263157,0.06842105263157895,0.2736842105263158,-0.47807942047368424
716,0.09473684210526316,0.07368421052631578,0.3736842105263158,-0.3779172505789473
717,0.1736842105263158,0.09473684210526316,0.34210526315789475,-0.5805064473157895
718,0.12631578947368421,0.14210526315789473,0.3631578947368421,-0.5135942993684212
719,0.12631578947368421,0.21578947368421053,0.7210526315789474,-0.659333961368421
720,0.20526315789473684,0.12105263157894737,0.3263157894736842,-0.677000815
721,0.28157894736842104,0.042105263157894736,0.2,-0.7619783711578948
722,0.23391812865497075,0.05847953216374269,0.47368421052631576,-0.7222868757309941
723,0.1736842105263158,0.24736842105263157,0.5157894736842106,-0.7567605398421053
724,0.24736842105263157,0.039473684210526314,0.5578947368421052,-0.7562306694473685
725,0.2710526315789474,0.07894736842105263,0.4368421052631579,-0.8222520960000002
726,0.15263157894736842,0.05263157894736842,0.4105263157894737,-0.506812916
727,0.12631578947368421,0.04736842105263158,0.35789473684210527,-0.4268893040526316
728,0.16578947368421051,0.21578947368421053,0.30526315789473685,-0.6625970368947368
729,0.14736842105263157,0.15263157894736842,0.5736842105263158,-0.6205104182105263
730,0.07105263157894737,0.021052631578947368,0.11578947368421053,-0.21614750442105263
731,0.2736842105263158,0.18421052631578946,0.6473684210526316,-0.9702422222105265
732,0.28104575163398693,0.0,0.8888888888888888,-0.8751367207843137
733,0.09941520467836257,0.06842105263157895,0.14619883040935672,-0.33411148198245616
734,0.27485380116959063,0.03508771929824561,0.4619883040935672,-0.7973910215789474
735,0.12631578947368421,0.021052631578947368,0.3368421052631579,-0.39846882800000005
736,0.13970588235294118,0.026143790849673203,0.375,-0.4438328127042484
737,0.28104575163398693,0.026143790849673203,0.33986928104575165,-0.7772348467973856
738,0.09473684210526316,0.03684210526315789,0.32105263157894737,-0.3330033332631579
739,0.2578947368421053,0.06315789473684211,0.2736842105263158,-0.7401241383157896
740,0.26666666666666666,0.06666666666666667,0.4666666666666667,-0.8071770773333334
741,0.09210526315789473,0.11052631578947368,0.33157894736842103,-0.39551192431578946
742,0.34210526315789475,0.12105263157894737,0.5684210526315789,-1.0609030153157897
743,0.3684210526315789,0.11578947368421053,0.5631578947368421,-1.1185090373157895
744,0.17894736842105263,0.042105263157894736,0.2631578947368421,-0.5282163036842106
745,0.13157894736842105,0.015789473684210527,0.48947368421052634,-0.4402012755789474
746,0.22807017543859648,0.04736842105263158,0.48830409356725146,-0.701373784631579
747,0.0784313725490196,0.07894736842105263,0.27450980392156865,-0.32136103484520123
748,0.2394736842105263,0.29473684210526313,0.6421052631578947,-0.9862942442105262
749,0.2,0.02631578947368421,0.6421052631578947,-0.648645817
750,0.28421052631578947,0.05263157894736842,0.33157894736842103,-0.8069558857368421
751,0.11764705882352941,0.04329004329004329,0.3888888888888889,-0.4091411409842119
752,0.058823529411764705,0.20346320346320346,0.43790849673202614,-0.4226214569493252
753,0.15204678362573099,0.07792207792207792,0.391812865497076,-0.5240950728252449
754,0.1111111111111111,0.24675324675324675,0.32748538011695905,-0.5634862892390067
755,0.13970588235294118,0.09523809523809523,0.3382352941176471,-0.4980830380182073
756,0.12380952380952381,0.09523809523809523,0.4523809523809524,-0.4849736300476191
757,0.2987012987012987,0.11255411255411256,0.5974025974025974,-0.9548717877056278
758,0.5526315789473685,0.16017316017316016,0.3526315789473684,-1.5566525243552065
759,0.17647058823529413,0.12987012987012986,0.5228758169934641,-0.658962822658518
760,0.22807017543859648,0.06493506493506493,0.29239766081871343,-0.6738775771496924
761,0.3088235294117647,0.1038961038961039,0.3235294117647059,-0.9108751158326969
762,0.2894736842105263,0.09090909090909091,0.4678362573099415,-0.8843783330622011
763,0.15441176470588236,0.11255411255411256,0.22794117647058823,-0.5248062437207156
764,0.19736842105263158,0.06926406926406926,0.22631578947368422,-0.5890509907666894
765,0.2867647058823529,0.19047619047619047,0.5625,-0.9886914700437676
766,0.10416666666666667,0.09523809523809523,0.3958333333333333,-0.42504319967261905
767,0.5552631578947368,0.08225108225108226,0.3684210526315789,-1.49614160993347
768,0.3333333333333333,0.2683982683982684,0.43137254901960786,-1.1424393088668194
769,0.2736842105263158,0.07792207792207792,0.32105263157894737,-0.8020523907375258
770,0.3736842105263158,0.08225108225108226,0.4473684210526316,-1.075304782196628
771,0.30735930735930733,0.08658008658008658,0.8268398268398268,-1.0030970948484847
772,0.5021645021645021,0.08658008658008658,0.8268398268398268,-1.4733329052380955
773,0.16017316017316016,0.1038961038961039,0.5021645021645021,-0.5915864831168831
774,0.26904761904761904,0.11688311688311688,0.9380952380952381,-0.962601504064935
775,0.319047619047619,0.19047619047619047,0.819047619047619,-1.123396972952381
776,0.5974025974025974,0.1471861471861472,0.8268398268398268,-1.757948632943723
777,0.35714285714285715,0.18181818181818182,0.4329004329004329,-1.122075486753247
778,0.2532467532467532,0.15584415584415584,0.8225108225108225,-0.9340581397402599
779,0.2597402597402597,0.1341991341991342,0.49783549783549785,-0.858332478008658
780,0.41125541125541126,0.18398268398268397,0.3787878787878788,-1.2426748627705628
781,0.40476190476190477,0.19480519480519481,0.48484848484848486,-1.2602453242857143
782,0.2857142857142857,0.0735930735930736,0.7878787878787878,-0.9304996205627707
783,0.5995670995670995,0.0735930735930736,0.9069264069264069,-1.714449098809524
784,0.46190476190476193,0.14285714285714285,0.6476190476190476,-1.3873000191428573
785,0.7532467532467533,0.16883116883116883,0.7532467532467533,-2.137393644025974
786,0.3268398268398268,0.15151515151515152,0.6017316017316018,-1.0589316791341992
787,0.5692640692640693,0.08225108225108226,0.5497835497835498,-1.5700768117748918
788,0.5930735930735931,0.09090909090909091,0.5454545454545454,-1.634409515974026
789,0.5952380952380952,0.4588744588744589,0.6060606060606061,-1.9852923000865803
790,0.6368421052631579,0.21052631578947367,0.9,-1.9265337542631582
791,0.16842105263157894,0.1368421052631579,0.6052631578947368,-0.6640611688947369
792,0.23684210526315788,0.21637426900584794,1.0,-0.9883949123976609
793,0.7157894736842105,0.32105263157894737,0.8105263157894737,-2.1970977580526316
794,0.49473684210526314,0.22105263157894736,0.8105263157894737,-1.5732114625263158
795,0.9,0.1631578947368421,0.8105263157894737,-2.499192397526316
796,0.8552631578947368,0.09473684210526316,0.9,-2.3492262532105266
797,0.9473684210526315,0.4236842105263158,0.718421052631579,-2.828384882157895
798,0.23684210526315788,0.19473684210526315,0.531578947368421,-0.8651881144210527
799,0.4,0.1368421052631579,0.8026315789473685,-1.2667454158157896
800,0.631578947368421,0.12105263157894737,0.7157894736842105,-1.7922721626842106
801,0.44473684210526315,0.28157894736842104,1.0,-1.5491021363947368
802,0.7210526315789474,0.17894736842105263,0.5736842105263158,-2.029074788157895
803,0.6631578947368421,0.3157894736842105,0.8105263157894737,-2.0652993603157896
804,0.531578947368421,0.29473684210526313,0.5210526315789473,-1.6646093833157898
805,0.6473684210526316,0.1736842105263158,0.5578947368421052,-1.8429634346842108
806,0.49736842105263157,0.37105263157894736,0.9,-1.7348044718684212
807,0.8052631578947368,0.20789473684210527,0.8973684210526316,-2.330122955894737
808,0.6368421052631579,0.23157894736842105,1.0,-1.9676744449473687
809,0.4368421052631579,0.14473684210526316,1.0,-1.4064871945000001
810,0.9,0.32105263157894737,0.5210526315789473,-2.5776937046315793
811,0.22105263157894736,0.20526315789473684,0.4789473684210526,-0.82493043
812,0.8105263157894737,0.34210526315789475,0.9,-2.464591888631579
813,0.7017543859649122,0.26900584795321636,0.631578947368421,-2.0766202808187137
814,1.1526315789473685,0.30526315789473685,0.9,-3.2571263497368426
815,0.48947368421052634,0.5631578947368421,0.5842105263157895,-1.8193142095789474
816,0.9842105263157894,0.2894736842105263,0.9,-2.836321923263158
817,0.5526315789473685,0.1631578947368421,0.6052631578947368,-1.6152593401052635
818,0.7076023391812866,0.2679738562091503,0.8947368421052632,-2.148046198280014
819,0.9,0.06842105263157895,1.0,-2.4555861024736845
820,0.3736842105263158,0.3,1.0,-1.3942226218421054
821,0.1541501976284585,0.06159420289855073,0.35177865612648224,-0.5055693489690383
822,0.09523809523809523,0.07707509881422925,0.18181818181818182,-0.33972558979390177
823,0.16666666666666666,0.043478260869565216,0.5095238095238095,-0.5543370360559006
824,0.1645021645021645,0.06719367588932806,0.6060606060606061,-0.5918907073461321
825,0.10952380952380952,0.09090909090909091,0.5047619047619047,-0.4581737381298701
826,0.17753623188405798,0.07509881422924901,0.5652173913043478,-0.621451759486166
827,0.08695652173913043,0.10507246376811594,0.5533596837944664,-0.4272430726844532
828,0.4963768115942029,0.10507246376811594,0.2717391304347826,-1.3532057601449277
829,0.24891774891774893,0.20652173913043478,0.5974025974025974,-0.9195460363791643
830,0.24242424242424243,0.06521739130434782,0.2554112554112554,-0.7005957065189159
831,0.2608695652173913,0.09420289855072464,0.37549407114624506,-0.7978686057773388
832,0.3221343873517787,0.06159420289855073,0.22924901185770752,-0.8839445748583664
833,0.2644927536231884,0.03260869565217391,0.2463768115942029,-0.7224237268478262
834,0.09881422924901186,0.09420289855072464,0.5652173913043478,-0.44867605099472985
835,0.0735930735930736,0.03985507246376811,0.21645021645021645,-0.26153499298089594
836,0.16996047430830039,0.1225296442687747,0.4268774703557312,-0.6153741784584981
837,0.1225296442687747,0.09420289855072464,0.2450592885375494,-0.4350655107180501
838,0.17391304347826086,0.04710144927536232,0.6205533596837944,-0.5996731623155467
839,0.1541501976284585,0.09420289855072464,0.4308300395256917,-0.5525079883069829
840,0.23391812865497075,0.03896103896103896,0.391812865497076,-0.6865435866757803
841,0.17142857142857143,0.06521739130434782,0.13095238095238096,-0.5016759322267081
842,0.16666666666666666,0.09057971014492754,0.3333333333333333,-0.5578720014855072
843,0.2631578947368421,0.07114624505928854,0.4842105263157895,-0.8066348174079467
844,0.09523809523809523,0.039525691699604744,0.09956709956709957,-0.28761771381705253
845,0.19047619047619047,0.06190476190476191,0.22077922077922077,-0.5645437574069264
846,0.08571428571428572,0.050724637681159424,0.2619047619047619,-0.3106683942318841
847,0.06666666666666667,0.08333333333333333,0.11904761904761904,-0.262516147452381
848,0.047619047619047616,0.04710144927536232,0.1774891774891775,-0.19675704666337288
849,0.06060606060606061,0.043478260869565216,0.12121212121212122,-0.21237953118577074
850,0.09523809523809523,0.036231884057971016,0.2077922077922078,-0.3085957825682289
851,0.07905138339920949,0.021739130434782608,0.24110671936758893,-0.26381028333992096
852,0.1038961038961039,0.07246376811594203,0.1774891774891775,-0.3555031930585357
853,0.07905138339920949,0.043478260869565216,0.11462450592885376,-0.25544631905138343
854,0.047619047619047616,0.05434782608695652,0.2904761904761905,-0.22830599417701863
855,0.18571428571428572,0.04710144927536232,0.3333333333333333,-0.5645930501438923
856,0.17786561264822134,0.06521739130434782,0.16600790513833993,-0.5249725652371542
857,0.05714285714285714,0.07509881422924901,0.20952380952380953,-0.2521156743433089
858,0.18128654970760233,0.05434782608695652,0.19883040935672514,-0.5306800955930587
859,0.18181818181818182,0.10822510822510822,0.5216450216450217,-0.6520550510606061
860,0.4150197628458498,0.06702898550724638,0.19960474308300397,-1.106504856849473
861,0.3142857142857143,0.18478260869565216,0.319047619047619,-0.9961026233447204
862,0.18181818181818182,0.13043478260869565,0.20553359683794467,-0.6021476607509881
863,0.6368421052631579,0.09057971014492754,0.5526315789473685,-1.741352326274981
864,0.15217391304347827,0.06884057971014493,0.6231884057971014,-0.5674095360507247
865,0.33695652173913043,0.10869565217391304,0.5144927536231884,-1.0253818886956523
866,0.55,0.26877470355731226,0.43333333333333335,-1.6662198753715418
867,0.22631578947368422,0.1383399209486166,0.6368421052631579,-0.8121533439482006
868,0.5023809523809524,0.3007246376811594,0.5761904761904761,-1.6117385124461698
869,0.5714285714285714,0.20652173913043478,0.2,-1.6100953357298138
870,0.3246753246753247,0.04710144927536232,0.47835497835497837,-0.9321237778971392
871,0.22857142857142856,0.10869565217391304,0.35714285714285715,-0.7289292784968944
872,0.07114624505928854,0.036231884057971016,0.4308300395256917,-0.29980322445981555
873,0.30303030303030304,0.09057971014492754,0.37662337662337664,-0.8966179194075852
874,0.4789473684210526,0.18840579710144928,0.30526315789473685,-1.3937963485003815
875,0.12857142857142856,0.15217391304347827,0.5857142857142857,-0.5773860178385093
876,0.3333333333333333,0.08333333333333333,0.6198830409356725,-1.0170604420614036
877,0.2727272727272727,0.050724637681159424,0.4308300395256917,-0.7994809176745717
878,0.23809523809523808,0.08695652173913043,0.341991341991342,-0.7289365050988142
879,0.06190476190476191,0.014285714285714285,0.2,-0.20659293471428575
880,0.23376623376623376,0.08225108225108226,0.7445887445887446,-0.8033400773593073
881,0.44761904761904764,0.09090909090909091,0.18571428571428572,-1.203683241987013
882,0.4421052631578947,0.08658008658008658,0.7131578947368421,-1.3031974618925724
883,0.16842105263157894,0.1038961038961039,0.5631578947368421,-0.6249947966500342
884,0.22510822510822512,0.025974025974025976,0.37662337662337664,-0.6501895744155846
885,0.3,0.10173160173160173,0.40476190476190477,-0.9056000032813853
886,0.15714285714285714,0.05194805194805195,0.20476190476190476,-0.47154611858441564
887,0.13333333333333333,0.08441558441558442,0.319047619047619,-0.4686820118961039
888,0.3380952380952381,0.09956709956709957,0.28095238095238095,-0.9682016146796537
889,0.44761904761904764,0.08441558441558442,0.6476190476190476,-1.3000477757532467
890,0.38596491228070173,0.1471861471861472,0.7953216374269005,-1.2405885024515835
891,0.1038961038961039,0.09090909090909091,0.21645021645021645,-0.3807806827272728
892,0.41578947368421054,0.11688311688311688,0.5631578947368421,-1.2338380636589201
893,0.21428571428571427,0.08658008658008658,0.5095238095238095,-0.708201239069264
894,0.4380952380952381,0.12121212121212122,0.5142857142857142,-1.2807739245541128
895,0.49707602339181284,0.23376623376623376,0.7076023391812866,-1.5675584823353839
896,1.3567251461988303,0.09523809523809523,0.6198830409356725,-3.4981516597493734
897,0.29239766081871343,0.12554112554112554,0.5497076023391813,-0.9408261212964228
898,0.12380952380952381,0.04329004329004329,0.2761904761904762,-0.39907442660606063
899,0.11904761904761904,0.03333333333333333,0.3904761904761905,-0.4038830670952381
900,0.26900584795321636,0.06060606060606061,0.3391812865497076,-0.7791365423923445
901,0.30526315789473685,0.030303030303030304,0.6473684210526316,-0.9075031546874004
902,0.20526315789473684,0.0735930735930736,0.4263157894736842,-0.6562802074889497
903,0.24761904761904763,0.05714285714285714,0.28095238095238095,-0.7114973395714287
904,0.3904761904761905,0.09090909090909091,0.3952380952380952,-1.1121187214155845
905,0.3333333333333333,0.21645021645021645,0.48484848484848486,-1.107369336017316
906,0.19607843137254902,0.004329004329004329,0.3202614379084967,-0.5480975176572448
907,0.21052631578947367,0.05194805194805195,0.3684210526315789,-0.6366278881408065
908,0.12987012987012986,0.06493506493506493,0.35064935064935066,-0.44972685714285715
909,0.10789473684210527,0.04329004329004329,0.5631578947368421,-0.42416904053839144
910,0.27485380116959063,0.08225108225108226,0.30994152046783624,-0.8063253156527683
911,0.5142857142857142,0.06666666666666667,0.2761904761904762,-1.362743297904762
912,0.12105263157894737,0.0735930735930736,0.12631578947368421,-0.3866110463836865
913,0.3333333333333333,0.07142857142857142,0.5380116959064327,-0.9881917734962405
914,0.4583333333333333,0.13071895424836602,0.24166666666666667,-1.277874740874183
915,0.3047619047619048,0.1830065359477124,0.6571428571428571,-1.0463361019738564
916,0.24836601307189543,0.1,0.28104575163398693,-0.7520178285686275
917,0.10256410256410256,0.08571428571428572,0.3076923076923077,-0.39306836621978025
918,0.22875816993464052,0.18128654970760233,0.6928104575163399,-0.8692132750911593
919,0.40350877192982454,0.07894736842105263,0.30409356725146197,-1.1126053534210525
920,0.13725490196078433,0.04093567251461988,0.3333333333333333,-0.442050822882697
921,0.16911764705882354,0.06315789473684211,0.16911764705882354,-0.5026847228614552
922,0.22631578947368422,0.05789473684210526,0.3894736842105263,-0.6847704613157896
923,0.2631578947368421,0.06842105263157895,0.6368421052631579,-0.8379542382105263
924,0.391812865497076,0.06842105263157895,0.47368421052631576,-1.1124018118070176
925,0.175,0.10526315789473684,0.21666666666666667,-0.5654252889210527
926,0.369281045751634,0.07368421052631578,0.42483660130718953,-1.0519541600908153
927,0.16993464052287582,0.13450292397660818,0.43790849673202614,-0.6285641409563124
928,0.16374269005847952,0.07894736842105263,0.4152046783625731,-0.5584303346491228
929,0.23684210526315788,0.08947368421052632,0.15789473684210525,-0.6874405746842106
930,0.23391812865497075,0.07368421052631578,0.2631578947368421,-0.6894223548070176
931,0.04678362573099415,0.05263157894736842,0.15789473684210525,-0.19539713192982458
932,0.07602339181286549,0.021052631578947368,0.21637426900584794,-0.25040749954385966
933,0.23391812865497075,0.1368421052631579,0.47953216374269003,-0.7943365765964913
934,0.391812865497076,0.14736842105263157,0.543859649122807,-1.1992163462807017
935,0.4619883040935672,0.06842105263157895,0.6812865497076024,-1.3277427620701754
936,0.1619047619047619,0.07142857142857142,0.3,-0.5217080711428572
937,0.19298245614035087,0.07368421052631578,0.21052631578947367,-0.5789603725263157
938,0.12554112554112554,0.06060606060606061,0.20346320346320346,-0.40279351848484857
939,0.2631578947368421,0.07792207792207792,0.3736842105263158,-0.7882914548427887
940,0.15714285714285714,0.047619047619047616,0.4666666666666667,-0.5256015032380953
941,0.19047619047619047,0.08658008658008658,0.341991341991342,-0.6136500813419914
942,0.354978354978355,0.07792207792207792,0.5367965367965368,-1.0460344033766236
943,0.31601731601731603,0.09740259740259741,0.23593073593073594,-0.9029897572727275
944,0.37142857142857144,0.1471861471861472,0.7428571428571429,-1.1938882426320347
945,0.26052631578947366,0.09090909090909091,0.21578947368421053,-0.7587205397464115
946,0.1,0.021645021645021644,0.26842105263157895,-0.32033784145340627
947,0.24736842105263157,0.09956709956709957,0.5578947368421052,-0.8104904546119845
948,0.3874458874458874,0.11255411255411256,0.44155844155844154,-1.1345992612121212
949,0.6523809523809524,0.09956709956709957,0.44285714285714284,-1.7626811035367966
950,0.0761904761904762,0.047619047619047616,0.2571428571428571,-0.2838210826666667
951,0.2727272727272727,0.1038961038961039,0.19480519480519481,-0.7952542450649351
952,0.33116883116883117,0.07575757575757576,0.5173160173160173,-0.982295373982684
953,0.13157894736842105,0.08658008658008658,0.45789473684210524,-0.4971308383925723
954,0.16883116883116883,0.06493506493506493,0.5151515151515151,-0.5801812516883117
955,0.347953216374269,0.11428571428571428,0.49707602339181284,-1.05311932997995
956,0.12631578947368421,0.12554112554112554,0.44473684210526315,-0.5166930033929141
957,0.0935672514619883,0.03684210526315789,0.14619883040935672,-0.291481852754386
958,0.2789473684210526,0.06842105263157895,0.2894736842105263,-0.7991893254736843
959,0.17543859649122806,0.04678362573099415,0.6023391812865497,-0.5990375702339181
960,0.21568627450980393,0.11695906432748537,0.16339869281045752,-0.6624083291606467
961,0.23976608187134502,0.18947368421052632,0.30409356725146197,-0.8171474736140352
962,0.43157894736842106,0.21052631578947367,0.3894736842105263,-1.318065221157895
963,0.43157894736842106,0.06842105263157895,0.3894736842105263,-1.1897549727894738
964,0.17894736842105263,0.05789473684210526,0.1736842105263158,-0.5226708924210527
965,0.32679738562091504,0.14736842105263157,0.5751633986928104,-1.0492050366522188
966,0.1895424836601307,0.05847953216374269,0.5294117647058824,-0.6275030111489508
967,0.16176470588235295,0.12631578947368421,0.25,-0.5598630954287926
968,0.17894736842105263,0.07368421052631578,0.24736842105263157,-0.5532352030000001
969,0.3026315789473684,0.04736842105263158,0.44473684210526315,-0.8717136518684211
970,0.0718954248366013,0.03684210526315789,0.13071895424836602,-0.23574275563364294
971,0.14285714285714285,0.0935672514619883,0.38095238095238093,-0.5136351941520467
972,0.2578947368421053,0.06315789473684211,0.23157894736842105,-0.7308055004210527
973,0.31699346405228757,0.06578947368421052,0.17320261437908496,-0.8629189710964913
974,0.26666666666666666,0.06315789473684211,0.39166666666666666,-0.7874100993026316
975,0.40522875816993464,0.1736842105263158,0.41830065359477125,-1.2275733984633643
976,0.16339869281045752,0.05263157894736842,0.26143790849673204,-0.49980751028895776
977,0.19473684210526315,0.06315789473684211,0.4605263157894737,-0.6290201943947369
978,0.3894736842105263,0.07368421052631578,0.22631578947368422,-1.0567605493157897
979,0.3368421052631579,0.042105263157894736,0.4473684210526316,-0.9501238434210526
980,0.24210526315789474,0.06578947368421052,0.19473684210526315,-0.6869139580789474
981,0.40350877192982454,0.07602339181286549,0.21637426900584794,-1.0905513959064328
982,0.2578947368421053,0.12280701754385964,0.7315789473684211,-0.8953229481929825
983,0.3216374269005848,0.12280701754385964,0.24561403508771928,-0.9416373594736842
984,0.34210526315789475,0.08421052631578947,0.3263157894736842,-0.9740552274736843
985,0.631578947368421,0.15263157894736842,0.4853801169590643,-1.7697918938421053
986,0.14210526315789473,0.08771929824561403,0.3263157894736842,-0.49444794975438594
987,0.35294117647058826,0.11052631578947368,1.0718954248366013,-1.188982881018576
988,0.3567251461988304,0.15263157894736842,0.543859649122807,-1.1192711334912282
989,0.14619883040935672,0.06842105263157895,0.30116959064327486,-0.48133917207017546
990,0.4093567251461988,0.21578947368421053,0.5672514619883041,-1.3085210979122808
991,0.2578947368421053,0.06315789473684211,0.24736842105263157,-0.734299989631579
992,0.125,0.05789473684210526,0.175,-0.392739779381579
993,0.42105263157894735,0.1631578947368421,0.5906432748538012,-1.2944082861578947
994,0.47058823529411764,0.12105263157894737,0.3137254901960784,-1.3146765038606814
995,0.11764705882352941,0.1,0.3382352941176471,-0.44913538567647066
996,0.17647058823529413,0.15263157894736842,0.29411764705882354,-0.6288864600340558
997,0.33986928104575165,0.04736842105263158,0.1830065359477124,-0.9036753541620227
998,0.30526315789473685,0.18421052631578946,0.2736842105263158,-0.9637670106842106
999,0.11578947368421053,0.07894736842105263,0.2631578947368421,-0.4090265240526316
1000,0.3105263157894737,0.12280701754385964,0.2631578947368421,-0.9186992679298247
1001,0.24183006535947713,0.07894736842105263,0.6013071895424836,-0.7881114368059856
1002,0.16842105263157894,0.05789473684210526,0.49473684210526314,-0.5683162731052631
1003,0.43157894736842106,0.12105263157894737,0.7210526315789474,-1.3106615604210528
1004,0.39766081871345027,0.30526315789473685,0.7076023391812866,-1.3921386769824562
1005,0.543859649122807,0.07894736842105263,0.19298245614035087,-1.4268042802631582
1006,0.3368421052631579,0.17894736842105263,0.7210526315789474,-1.1342530066842107
1007,0.3263157894736842,0.23684210526315788,0.8052631578947368,-1.1797555948421052
1008,0.37894736842105264,0.24210526315789474,0.8105263157894737,-1.3127188223157895
1009,0.15263157894736842,0.06842105263157895,0.4368421052631579,-0.5268937589473685
1010,0.36257309941520466,0.06315789473684211,0.1871345029239766,-0.9736498689824562
1011,0.5552631578947368,0.18421052631578946,0.7131578947368421,-1.6644995837105263
1012,0.11578947368421053,0.02631578947368421,0.5157894736842106,-0.41741603721052634
1013,0.3263157894736842,0.05263157894736842,0.3263157894736842,-0.9074279890526317
1014,0.2573099415204678,0.05526315789473684,0.24853801169590642,-0.7260188694824562
1015,0.14619883040935672,0.06315789473684211,0.30994152046783624,-0.47852832354385966
1016,0.23391812865497075,0.07894736842105263,0.6081871345029239,-0.770535646754386
1017,0.4678362573099415,0.22631578947368422,0.47368421052631576,-1.4384798835614037
1018,0.25526315789473686,0.08947368421052632,0.33157894736842103,-0.7703461142105263
1019,0.6236842105263158,0.16842105263157894,0.4473684210526316,-1.7565790039473688
1020,0.24836601307189543,0.09473684210526316,0.5751633986928104,-0.8123590236181631
1021,0.37254901960784315,0.14210526315789473,0.24836601307189543,-1.082565600133127
1022,0.3684210526315789,0.07602339181286549,0.4502923976608187,-1.0576241622222222
1023,0.5555555555555556,0.18421052631578946,0.8011695906432749,-1.6846839374561404
1024,0.7076023391812866,0.1631578947368421,0.5409356725146199,-1.9751029108070177
1025,0.23391812865497075,0.11695906432748537,0.8947368421052632,-0.8682758260233919
1026,0.49707602339181284,0.1736842105263158,0.38596491228070173,-1.4421249439122807
1027,0.49736842105263157,0.14473684210526316,0.6447368421052632,-1.4739642785263158
1028,0.2578947368421053,0.05789473684210526,0.5,-0.7854595855789475
1029,,0.10526315789473684,,
1030,1.0,0.3631578947368421,1.0,-2.9630987780526317
1031,0.2736842105263158,0.17894736842105263,0.46842105263157896,-0.9258857797368423
1032,0.04736842105263158,0.015789473684210527,0.33421052631578946,-0.20256493223684213
1033,0.38562091503267976,0.1736842105263158,0.47058823529411764,-1.1918146384633643
1034,0.6052631578947368,0.2,0.9,-1.8408015916315792
1035,0.3333333333333333,0.09473684210526316,0.6339869281045751,-1.0304783826377708
1036,0.5684210526315789,0.12105263157894737,0.4,-1.569926978894737
1037,0.3131578947368421,0.11842105263157894,0.5078947368421053,-0.9752559661578948
1038,0.21052631578947367,0.3105263157894737,0.7953216374269005,-0.9645850348947369
1039,0.3137254901960784,0.14736842105263157,0.45751633986928103,-0.9916137162600619
1040,0.2631578947368421,0.16339869281045752,0.8011695906432749,-0.9600803990368076
1041,0.15263157894736842,0.16842105263157894,0.7210526315789474,-0.6800869617368421
1042,0.38011695906432746,0.06842105263157895,0.3333333333333333,-1.0531072040877194
1043,0.7076023391812866,0.24736842105263157,0.8011695906432749,-2.108732972754386
1044,0.6911764705882353,0.18947368421052632,0.8823529411764706,-2.0347757064520127
1045,0.3131578947368421,0.14210526315789473,0.5736842105263158,-1.011201379263158
1046,0.19298245614035087,0.29239766081871343,0.3157894736842105,-0.7997385840935672
1047,0.24736842105263157,0.06315789473684211,0.5,-0.7648025837368422
1048,0.5380116959064327,0.12631578947368421,0.7953216374269005,-1.5887664144561404
1049,0.29239766081871343,0.0935672514619883,0.6491228070175439,-0.9339584834502924
1050,0.4421052631578947,0.031578947368421054,1.0,-1.3170188355789474
1051,0.8105263157894737,0.03684210526315789,1.0289473684210526,-2.2175007947631578
1052,0.33157894736842103,0.05263157894736842,0.38421052631578945,-0.9329457327894737
1053,0.33157894736842103,0.07368421052631578,0.4263157894736842,-0.9612732963684211
1054,0.28421052631578947,0.1631578947368421,0.9,-1.0325543571578948
1055,0.22631578947368422,0.1631578947368421,0.5105263157894737,-0.8066061736842107
1056,0.22105263157894736,0.15789473684210525,0.9,-0.8753467261578948
1057,0.4542483660130719,0.1871345029239766,0.3464052287581699,-1.3421335751668388
1058,0.23684210526315788,0.07894736842105263,0.48947368421052634,-0.7513203852631579
1059,0.7941176470588235,0.13071895424836602,0.3137254901960784,-2.104364715947712
1060,0.26842105263157895,0.10526315789473684,0.46842105263157896,-0.8466499232105265
1061,0.2578947368421053,0.08421052631578947,0.8105263157894737,-0.8779456971578948
1062,0.6368421052631579,0.1111111111111111,0.3736842105263158,-1.720286409292398
1063,0.2426470588235294,0.11052631578947368,0.3602941176470588,-0.76525650050387
1064,0.33157894736842103,0.10526315789473684,0.6421052631578947,-1.0375447041052632
1065,0.4263157894736842,0.11052631578947368,0.30526315789473685,-1.1964309317368422
1066,0.21578947368421053,0.031578947368421054,0.7315789473684211,-0.7113140038421054
1067,0.3,0.11578947368421053,0.4052631578947368,-0.918404129
1068,0.7157894736842105,0.24210526315789474,1.0,-2.167748157263158
1069,0.6928104575163399,0.07105263157894737,0.4019607843137255,-1.8254754799685244
1070,0.7192982456140351,0.21578947368421053,1.0,-2.1524567445789473
1071,0.3567251461988304,0.08947368421052632,0.631578947368421,-1.081658185385965
1072,0.5210526315789473,0.17894736842105263,0.9,-1.6185187998421053
1073,0.45098039215686275,0.11578947368421053,0.7058823529411765,-1.349384583027864
1074,0.12631578947368421,0.042105263157894736,0.37105263157894736,-0.42504914697368423
1075,0.3,0.30526315789473685,0.6631578947368421,-1.1465611172631578
1076,0.24761904761904763,0.1,0.3238095238095238,-0.7596791232857144
1077,0.24761904761904763,0.04473684210526316,0.319047619047619,-0.7087267997932332
1078,0.8105263157894737,0.26842105263157895,0.45789473684210524,-2.3002149508421055
1079,0.4696969696969697,0.25263157894736843,0.3333333333333333,-1.4356704454832538
1080,0.45789473684210524,0.10526315789473684,0.3631578947368421,-1.2807195272105263
1081,0.6368421052631579,0.14210526315789473,1.0,-1.886886510789474
1082,1.0,0.14736842105263157,1.0,-2.768257289789474
1083,0.2578947368421053,0.06842105263157895,0.26842105263157895,-0.7437115400000001
1084,0.35789473684210527,0.2789473684210526,1.0,-1.337099846263158
1085,1.0,0.15263157894736842,1.0,-2.7730095212105264
1086,0.7157894736842105,0.2,0.8052631578947368,-2.0866316056315792
1087,0.7720588235294118,0.03684210526315789,0.7720588235294118,-2.0677910247267803
1088,0.7210526315789474,0.16842105263157894,1.0,-2.113921534
1089,0.5157894736842106,0.12857142857142856,0.4261904761904762,-1.4554661292518798
1090,0.8973684210526316,0.12631578947368421,0.47368421052631576,-2.385025366105263
1091,0.03684210526315789,0.04736842105263158,0.14736842105263157,-0.16431763184210527
1092,0.5228758169934641,0.11578947368421053,0.8888888888888888,-1.5634338834200208
1093,0.39869281045751637,0.10526315789473684,0.35294117647058826,-1.1355522092053665
1094,1.0,0.14619883040935672,0.5555555555555556,-2.668837838362573
1095,0.7210526315789474,0.15263157894736842,0.5105263157894737,-1.9913356742105264
1096,0.5497076023391813,0.17543859649122806,0.7660818713450293,-1.6548817794736843
1097,0.22105263157894736,0.22631578947368422,1.0,-0.959257499631579
1098,0.8333333333333334,0.12631578947368421,0.4857142857142857,-2.233114998390978
1099,0.4152046783625731,0.49122807017543857,1.0,-1.667112339122807
1100,0.47368421052631576,0.12105263157894737,0.8947368421052632,-1.4507378747894737
1101,0.6111111111111112,0.14210526315789473,0.8,-1.7805115217017546
1102,0.5815789473684211,0.16842105263157894,1.0,-1.7772491932631582
1103,1.0,0.13157894736842105,0.47368421052631576,-2.6375176218421053
1104,0.4269005847953216,0.13450292397660818,1.0,-1.3732491353216376
1105,0.4444444444444444,0.18947368421052632,0.47368421052631576,-1.3487493008070177
1106,0.1368421052631579,0.12105263157894737,0.9,-0.6388072401052632
1107,0.7210526315789474,0.4263157894736842,1.0,-2.346780873631579
1108,0.7017543859649122,0.11052631578947368,0.6491228070175439,-1.937408078263158
1109,0.5684210526315789,0.12631578947368421,0.8052631578947368,-1.6643711000526316
1110,0.5497076023391813,0.1631578947368421,0.6198830409356725,-1.6114368579122809
1111,1.0818713450292399,0.2,1.0,-3.013406973824562
1112,0.9,0.2736842105263158,0.9,-2.6187913628947372
1113,0.4583333333333333,0.08187134502923976,1.0,-1.401601614883041
1114,0.8011695906432749,0.2631578947368421,0.43859649122807015,-2.2686056919298245
1115,0.4421052631578947,0.07368421052631578,1.0,-1.3550366869473685
1116,0.4444444444444444,0.07017543859649122,1.0,-1.3575150289473685
1117,0.4444444444444444,0.15789473684210525,0.543859649122807,-1.3357669754385966
1118,0.6842105263157895,0.09473684210526316,1.0,-1.9584579776842108
1119,0.4263157894736842,0.16842105263157894,0.9,-1.3803312376315793
1120,0.5631578947368421,0.1736842105263158,1.0,-1.7375352664736843
1121,0.44761904761904764,0.25263157894736843,0.580952380952381,-1.4371795193533836
1122,0.8888888888888888,0.0457516339869281,0.8888888888888888,-2.383705633660131
1123,0.3894736842105263,0.10526315789473684,0.8973684210526316,-1.2337897292894737
1124,0.3157894736842105,0.08421052631578947,0.6052631578947368,-0.9722681203684211
1125,0.8571428571428571,0.24210526315789474,1.0,-2.508957861082707
