raceId,Bgap_mean,Bgap_median,Bgap_std,Bgap_var,First_ten_gap,Bgap_average
405,651.12,379.0,889.4262114419611,791078.9856,2332.0,651.12
406,378.7692307692308,299.5,453.0228647390012,205229.71597633138,2611.0,378.7692307692308
407,369.03846153846155,189.0,425.4683826967125,181023.34467455623,1370.0,369.03846153846155
408,12330.26923076923,121.5,60728.158090953344,3687909185.119822,1081.0,12330.26923076923
409,416.72,249.0,670.2568773239108,449244.2816,1773.0,416.72
410,3295.8,280.0,11753.742576728486,138150464.56,3143.0,3295.8
411,459.3076923076923,285.0,600.2080260678068,360249.674556213,2218.0,459.3076923076923
412,423.2692307692308,138.5,775.2013910885107,600937.1967455621,2152.0,423.2692307692308
413,854.7037037037037,137.0,2414.9095959586043,5831788.356652949,2046.0,854.7037037037037
414,438.037037037037,198.0,850.1046768435172,722677.9615912207,2361.0,438.037037037037
415,346.48148148148147,176.0,400.2326518201512,160186.1755829904,1985.0,346.48148148148147
416,428.34615384615387,239.0,648.0053384340698,419910.9186390533,2389.0,428.34615384615387
417,445.875,238.0,813.5068281059478,661793.359375,2159.0,445.875
418,363.8888888888889,194.0,414.30909317966706,171652.02469135803,2912.0,363.8888888888889
419,357.4761904761905,142.0,578.4166087195547,334565.7732426304,2152.0,357.4761904761905
420,419.04,171.0,597.4463979303918,356942.19840000005,3234.0,419.04
421,478.6,388.0,367.5785630310886,135113.99999999997,3793.0,478.6
422,338.28,263.0,307.97422229790595,94848.1216,3502.0,338.28
423,361.96153846153845,219.5,471.98675672174323,222771.49852071004,2488.0,361.96153846153845
424,262.3076923076923,185.0,217.8050944574016,47439.05917159763,2233.0,262.3076923076923
425,475.52,187.0,598.4806175641781,358179.0496,1978.0,475.52
426,692.72,201.0,1798.3722755870099,3234142.8416000004,3295.0,692.72
427,437.65384615384613,310.5,418.6208990251104,175243.45710059168,3239.0,437.65384615384613
428,297.61538461538464,185.5,396.2992339637268,157053.0828402367,1348.0,297.61538461538464
429,436.84615384615387,181.5,600.3991423857257,360479.13017751486,3343.0,436.84615384615387
430,574.8461538461538,326.5,1036.4617582580463,1074252.9763313606,2295.0,574.8461538461538
431,443.61538461538464,208.5,588.6121275393418,346464.2366863905,2951.0,443.61538461538464
432,484.65384615384613,248.5,662.3900746137019,438760.61094674555,2177.0,484.65384615384613
433,474.8888888888889,332.0,651.9827499043511,425081.50617283955,2033.0,474.8888888888889
434,377.3333333333333,137.0,565.3916374546972,319667.7037037037,2984.0,377.3333333333333
435,368.5769230769231,212.0,502.945338295932,252954.01331360947,2267.0,368.5769230769231
436,338.65384615384613,197.5,418.003215142925,174726.68786982246,3317.0,338.65384615384613
437,758.7826086956521,439.0,904.3327089037501,817817.6483931948,4348.0,758.7826086956521
438,652.5925925925926,287.0,1358.2068041753041,1844725.7229080931,3022.0,652.5925925925926
439,771.5384615384615,464.0,985.658554968326,971522.7869822487,3755.0,771.5384615384615
440,345.12,194.0,308.8400647584442,95382.18560000001,3724.0,345.12
441,553.0769230769231,306.5,705.9125530434904,498312.5325443788,4277.0,553.0769230769231
442,317.11538461538464,203.0,294.3812712117343,86660.33284023668,2346.0,317.11538461538464
443,427.96153846153845,292.0,469.35581719639384,220294.88313609466,2431.0,427.96153846153845
444,966.8076923076923,363.0,2395.6771488410723,5739269.0014792895,3286.0,966.8076923076923
445,372.4230769230769,176.0,390.8782195830035,152785.78254437872,3539.0,372.4230769230769
446,664.4615384615385,415.5,1010.1359097730452,1020374.5562130178,4315.0,664.4615384615385
447,472.10714285714283,253.5,529.0603759284483,279904.88137755095,3342.0,472.10714285714283
448,345.4074074074074,190.0,419.22134693131756,175746.53772290814,2863.0,345.4074074074074
449,437.92857142857144,165.5,707.3541206784734,500349.8520408163,3350.0,437.92857142857144
450,380.44444444444446,174.0,438.35013346202237,192150.83950617284,1758.0,380.44444444444446
451,376.6666666666667,349.0,307.6839407694321,94669.4074074074,3329.0,376.6666666666667
452,318.7037037037037,190.0,373.7809632723436,139712.2085048011,2323.0,318.7037037037037
453,350.6,271.5,353.722075458497,125119.30666666666,3184.0,350.6
454,302.3333333333333,207.0,462.0790937587296,213517.08888888883,4372.0,302.3333333333333
455,227.26666666666668,127.5,335.4911755752883,112554.32888888894,4360.0,227.26666666666668
456,,,,,4484.0,
457,217.8,173.5,209.8365077864193,44031.36000000001,3287.0,217.8
458,277.3,206.5,263.28212371269467,69317.47666666667,3204.0,277.3
459,173.73333333333332,118.5,215.0440161662,46243.92888888889,2907.0,173.73333333333332
460,262.56666666666666,142.0,380.0953988437932,144472.51222222223,2729.0,262.56666666666666
461,300.0,231.0,294.8344168059986,86927.33333333333,4915.0,300.0
462,235.53333333333333,144.5,208.09496763630676,43303.515555555554,2256.0,235.53333333333333
463,293.3666666666667,191.0,335.3426589160539,112454.69888888886,4207.0,293.3666666666667
464,241.73333333333332,146.5,209.38018583959231,43840.062222222215,3461.0,241.73333333333332
465,196.3,140.5,200.59929378406764,40240.076666666675,2192.0,196.3
466,181.2,123.0,188.2598204609789,35441.76,2380.0,181.2
467,265.23333333333335,125.0,283.3629808018134,80294.57888888888,2646.0,265.23333333333335
468,175.9,97.0,275.30411669037323,75792.35666666664,2738.0,175.9
469,241.96666666666667,188.5,207.24630810275542,42951.032222222224,2324.0,241.96666666666667
470,192.16666666666666,116.5,260.41723999936886,67817.13888888888,3094.0,192.16666666666666
471,210.72413793103448,100.0,272.0977127420024,74037.16527942926,3207.0,210.72413793103448
472,4540.633333333333,113.5,23017.080561303937,529785997.5655556,2725.0,4540.633333333333
473,179.6,98.5,275.26539920593,75771.04000000001,2384.0,179.6
474,143.86666666666667,122.0,138.58420625100908,19205.582222222223,2086.0,143.86666666666667
475,138.96666666666667,77.0,162.58279600116228,26433.16555555555,1833.0,138.96666666666667
476,209.6,136.0,334.5786006307038,111942.84000000001,1826.0,209.6
477,249.0,176.0,286.67135655078386,82180.46666666666,4588.0,249.0
478,219.8,148.5,261.16883428158116,68209.16,2020.0,219.8
479,402.3333333333333,94.5,718.7018080462083,516532.2888888888,4997.0,402.3333333333333
480,,,,,3679.0,
481,207.0,76.5,376.41466496405263,141688.0,2406.0,207.0
482,308.1034482758621,145.0,682.4935187176195,465797.4030915577,2276.0,308.1034482758621
483,308.46666666666664,146.5,601.0617679480945,361275.2488888889,3478.0,308.46666666666664
484,188.0,82.0,313.70123791063793,98408.46666666666,2192.0,188.0
485,201.0,97.5,223.52356858793598,49962.78571428572,1463.0,201.0
486,144.63333333333333,112.5,130.96194952054668,17151.03222222222,2032.0,144.63333333333333
487,196.79310344827587,98.0,217.61170406377735,47354.85374554101,3462.0,196.79310344827587
488,176.33333333333334,88.0,191.0777037984518,36510.688888888886,2252.0,176.33333333333334
489,212.4,103.5,248.04039993517185,61524.04,2261.0,212.4
490,169.89655172413794,151.0,156.07675937081598,24359.954815695597,1365.0,169.89655172413794
491,136.16666666666666,103.0,110.10997028223899,12124.205555555553,1416.0,136.16666666666666
492,194.76666666666668,114.5,215.8420229910962,46587.7788888889,1880.0,194.76666666666668
493,261.1333333333333,228.0,258.550154171724,66848.18222222224,4151.0,261.1333333333333
494,214.73333333333332,132.5,323.33903087763605,104548.1288888889,1756.0,214.73333333333332
495,271.8333333333333,144.0,314.3429213808102,98811.47222222222,3103.0,271.8333333333333
496,213.96666666666667,162.0,189.5119140200836,35914.765555555554,3023.0,213.96666666666667
497,231.96666666666667,129.5,330.45226416063315,109198.69888888887,2116.0,231.96666666666667
498,224.23333333333332,109.0,264.4068434985919,69910.97888888889,2223.0,224.23333333333332
499,279.9,202.5,299.84877855345684,89909.29000000001,3892.0,279.9
500,248.8,132.5,450.27698142365654,202749.35999999996,2156.0,248.8
501,237.86666666666667,152.5,266.0225220206406,70767.98222222223,3457.0,237.86666666666667
502,239.93333333333334,134.0,262.83175015376065,69080.52888888888,2490.0,239.93333333333334
503,296.1666666666667,173.5,326.2071002020376,106411.07222222221,3468.0,296.1666666666667
504,232.24137931034483,106.0,405.85844782025055,164721.07966706302,2420.0,232.24137931034483
505,163.16666666666666,100.5,155.66996784508208,24233.138888888894,2027.0,163.16666666666666
506,206.76666666666668,119.0,246.39800910090344,60711.97888888889,1757.0,206.76666666666668
507,214.7,119.5,238.82506149899763,57037.409999999996,2461.0,214.7
508,239.9,164.0,310.26433353943,96263.95666666668,3130.0,239.9
509,237.33333333333334,141.5,335.8854302023567,112819.02222222224,3911.0,237.33333333333334
510,236.7,85.0,297.784166805423,88675.40999999999,3829.0,236.7
511,331.1666666666667,147.0,493.815490734028,243853.7388888889,3488.0,331.1666666666667
512,204.76666666666668,185.5,150.3153758676145,22594.712222222228,2180.0,204.76666666666668
513,175.5,122.0,150.292326262299,22587.783333333333,2577.0,175.5
514,291.6666666666667,185.0,423.6839492934431,179508.08888888886,1925.0,291.6666666666667
515,276.6896551724138,147.0,430.23522863888087,185102.35196195007,3914.0,276.6896551724138
516,174.43333333333334,116.5,172.38361935584894,29716.11222222222,2318.0,174.43333333333334
517,297.3,140.0,523.0953482237568,273628.74333333335,3058.0,297.3
518,290.2,88.0,557.8788040425985,311228.76,3071.0,290.2
519,364.73333333333335,115.5,888.3056506005626,789086.9288888888,3335.0,364.73333333333335
520,252.43333333333334,149.0,272.1669442742001,74074.84555555554,3403.0,252.43333333333334
521,233.0,196.0,220.03878446007346,48417.066666666666,3201.0,233.0
522,208.5,137.5,206.28843076301362,42554.916666666664,3152.0,208.5
523,201.23333333333332,75.5,278.7948688352942,77726.5788888889,2585.0,201.23333333333332
524,251.6,125.5,293.8316524814847,86337.04,3074.0,251.6
525,325.1333333333333,125.5,457.4864466723456,209293.84888888893,4992.0,325.1333333333333
526,263.7,186.0,280.7154134231559,78801.14333333333,4397.0,263.7
527,227.0,157.5,224.72709375299337,50502.26666666667,3289.0,227.0
528,845.0,228.0,2003.8403818323627,4015376.275862069,4482.0,845.0
529,182.5,103.0,230.431195184779,53098.53571428572,2433.0,182.5
530,214.3846153846154,99.0,235.79783990057064,55600.62130177514,3843.0,214.3846153846154
531,382.4230769230769,118.5,666.2990881369049,443954.4748520709,5068.0,382.4230769230769
532,197.30769230769232,129.0,219.5615857585939,48207.28994082839,3131.0,197.30769230769232
533,347.7307692307692,151.5,593.0257198788851,351679.5044378698,3254.0,347.7307692307692
534,227.80769230769232,142.0,266.57601300578256,71062.77071005917,3430.0,227.80769230769232
535,199.34615384615384,101.5,273.47351753487834,74787.7647928994,2524.0,199.34615384615384
536,219.26923076923077,96.0,347.7417872383415,120924.35059171596,2823.0,219.26923076923077
537,291.8076923076923,135.5,350.83921577475314,123088.15532544377,4661.0,291.8076923076923
538,348.3076923076923,195.5,590.2450448904688,348389.21301775146,2689.0,348.3076923076923
539,207.5,114.5,270.40101985469937,73116.71153846153,3110.0,207.5
540,221.07692307692307,92.5,365.53037578469696,133612.45562130178,2808.0,221.07692307692307
541,289.0,115.0,383.41341415480775,147005.84615384616,4071.0,289.0
542,208.3846153846154,104.0,229.81364974576132,52814.31360946746,2556.0,208.3846153846154
543,308.61538461538464,197.0,343.9524874302662,118303.31360946744,3062.0,308.61538461538464
544,335.76,279.0,265.1463414795686,70302.5824,3568.0,335.76
545,197.8846153846154,129.5,173.99366189231787,30273.79437869823,2739.0,197.8846153846154
546,240.19230769230768,186.0,205.55703292999306,42253.69378698225,3083.0,240.19230769230768
547,277.4166666666667,177.5,355.2443896656059,126198.57638888888,2137.0,277.4166666666667
548,350.9166666666667,104.0,578.5571793022901,334728.40972222225,2708.0,350.9166666666667
549,249.8148148148148,92.0,352.94685750827375,124571.4842249657,2232.0,249.8148148148148
550,258.2857142857143,123.5,338.0234414042546,114259.84693877552,2336.0,258.2857142857143
551,29134.821428571428,197.0,150170.31068258407,22551122210.503822,1799.0,29134.821428571428
552,476.0,276.0,787.1811523827705,619654.1666666666,3054.0,476.0
553,340.85185185185185,189.0,408.7463855274513,167073.60768175585,2061.0,340.85185185185185
554,252.88888888888889,117.0,328.44395579575735,107875.43209876542,1799.0,252.88888888888889
555,240.07142857142858,123.0,401.2367424219618,160990.92346938775,1548.0,240.07142857142858
556,269.5357142857143,128.5,334.3192958559716,111769.39158163266,1881.0,269.5357142857143
557,275.35714285714283,188.0,366.3402218747831,134205.1581632653,2329.0,275.35714285714283
558,286.32142857142856,96.5,404.0335959838903,163243.14668367346,2694.0,286.32142857142856
559,520.2142857142857,340.0,534.9265875628473,286146.4540816326,2163.0,520.2142857142857
560,292.5357142857143,109.0,542.8962991047486,294736.39158163266,1774.0,292.5357142857143
561,299.7142857142857,148.0,415.1329268304016,172335.34693877553,1392.0,299.7142857142857
562,266.85714285714283,112.5,343.8274810638234,118217.33673469388,1395.0,266.85714285714283
563,336.42857142857144,146.5,619.25314628484,383474.45918367343,1324.0,336.42857142857144
564,13719.214285714286,139.5,69766.63466276963,4867383312.168368,1783.0,13719.214285714286
565,308.65384615384613,207.5,369.722030960443,136694.3801775148,1833.0,308.65384615384613
566,540.6538461538462,369.0,548.9849334003545,301384.45710059174,2873.0,540.6538461538462
567,359.61538461538464,279.0,326.47253117141025,106584.31360946744,2277.0,359.61538461538464
568,311.0769230769231,207.0,259.14176741949916,67154.4556213018,2475.0,311.0769230769231
569,368.84615384615387,224.5,339.6805843852192,115382.89940828404,2981.0,368.84615384615387
570,305.0416666666667,159.0,312.2159347800101,97478.78993055555,1980.0,305.0416666666667
571,318.3333333333333,227.5,301.4558655738662,90875.63888888889,2330.0,318.3333333333333
572,1011.4166666666666,337.5,2402.35661931964,5771317.326388889,2329.0,1011.4166666666666
573,426.6666666666667,155.5,631.2492684264188,398475.63888888893,1971.0,426.6666666666667
574,399.5,283.0,424.99196070827816,180618.16666666666,3431.0,399.5
575,631.0416666666666,310.5,800.5689892802632,640910.7065972221,3756.0,631.0416666666666
576,333.6666666666667,235.5,342.6733948755805,117425.05555555555,2079.0,333.6666666666667
577,509.6666666666667,237.0,1033.6176624952875,1068365.4722222222,2294.0,509.6666666666667
578,379.7916666666667,263.5,395.39631796956445,156338.2482638889,2171.0,379.7916666666667
579,308.0,173.0,377.1158089146268,142216.33333333334,1639.0,308.0
580,37692.375,387.0,178626.32516438997,31907364041.734375,2358.0,37692.375
581,937.2083333333334,223.0,3149.48400508145,9919249.49826389,1843.0,937.2083333333334
582,441.6363636363636,160.5,801.9609231839477,643141.3223140496,2461.0,441.6363636363636
583,,,,,1840.0,
584,241.13636363636363,197.0,245.02491440195618,60037.20867768596,1712.0,241.13636363636363
585,313.59090909090907,140.0,365.9946173338556,133952.0599173554,2172.0,313.59090909090907
586,308.8636363636364,212.0,344.6877764341818,118809.6632231405,1895.0,308.8636363636364
587,228.95454545454547,97.0,350.2876061535626,122701.40702479339,1607.0,228.95454545454547
588,304.90909090909093,177.5,310.34788531155704,96315.80991735536,2420.0,304.90909090909093
589,229.54545454545453,149.5,225.95066381699093,51053.70247933885,1273.0,229.54545454545453
590,211.72727272727272,141.0,276.83818408104264,76639.38016528926,1454.0,211.72727272727272
591,383.1363636363636,207.5,755.27943627475,570447.0268595042,2311.0,383.1363636363636
592,372.25,175.0,417.4632768280343,174275.5875,1964.0,372.25
593,266.95,130.0,336.8574587269814,113472.94749999998,2307.0,266.95
594,400.25,289.5,417.19622181894215,174052.6875,2578.0,400.25
595,281.45,231.5,238.95344211791547,57098.74749999998,1990.0,281.45
596,264.1,143.5,287.503895625781,82658.48999999999,1994.0,264.1
597,394.3,290.0,393.8102461846314,155086.51,2691.0,394.3
598,529.875,215.0,1012.7954018663723,1025754.5260416666,3501.0,529.875
599,148.63636363636363,104.0,150.68104346434603,22704.776859504134,1171.0,148.63636363636363
600,204.36363636363637,174.5,189.7990673064892,36023.68595041322,2326.0,204.36363636363637
601,246.54545454545453,145.0,279.82246437741185,78300.61157024793,1774.0,246.54545454545453
602,139.72727272727272,140.5,111.1187660356668,12347.380165289256,1079.0,139.72727272727272
603,206.13636363636363,159.0,205.0189116453197,42032.75413223141,1969.0,206.13636363636363
604,133.5909090909091,97.0,150.10228606184427,22530.69628099173,939.0,133.5909090909091
605,169.63636363636363,122.5,168.90571481115663,28529.140495867774,791.0,169.63636363636363
606,178.5,115.5,203.53930824290427,41428.25,773.0,178.5
607,210.27272727272728,144.5,200.35359238973254,40141.56198347109,1336.0,210.27272727272728
608,152.1818181818182,136.5,133.7003557361271,17875.78512396694,1466.0,152.1818181818182
609,229.77272727272728,179.0,205.44362903420443,42207.0847107438,1960.0,229.77272727272728
610,213.04545454545453,96.0,296.06471609380014,87654.31611570249,901.0,213.04545454545453
611,179.1818181818182,78.5,396.2637593095649,157024.96694214875,772.0,179.1818181818182
612,182.4090909090909,72.5,263.033986585714,69186.87809917355,1018.0,182.4090909090909
613,202.63636363636363,132.0,196.17583612077698,38484.95867768595,1002.0,202.63636363636363
614,146.77272727272728,83.5,147.03182457555417,21618.357438016534,939.0,146.77272727272728
615,240.5,156.5,230.3082420662282,53041.88636363636,2389.0,240.5
616,170.6818181818182,120.0,170.6954721569264,29136.94421487603,1669.0,170.6818181818182
617,242.0909090909091,217.0,218.66244410691544,47813.264462809915,1984.0,242.0909090909091
618,250.4090909090909,211.5,204.92030803370395,41992.332644628106,1964.0,250.4090909090909
619,258.3636363636364,146.0,299.7460357542919,89847.68595041322,2623.0,258.3636363636364
620,269.95454545454544,119.0,371.62499148674146,138105.13429752065,2440.0,269.95454545454544
621,164.13636363636363,94.0,169.31796217191365,28668.572314049583,1504.0,164.13636363636363
622,191.6818181818182,135.0,196.90107953987183,38770.03512396693,1531.0,191.6818181818182
623,,,,,2383.0,
624,241.45454545454547,193.5,208.2050403880156,43349.3388429752,2483.0,241.45454545454547
625,258.42857142857144,117.0,302.94562948121353,91776.0544217687,1629.0,258.42857142857144
626,280.3181818181818,156.0,377.4332435090809,142455.85330578516,2198.0,280.3181818181818
627,310.8181818181818,194.0,361.42654683950735,130629.14876033059,2507.0,310.8181818181818
628,187.63636363636363,133.0,171.3039683917943,29345.049586776862,1505.0,187.63636363636363
629,193.6818181818182,114.0,202.39192095887,40962.489669421484,1246.0,193.6818181818182
630,316.6363636363636,177.0,316.19363248354716,99978.4132231405,2787.0,316.6363636363636
631,297.77272727272725,171.5,371.0607560908911,137686.08471074377,2327.0,297.77272727272725
632,197.23809523809524,130.0,204.32045436657182,41746.84807256236,1806.0,197.23809523809524
633,208.3181818181818,152.5,211.9329624633988,44915.5805785124,1780.0,208.3181818181818
634,198.5,108.5,190.57824687465825,36320.068181818184,1421.0,198.5
635,170.22727272727272,116.0,205.55842607133772,42254.26652892561,1215.0,170.22727272727272
636,185.86363636363637,140.0,202.63430909680744,41060.663223140495,1531.0,185.86363636363637
637,449.1363636363636,362.0,428.2221487472197,183374.20867768594,3787.0,449.1363636363636
638,180.36363636363637,132.5,146.5241356024651,21469.322314049583,1957.0,180.36363636363637
639,154.95454545454547,75.5,190.76031540622986,36389.4979338843,1896.0,154.95454545454547
640,148.13636363636363,124.0,145.82938207949024,21266.20867768595,1388.0,148.13636363636363
641,168.6818181818182,118.0,159.47681118515357,25432.853305785124,1233.0,168.6818181818182
642,193.1818181818182,88.5,220.26691171552346,48517.51239669421,1835.0,193.1818181818182
643,185.3181818181818,188.0,170.7215666100365,29145.853305785124,1584.0,185.3181818181818
644,172.1818181818182,136.0,174.68273484016578,30514.057851239668,1055.0,172.1818181818182
645,224.95454545454547,100.0,258.1987390421866,66666.5888429752,2399.0,224.95454545454547
646,229.3181818181818,150.0,224.87741839896935,50569.853305785124,2251.0,229.3181818181818
647,188.5909090909091,149.5,190.328104046887,36224.78719008264,1462.0,188.5909090909091
648,208.72727272727272,66.0,296.14863924881644,87704.01652892563,1404.0,208.72727272727272
649,165.77272727272728,87.5,220.54579648478327,48640.448347107435,1524.0,165.77272727272728
650,157.77272727272728,71.5,214.54178059257993,46028.17561983471,1322.0,157.77272727272728
651,149.22727272727272,69.0,184.32380890412833,33975.26652892562,1396.0,149.22727272727272
652,158.45454545454547,106.0,187.34769020405187,35099.15702479339,1301.0,158.45454545454547
653,196.3181818181818,106.5,298.466594196469,89082.30785123968,1268.0,196.3181818181818
654,166.0,108.5,173.16282405979533,29985.363636363636,1493.0,166.0
655,121.36363636363636,100.5,102.75192785386535,10557.95867768595,1273.0,121.36363636363636
656,136.77272727272728,54.0,181.05647833509698,32781.44834710744,1495.0,136.77272727272728
657,336.22727272727275,167.5,448.6372225284217,201275.35743801657,2608.0,336.22727272727275
658,154.13636363636363,151.5,121.973281520826,14877.481404958677,1494.0,154.13636363636363
659,188.0909090909091,112.5,218.61795424291066,47793.80991735538,1798.0,188.0909090909091
660,163.1818181818182,69.0,243.28539850136286,59187.78512396693,1044.0,163.1818181818182
661,131.5909090909091,77.5,121.9033369261031,14860.42355371901,1218.0,131.5909090909091
662,210.77272727272728,102.5,298.28524051776986,88974.0847107438,1504.0,210.77272727272728
663,212.77272727272728,76.5,322.4058610760641,103945.53925619835,1591.0,212.77272727272728
664,288.0,157.5,466.2963357429187,217432.27272727274,1723.0,288.0
665,,,,,1461.0,
666,136.54545454545453,90.0,138.98879198525566,19317.884297520664,1144.0,136.54545454545453
667,237.5909090909091,206.5,225.50945537340536,50854.5144628099,1617.0,237.5909090909091
668,196.4090909090909,90.0,201.65602105180565,40665.15082644629,1031.0,196.4090909090909
669,182.86363636363637,120.0,189.9206282669745,36069.84504132231,873.0,182.86363636363637
670,216.86363636363637,167.5,190.16698295171713,36163.48140495868,1790.0,216.86363636363637
671,223.0909090909091,119.0,275.4140534294615,75852.90082644628,1341.0,223.0909090909091
672,169.5,129.5,141.18966933622562,19934.522727272728,1478.0,169.5
673,159.5909090909091,121.5,135.30727961700867,18308.059917355367,1107.0,159.5909090909091
674,275.40909090909093,191.0,355.13398996216387,126120.15082644629,1836.0,275.40909090909093
675,209.04545454545453,134.5,220.02489059044854,48410.95247933885,2205.0,209.04545454545453
676,230.9090909090909,136.5,238.7291940655218,56991.62809917356,2153.0,230.9090909090909
677,551.4545454545455,397.0,544.1014049264854,296046.3388429752,6447.0,551.4545454545455
678,238.5,138.0,288.36604736467723,83154.97727272728,1477.0,238.5
679,160.86363636363637,84.0,222.16236802977016,49356.11776859504,1097.0,160.86363636363637
680,261.90909090909093,144.0,299.1492344346044,89490.26446280991,1902.0,261.90909090909093
681,1250.3636363636363,164.5,4504.023499711166,20286227.685950413,2389.0,1250.3636363636363
682,222.36363636363637,150.5,215.71984050331778,46535.04958677687,2428.0,222.36363636363637
683,164.27272727272728,78.0,280.7038526500162,78794.652892562,1329.0,164.27272727272728
684,279.54545454545456,164.0,485.63348761954285,235839.88429752068,2025.0,279.54545454545456
685,229.5909090909091,112.0,354.6012689167304,125742.05991735538,1757.0,229.5909090909091
686,193.36363636363637,81.0,236.89440406579035,56118.95867768594,1579.0,193.36363636363637
687,223.77272727272728,113.5,299.52992441463124,89718.17561983471,1616.0,223.77272727272728
688,205.04545454545453,117.0,381.14796426211836,145273.77066115706,1852.0,205.04545454545453
689,197.5,154.0,193.45230795869418,37423.795454545456,1483.0,197.5
690,263.04545454545456,103.0,366.9279688133908,134636.13429752068,2189.0,263.04545454545456
691,374.1904761904762,158.0,569.8459791112832,324724.43990929704,1385.0,374.1904761904762
692,244.8181818181818,80.5,397.14648503859684,157725.33057851242,1601.0,244.8181818181818
693,231.3,92.5,269.00745342833903,72365.01000000001,1890.0,231.3
694,222.2,155.0,198.92224611641603,39570.06,2246.0,222.2
695,242.35,119.0,331.8201734373605,110104.62750000002,2054.0,242.35
696,150.95,112.0,148.76070549711707,22129.747499999998,1163.0,150.95
697,247.5,179.5,253.26458496994798,64142.95,2112.0,247.5
698,,,,,1755.0,
699,193.3,120.5,337.76502187171485,114085.21,1050.0,193.3
700,138.95,69.0,203.64024037502998,41469.34749999999,577.0,138.95
701,1934.0,130.0,7512.457108030634,56437011.8,1133.0,1934.0
702,,,,,1665.0,
703,,,,,1129.0,
704,252.8421052631579,120.0,379.6755211822874,144153.50138504157,1485.0,252.8421052631579
705,,,,,1410.0,
706,,,,,1426.0,
707,230.0,117.0,265.65315733113357,70571.6,1326.0,230.0
708,,,,,1425.0,
709,200.35,143.5,175.2413407275806,30709.527499999997,1499.0,200.35
710,360.95,144.0,578.2754080021041,334402.44749999995,1681.0,360.95
711,972.1,226.0,2920.5203457603234,8529439.09,1754.0,972.1
712,198.7,129.5,276.0721101451575,76215.81,896.0,198.7
713,,,,,1845.0,
714,,,,,1889.0,
715,,,,,1843.0,
716,,,,,1580.0,
717,,,,,1334.0,
718,322.4,129.0,451.03152883141104,203429.43999999997,1614.0,322.4
719,306.5,117.5,568.7921852487075,323524.55,1054.0,306.5
720,,,,,1346.0,
721,,,,,2257.0,
722,,,,,1063.0,
723,227.45,88.5,267.84836661812966,71742.7475,780.0,227.45
724,,,,,1771.0,
725,254.7,153.0,372.51269777015654,138765.71,1062.0,254.7
726,,,,,1424.0,
727,383.15,322.5,355.63679154440695,126477.52749999997,3403.0,383.15
728,242.55,86.5,379.17482445436696,143773.54750000002,960.0,242.55
729,,,,,1017.0,
730,,,,,2878.0,
731,,,,,837.0,
732,,,,,14098.0,
733,766.45,252.0,1181.3933923549769,1395690.3475000001,2245.0,766.45
734,467.95,296.5,473.52650137030344,224227.34749999997,1863.0,467.95
735,,,,,2363.0,
736,,,,,2803.0,
737,,,,,4660.0,
738,307.9,172.5,466.9968843579152,218086.09,1504.0,307.9
739,,,,,1145.0,
740,193.45,74.0,234.52728519300265,55003.0475,930.0,193.45
741,196.15,113.5,272.4733519080352,74241.72750000001,1154.0,196.15
742,,,,,1370.0,
743,,,,,1315.0,
744,,,,,1905.0,
745,,,,,2166.0,
746,304.3,176.0,375.8080760175332,141231.71000000002,1388.0,304.3
747,264.2,105.0,378.1574539791593,143003.05999999997,1680.0,264.2
748,,,,,1195.0,
749,,,,,2172.0,
750,269.0,152.5,418.3007291411288,174975.5,1659.0,269.0
751,,,,,1107.0,
752,326.95454545454544,84.0,465.4677488361697,216660.22520661156,1059.0,326.95454545454544
753,497.04545454545456,260.5,824.2969719305563,679465.4979338844,1485.0,497.04545454545456
754,304.6818181818182,119.5,442.7395485511089,196018.3078512397,1181.0,304.6818181818182
755,758.4545454545455,150.0,2325.4082872646986,5407523.702479339,1073.0,758.4545454545455
756,,,,,831.0,
757,,,,,866.0,
758,,,,,790.0,
759,201.1818181818182,50.5,413.41049777360695,170908.23966942148,1088.0,201.1818181818182
760,245.45454545454547,126.5,408.4332289118245,166817.70247933883,1499.0,245.45454545454547
761,169.72727272727272,97.5,227.74211528476712,51866.47107438016,863.0,169.72727272727272
762,,,,,1243.0,
763,205.0909090909091,132.0,231.132569022217,53422.264462809915,752.0,205.0909090909091
764,227.27272727272728,134.5,258.67427426261247,66912.38016528926,1758.0,227.27272727272728
765,217.0909090909091,89.5,355.1617952799066,126139.90082644629,653.0,217.0909090909091
766,,,,,1709.0,
767,,,,,1644.0,
768,,,,,1335.0,
769,300.27272727272725,100.5,542.7281407028236,294553.83471074386,1413.0,300.27272727272725
770,198.0909090909091,130.5,225.09894977561012,50669.53719008264,1538.0,198.0909090909091
771,189.72727272727272,122.0,206.11695308030204,42484.198347107435,1530.0,189.72727272727272
772,,,,,1080.0,
773,,,,,989.0,
774,168.63636363636363,110.5,165.06239741783202,27245.595041322315,1114.0,168.63636363636363
775,121.4090909090909,54.0,140.1708889148298,19647.878099173555,902.0,121.4090909090909
776,141.8181818181818,65.0,294.24582122059974,86580.60330578513,584.0,141.8181818181818
777,156.22727272727272,97.0,173.6181630156408,30143.266528925615,1026.0,156.22727272727272
778,228.54545454545453,114.5,379.5659874685497,144070.3388429752,947.0,228.54545454545453
779,203.3181818181818,134.0,253.96982397049322,64500.671487603315,1138.0,203.3181818181818
780,210.8181818181818,87.5,345.88511444798286,119636.51239669422,1039.0,210.8181818181818
781,169.45454545454547,76.0,178.11276491255023,31724.157024793385,1778.0,169.45454545454547
782,204.86363636363637,155.0,281.0290013268681,78977.29958677685,1410.0,204.86363636363637
783,223.4090909090909,131.5,276.94857728973784,76700.51446280991,1156.0,223.4090909090909
784,179.77272727272728,79.5,213.62178383518292,45634.26652892562,1390.0,179.77272727272728
785,161.63636363636363,85.0,169.00982904567883,28564.322314049587,957.0,161.63636363636363
786,176.0,132.5,181.3011056477343,32870.09090909091,953.0,176.0
787,149.6818181818182,125.5,147.11386633972165,21642.489669421488,952.0,149.6818181818182
788,206.22727272727272,96.5,335.94438552428477,112858.63016528926,1174.0,206.22727272727272
789,132.36363636363637,85.5,163.18409722389268,26629.049586776862,400.0,132.36363636363637
790,116.55,80.0,119.57695221069986,14298.647499999997,620.0,116.55
791,135.65,94.5,139.30372392725187,19405.527500000004,729.0,135.65
792,350.3157894736842,114.0,962.3889711836663,926192.5318559557,982.0,350.3157894736842
793,101.45,69.5,136.5724990618536,18652.047499999997,663.0,101.45
794,117.4,86.0,128.4917896209715,16510.14,578.0,117.4
795,118.0,85.0,102.53584739007134,10513.6,878.0,118.0
796,152.25,134.0,116.2952600065884,13524.5875,1063.0,152.25
797,105.05,69.5,130.28064898518122,16973.047499999997,494.0,105.05
798,120.5,50.5,172.26070358616326,29673.75,777.0,120.5
799,110.15,55.0,118.07763336042946,13942.327500000003,692.0,110.15
800,,,,,812.0,
801,131.15,82.5,153.6145419548553,23597.4275,815.0,131.15
802,139.6,107.5,168.04951651224707,28240.639999999996,768.0,139.6
803,87.0,51.0,101.82043016998111,10367.4,339.0,87.0
804,,,,,822.0,
805,116.15,80.0,115.08226405489249,13243.927500000002,922.0,116.15
806,127.1,52.0,206.7302348472521,42737.39,835.0,127.1
807,84.25,112.0,59.29997892073825,3516.4875,692.0,84.25
808,112.5,69.5,122.75402233735561,15068.55,555.0,112.5
809,113.7,78.0,113.38434636227349,12856.010000000002,1065.0,113.7
810,95.1,44.0,102.0930457964694,10422.989999999998,457.0,95.1
811,105.85,64.0,113.23704120118998,12822.627499999999,672.0,105.85
812,115.1,53.0,239.83221218176675,57519.48999999999,514.0,115.1
813,100.05,60.5,127.7385904885442,16317.147499999997,468.0,100.05
814,166.85,69.5,321.8627463686968,103595.62750000002,706.0,166.85
815,122.7,53.0,184.36650997401887,33991.009999999995,544.0,122.7
816,99.8,56.5,152.65896632690792,23304.760000000002,590.0,99.8
817,129.75,55.0,179.19873743974873,32112.1875,645.0,129.75
818,91.89473684210526,48.0,96.71384527065405,9353.567867036012,919.0,91.89473684210526
819,1056.35,194.5,3274.3044036100246,10721069.327499999,1846.0,1056.35
820,124.45,95.5,105.30359680466762,11088.847500000003,966.0,124.45
821,459.2083333333333,195.5,745.2027676616315,555327.1649305555,1285.0,459.2083333333333
822,278.9166666666667,110.5,464.07721310383494,215367.65972222225,1166.0,278.9166666666667
823,570.5833333333334,213.0,943.6367996863105,890450.4097222221,1955.0,570.5833333333334
824,250.83333333333334,131.0,415.19650635438745,172388.1388888889,1107.0,250.83333333333334
825,296.9583333333333,107.0,390.9384520150057,152832.8732638889,1730.0,296.9583333333333
826,249.2608695652174,158.0,294.00727843568245,86440.27977315692,1235.0,249.2608695652174
827,240.20833333333334,109.5,280.47340622102166,78665.33159722223,1139.0,240.20833333333334
828,527.1666666666666,159.5,1585.295047897674,2513160.3888888885,896.0,527.1666666666666
829,219.33333333333334,106.0,331.6780148812332,110010.30555555555,936.0,219.33333333333334
830,306.375,145.0,455.32587345951106,207321.65104166666,1511.0,306.375
831,,,,,1227.0,
832,320.0,136.0,444.1068752751602,197230.91666666666,2502.0,320.0
833,,,,,1663.0,
834,210.75,123.5,315.44403227831083,99504.9375,1180.0,210.75
835,,,,,2209.0,
836,274.1666666666667,117.0,391.2687340207778,153091.22222222216,1061.0,274.1666666666667
837,320.75,122.5,381.79774859647006,145769.52083333334,1413.0,320.75
838,388.5833333333333,254.0,402.911582180949,162337.7430555556,3186.0,388.5833333333333
839,245.91666666666666,133.0,340.55076917970524,115974.82638888888,1264.0,245.91666666666666
840,448.5,186.5,587.5788599555524,345248.9166666667,2283.0,448.5
841,321.0,196.0,402.0380371722722,161634.58333333334,1821.0,321.0
842,280.7916666666667,155.5,334.16649781791244,111667.24826388888,1857.0,280.7916666666667
843,,,,,1610.0,
844,329.3478260869565,289.0,292.80853050885037,85736.83553875236,1907.0,329.3478260869565
845,235.45454545454547,119.5,283.425912601308,80330.2479338843,1989.0,235.45454545454547
846,266.6666666666667,157.5,366.0711072395028,134008.05555555556,1071.0,266.6666666666667
847,307.8333333333333,169.5,350.1908606587112,122633.63888888889,2059.0,307.8333333333333
848,319.1666666666667,247.0,285.2327509635284,81357.72222222223,1977.0,319.1666666666667
849,289.875,185.5,371.890475868456,138302.52604166666,2101.0,289.875
850,278.9583333333333,167.5,366.1996813177508,134102.20659722225,2342.0,278.9583333333333
851,,,,,4005.0,
852,248.16666666666666,144.0,281.2990204193553,79129.13888888888,1882.0,248.16666666666666
853,351.2083333333333,211.0,376.0795548779836,141435.83159722225,3105.0,351.2083333333333
854,,,,,1914.0,
855,,,,,2434.0,
856,411.1666666666667,169.0,670.7758981623859,449940.30555555556,2011.0,411.1666666666667
857,292.39130434782606,190.0,299.25192805748935,89551.71644612479,2120.0,292.39130434782606
858,214.25,182.5,261.0259006944202,68134.52083333333,1653.0,214.25
859,363.375,167.0,502.42709359169714,252432.984375,1392.0,363.375
860,309.8333333333333,127.0,443.15240669046983,196384.0555555556,1258.0,309.8333333333333
861,244.95833333333334,75.5,266.87972933618533,71224.78993055555,861.0,244.95833333333334
862,245.5,106.0,389.92819851865033,152044.0,1088.0,245.5
863,392.2916666666667,135.0,751.9746493492244,565465.873263889,1197.0,392.2916666666667
864,,,,,933.0,
865,189.41666666666666,76.5,270.0879357830622,72947.49305555555,896.0,189.41666666666666
866,199.52173913043478,65.0,355.8872402718026,126655.72778827976,617.0,199.52173913043478
867,327.6666666666667,103.5,504.4961733144156,254516.3888888889,987.0,327.6666666666667
868,189.04166666666666,55.0,277.4913631038311,77001.45659722222,700.0,189.04166666666666
869,217.70833333333334,81.0,276.6603632565067,76540.95659722222,744.0,217.70833333333334
870,309.0,199.0,400.23368174105485,160187.0,1156.0,309.0
871,,,,,732.0,
872,291.375,213.5,286.89949060312625,82311.31770833333,1581.0,291.375
873,245.625,125.0,342.29784940652684,117167.81770833333,1433.0,245.625
874,,,,,1194.0,
875,224.125,109.0,306.9904059982983,94243.109375,818.0,224.125
876,239.66666666666666,133.5,298.2217668484684,88936.22222222223,1093.0,239.66666666666666
877,295.125,213.0,266.6436936719112,71098.859375,1466.0,295.125
878,301.7083333333333,103.0,527.7313457280029,278500.37326388893,1031.0,301.7083333333333
879,1055.409090909091,380.5,2067.276769505123,4273633.241735537,2950.0,1055.409090909091
880,170.0909090909091,129.0,182.19542681889413,33195.173553719,1152.0,170.0909090909091
881,235.27272727272728,102.0,254.69967730610637,64871.925619834714,1664.0,235.27272727272728
882,188.45454545454547,135.0,199.51685444245447,39806.97520661157,1168.0,188.45454545454547
883,197.8181818181818,98.5,280.2564793450386,78543.69421487606,1301.0,197.8181818181818
884,,,,,1827.0,
885,217.8181818181818,111.0,264.18651062591033,69794.51239669422,1841.0,217.8181818181818
886,284.1363636363636,160.0,365.5018089066723,133591.57231404958,1372.0,284.1363636363636
887,213.63636363636363,105.0,287.3747229750012,82584.23140495867,871.0,213.63636363636363
888,209.5,115.5,239.0556705798121,57147.61363636364,1157.0,209.5
889,867.6363636363636,105.0,2214.992541449674,4906191.958677686,771.0,867.6363636363636
890,169.3181818181818,72.0,244.986898789532,60018.5805785124,820.0,169.3181818181818
891,276.77272727272725,125.5,334.8497535283795,112124.35743801651,1566.0,276.77272727272725
892,187.27272727272728,85.5,226.7289494725489,51406.016528925626,1125.0,187.27272727272728
893,183.77272727272728,137.0,220.98394261249388,48833.902892561986,912.0,183.77272727272728
894,182.6818181818182,117.0,200.29713980702778,40118.94421487603,1339.0,182.6818181818182
895,192.77272727272728,84.0,275.1726617991927,75719.9938016529,1032.0,192.77272727272728
896,230.13636363636363,102.0,295.6935292209495,87434.6632231405,1693.0,230.13636363636363
897,164.0,94.5,169.72062605673744,28805.090909090908,1347.0,164.0
898,,,,,1789.0,
899,328.3636363636364,291.5,325.6876006591907,106072.41322314047,2893.0,328.3636363636364
900,214.9090909090909,155.5,212.22520394638016,45039.53719008265,1538.0,214.9090909090909
901,,,,,2724.0,
902,,,,,2103.0,
903,261.04545454545456,149.0,352.68238057811726,124384.86157024793,1766.0,261.04545454545456
904,,,,,1340.0,
905,177.9090909090909,118.0,205.17994521238026,42098.80991735537,898.0,177.9090909090909
906,670.6818181818181,348.0,663.7577862144675,440574.3987603307,3296.0,670.6818181818181
907,,,,,1495.0,
908,,,,,1932.0,
909,402.1363636363636,219.0,468.1017076209891,219119.20867768594,3681.0,402.1363636363636
910,202.4090909090909,146.5,195.4816101769048,38213.05991735537,1754.0,202.4090909090909
911,300.27272727272725,129.5,423.2707259402858,179158.10743801654,1245.0,300.27272727272725
912,226.13636363636363,139.0,210.89685015418954,44477.48140495868,2042.0,226.13636363636363
913,252.9047619047619,156.0,275.8303316933911,76082.37188208615,1591.0,252.9047619047619
914,200.66666666666666,93.5,187.30456481356774,35083.0,2311.0,200.66666666666666
915,122.77777777777777,76.0,155.86196013551205,24292.950617283946,1076.0,122.77777777777777
916,230.75,79.0,376.30703886587077,141606.9875,1624.0,230.75
917,317.22222222222223,106.0,509.50450391156784,259594.83950617284,2399.0,317.22222222222223
918,,,,,1235.0,
919,353.0,153.0,609.3846076165692,371349.6,2345.0,353.0
920,,,,,1891.0,
921,367.85,243.0,585.8851657961652,343261.42750000005,2011.0,367.85
922,290.3,195.5,445.16593535444736,198172.71000000002,1710.0,290.3
923,,,,,1613.0,
924,345.65,177.5,481.29619518545957,231646.0275,1465.0,345.65
925,356.45,122.5,598.8081057400609,358571.14749999996,1501.0,356.45
926,296.45,143.0,515.0779043018638,265305.2475,1785.0,296.45
927,295.1,114.0,396.0751065139035,156875.49000000002,1868.0,295.1
928,,,,,1127.0,
929,381.9,119.0,783.2166303137337,613428.2899999999,1920.0,381.9
930,726.5,121.0,1862.2890618805664,3468120.55,1617.0,726.5
931,,,,,1813.0,
932,540.45,322.5,623.390204847654,388615.34750000003,3074.0,540.45
933,,,,,1308.0,
934,,,,,1430.0,
935,359.85,193.0,552.2019807099572,304927.02749999997,2245.0,359.85
936,263.8636363636364,151.0,311.20809983828934,96850.48140495867,2028.0,263.8636363636364
937,222.5,180.0,210.71474686280158,44400.704545454544,2263.0,222.5
938,,,,,1931.0,
939,190.0909090909091,102.0,192.85767458057794,37194.0826446281,2173.0,190.0909090909091
940,179.04545454545453,177.0,118.48033103842683,14037.588842975209,1981.0,179.04545454545453
941,,,,,1485.0,
942,,,,,1448.0,
943,176.0909090909091,87.5,228.36671248651984,52151.35537190081,2167.0,176.0909090909091
944,100.81818181818181,39.5,113.67682915881893,12922.421487603307,1337.0,100.81818181818181
945,,,,,2527.0,
946,1373.8181818181818,338.0,3492.562261257533,12197991.148760332,2217.0,1373.8181818181818
947,130.6818181818182,106.0,124.70597651481022,15551.580578512396,1252.0,130.6818181818182
948,,,,,1307.0,
949,,,,,1721.0,
950,296.90909090909093,192.5,267.3836040888394,71493.9917355372,1998.0,296.90909090909093
951,195.6818181818182,125.0,198.1318170868797,39256.216942148756,1591.0,195.6818181818182
952,132.45454545454547,93.0,153.0406147140886,23421.429752066117,1508.0,132.45454545454547
953,173.04545454545453,189.0,129.35064299405397,16731.588842975205,2215.0,173.04545454545453
954,,,,,1465.0,
955,133.86363636363637,91.0,145.41954834657656,21146.845041322315,1530.0,133.86363636363637
956,176.45454545454547,114.0,172.13095629694988,29629.06611570247,2289.0,176.45454545454547
957,302.8,276.5,271.76894598169235,73858.36000000002,2324.0,302.8
958,190.9,140.0,214.05277386663317,45818.590000000004,2308.0,190.9
959,206.55,210.0,170.32130665304328,29009.347500000003,2130.0,206.55
960,221.3,118.5,270.9653298855778,73422.20999999999,2178.0,221.3
961,179.85,92.5,213.37906996704245,45530.6275,2073.0,179.85
962,154.9,107.0,159.58724886406182,25468.090000000004,1275.0,154.9
963,167.55,152.5,119.66974346090994,14320.847499999998,1812.0,167.55
964,,,,,2142.0,
965,138.0,124.0,104.94760597555334,11014.0,1299.0,138.0
966,818.3,190.5,2371.0825396851965,5622032.410000002,2949.0,818.3
967,184.8,104.0,202.3537990747888,40947.060000000005,2035.0,184.8
968,256.3,207.0,243.71173545810225,59395.41000000001,2453.0,256.3
969,434.75,159.0,523.7463961689856,274310.2875,2920.0,434.75
970,303.95,243.5,246.06004856538573,60545.547499999986,2335.0,303.95
971,,,,,1628.0,
972,228.3,177.0,174.71951808541596,30526.909999999996,2430.0,228.3
973,214.3,136.0,273.6461401152956,74882.20999999999,1899.0,214.3
974,,,,,1265.0,
975,,,,,1446.0,
976,212.0,177.0,200.25034332055463,40100.2,2319.0,212.0
977,206.55,152.0,222.12147014640436,49337.9475,2368.0,206.55
978,177.25,89.5,201.6035403955,40643.9875,1844.0,177.25
979,190.95,168.0,148.54779533873938,22066.447500000002,1724.0,190.95
980,,,,,1853.0,
981,213.26315789473685,140.0,224.75058505989378,50512.825484764544,1617.0,213.26315789473685
982,135.94736842105263,70.0,156.03524355066997,24346.9972299169,1411.0,135.94736842105263
983,201.52631578947367,93.0,264.1732622075405,69787.51246537396,1631.0,201.52631578947367
984,185.0,120.5,175.6214679360129,30842.9,2026.0,185.0
985,117.45,73.0,127.85635494569678,16347.247500000001,1546.0,117.45
986,,,,,1951.0,
987,159.45,146.5,118.67622971766504,14084.0475,1562.0,159.45
988,131.75,106.5,107.50575565987153,11557.4875,1648.0,131.75
989,190.3,154.5,180.22516472457448,32481.110000000004,1819.0,190.3
990,148.3,69.5,183.25094815580084,33580.91000000001,2231.0,148.3
991,265.95,128.5,347.06432761089116,120453.64749999999,2435.0,265.95
992,252.5,204.5,204.68207053867712,41894.75,2130.0,252.5
993,172.65,105.5,178.98164011987376,32034.42750000001,2046.0,172.65
994,174.9,77.0,222.98338503126192,49721.590000000004,2288.0,174.9
995,156.35,107.0,157.12997008845892,24689.827499999996,1483.0,156.35
996,116.0,65.5,131.5826736314474,17314.0,1193.0,116.0
997,194.4,165.5,164.35400816530154,27012.24,1748.0,194.4
998,279.05,114.5,436.9590913346466,190933.2475,1945.0,279.05
999,196.65,61.0,340.0413614547501,115628.12749999999,1177.0,196.65
1000,,,,,1609.0,
1001,248.0,138.0,360.81407954790234,130186.8,1441.0,248.0
1002,242.4,171.5,269.92395225322264,72858.94,1893.0,242.4
1003,179.25,111.0,177.53390521249736,31518.2875,1263.0,179.25
1004,207.65,94.0,318.7143352596491,101578.82749999998,1495.0,207.65
1005,244.3,209.0,245.45042269264886,60245.909999999996,2089.0,244.3
1006,160.15,111.0,159.4525869968876,25425.127500000002,1176.0,160.15
1007,158.2,85.0,231.74503230921692,53705.759999999995,1252.0,158.2
1008,,,,,1009.0,
1009,187.6,135.0,187.4071503438436,35121.439999999995,1469.0,187.6
1010,,,,,2219.0,
1011,,,,,1201.0,
1012,248.45,257.5,191.71475556148513,36754.5475,2047.0,248.45
1013,,,,,2033.0,
1014,,,,,2080.0,
1015,271.05,155.0,320.51512834810154,102729.94750000001,1828.0,271.05
1016,193.0,124.5,221.6458887505022,49126.9,1527.0,193.0
1017,,,,,1355.0,
1018,222.85,147.0,208.5455046266881,43491.22749999999,1931.0,222.85
1019,140.9,81.0,166.43614391111086,27700.99,1084.0,140.9
1020,,,,,1720.0,
1021,158.35,88.0,193.75403866758495,37540.6275,2061.0,158.35
1022,170.1,122.0,173.53238890766184,30113.489999999998,2024.0,170.1
1023,166.95,108.0,193.5596742609369,37465.347499999996,1624.0,166.95
1024,155.65,95.5,156.89941841829753,24617.4275,1500.0,155.65
1025,153.1,128.5,122.12653274370805,14914.889999999996,1405.0,153.1
1026,141.5,59.5,196.39539200296937,38571.15,1177.0,141.5
1027,110.2,57.5,124.12235898499513,15406.36,1378.0,110.2
1028,198.15,134.0,226.80879061447334,51442.22750000001,1704.0,198.15
1029,137.6,75.5,153.76163370620122,23642.64,1092.0,137.6
1030,115.55,96.0,100.9665662484369,10194.247499999998,980.0,115.55
1031,129.95,97.0,129.74223483507595,16833.047499999997,1302.0,129.95
1032,1692.3,1014.0,2561.1403729588897,6559440.01,5666.0,1692.3
1033,145.9,94.5,146.62158776933225,21497.89,1354.0,145.9
1034,102.45,62.0,115.23388173623242,13278.8475,564.0,102.45
1035,159.85,122.5,132.58102239762673,17577.727499999997,800.0,159.85
1036,213.8,125.5,206.46806048394023,42629.06,1604.0,213.8
1037,,,,,727.0,
1038,147.2,106.0,128.16497181367458,16426.260000000002,1084.0,147.2
1039,153.3,92.5,181.87663401327836,33079.11,1225.0,153.3
1040,137.47368421052633,109.0,138.29121387056742,19124.459833795016,1063.0,137.47368421052633
1041,,,,,977.0,
1042,,,,,1392.0,
1043,117.55,63.5,137.1890939542936,18820.8475,822.0,117.55
1044,111.55,56.0,122.61952332316416,15035.5475,827.0,111.55
1045,151.4,95.5,153.83413145332864,23664.94,1080.0,151.4
1046,184.3684210526316,84.0,254.0752500480529,64554.23268698061,1234.0,184.3684210526316
1047,445.7,161.0,895.5838933343989,802070.51,1329.0,445.7
1048,149.5,63.5,154.1400337355614,23759.15,1071.0,149.5
1049,158.05,111.0,133.3797117255844,17790.1475,1171.0,158.05
1050,,,,,3872.0,
1051,279.05,184.0,290.93306360742156,84642.04750000002,1437.0,279.05
1052,194.3,187.0,186.67380641107633,34847.11,2008.0,194.3
1053,249.9,131.0,346.9543053487015,120377.29,1598.0,249.9
1054,132.75,75.0,121.24680408159219,14700.7875,1179.0,132.75
1055,251.6,122.5,522.8785136147784,273401.94,1319.0,251.6
1056,148.1,67.5,221.184289677183,48922.49,726.0,148.1
1057,178.8,92.0,208.1892408363122,43342.76,1300.0,178.8
1058,153.8,125.0,150.1880820837659,22556.46,1077.0,153.8
1059,,,,,1346.0,
1060,,,,,1193.0,
1061,,,,,1187.0,
1062,133.10526315789474,64.0,145.83368130811934,21267.462603878117,1200.0,133.10526315789474
1063,158.25,94.5,146.90060415124233,21579.7875,1618.0,158.25
1064,211.5,114.5,289.85780996895704,84017.55,1237.0,211.5
1065,220.8,132.5,241.6666298850547,58402.76000000001,1814.0,220.8
1066,763.8,236.5,1380.5287248007553,1905859.5599999994,2731.0,763.8
1067,215.05,106.0,224.5518815329767,50423.5475,2469.0,215.05
1068,104.95,84.5,91.21539069696517,8320.247500000001,1159.0,104.95
1069,146.1,121.5,120.15818740310624,14437.99,1908.0,146.1
1070,109.65,71.0,98.06950341467014,9617.627499999999,821.0,109.65
1071,210.05,115.0,278.60015703513164,77618.0475,2007.0,210.05
1072,150.55,83.5,209.1658373157529,43750.3475,1085.0,150.55
1073,142.2,111.0,169.51389323592326,28734.959999999992,1842.0,142.2
1074,406.0,191.5,463.6191324783739,214942.7,2571.0,406.0
1075,110.35,82.5,113.00233404669126,12769.5275,1250.0,110.35
1076,144.4,94.5,149.16916571463423,22251.440000000006,1963.0,144.4
1077,169.6,152.5,142.50382451008113,20307.34,1235.0,169.6
1078,274.0,59.5,628.76816077152,395349.4,706.0,274.0
1079,111.5,72.5,107.97939618279035,11659.55,1221.0,111.5
1080,123.65,69.0,130.63164815617998,17064.627500000002,1206.0,123.65
1081,2012.25,105.0,8271.085925529973,68410862.3875,978.0,2012.25
1082,,,,,877.0,
1083,753.95,128.5,2243.79563407633,5034618.847499999,1408.0,753.95
1084,88.15,59.0,73.90620745241904,5462.1275000000005,929.0,88.15
1085,124.25,95.5,117.79638152337277,13875.9875,889.0,124.25
1086,121.35,59.0,158.88935615704406,25245.827499999996,957.0,121.35
1087,230.85,197.0,203.6350350504549,41467.22749999999,1701.0,230.85
1088,79.15,74.5,62.39332897033144,3892.9275000000002,786.0,79.15
1089,,,,,969.0,
1090,131.95,77.5,173.60889234137747,30140.047499999993,577.0,131.95
1091,849.9,520.5,1167.4293940106186,1362891.39,2673.0,849.9
1092,642.65,106.0,1127.2195560315656,1270623.9274999998,6181.0,642.65
1093,128.3,63.0,137.3088125358311,18853.710000000003,1123.0,128.3
1094,120.65,97.0,104.8767252539857,10999.1275,1007.0,120.65
1095,,,,,1548.0,
1096,182.7,133.0,143.4705893205991,20583.809999999998,1280.0,182.7
1097,105.2,68.0,98.39237775356382,9681.060000000001,744.0,105.2
1098,,,,,884.0,
1099,62.7,36.0,67.61516102177086,4571.81,354.0,62.7
1100,186.05,96.5,343.5467180748493,118024.3475,829.0,186.05
1101,,,,,671.0,
1102,89.15,63.0,88.79767733448888,7885.027500000001,686.0,89.15
1103,,,,,1075.0,
1104,119.63157894736842,103.0,101.25434910805757,10252.4432132964,873.0,119.63157894736842
1105,97.3,70.0,103.68370170860993,10750.310000000001,1216.0,97.3
1106,134.9,102.0,143.43705936751493,20574.190000000002,1005.0,134.9
1107,79.15,76.0,72.34727016273662,5234.1275000000005,905.0,79.15
1108,,,,,928.0,
1109,137.9,67.5,149.56099090337693,22368.49,678.0,137.9
1110,127.5,72.0,141.42754328630616,20001.75,917.0,127.5
1111,106.3,70.0,110.66395076988712,12246.51,726.0,106.3
1112,87.35,55.5,97.15054039993807,9438.227499999997,960.0,87.35
1113,699.25,136.0,1232.6174538355363,1519345.7875,911.0,699.25
1114,146.95,68.0,287.7119175494821,82778.14749999998,975.0,146.95
1115,230.8,119.5,266.8856684050307,71227.95999999999,1301.0,230.8
1116,,,,,1241.0,
1117,105.9,53.0,111.8288424334259,12505.689999999999,1012.0,105.9
1118,,,,,1475.0,
1119,126.45,96.0,120.99275804774433,14639.247500000001,764.0,126.45
1120,94.9,48.5,98.23792546669539,9650.689999999999,1009.0,94.9
1121,106.3,90.0,116.86962821879771,13658.51,1049.0,106.3
1122,442.9,261.0,514.8533674746627,265073.99000000005,2929.0,442.9
1123,108.6,97.5,91.15722681170155,8309.64,750.0,108.6
1124,109.7,60.5,109.35542967772565,11958.61,905.0,109.7
1125,75.5,59.5,59.75156901705594,3570.25,669.0,75.5
