raceId,circuitType_RACE,circuitType_ROAD,circuitType_STREET,Bgap_mean,Bgap_median,Bgap_std,Bgap_var,First_ten_gap,Bgap_average
421,True,False,False,478.6,388.0,367.5785630310886,135113.99999999997,3793.0,478.6
422,True,False,False,338.28,263.0,307.97422229790595,94848.1216,3502.0,338.28
423,True,False,False,376.44,248.0,475.6386090300072,226232.08640000003,2488.0,376.44
424,False,False,True,228.2,170.5,186.8062097468925,34896.56,2233.0,228.2
425,True,False,False,475.52,187.0,598.4806175641781,358179.0496,1978.0,475.52
426,False,False,True,721.5833333333334,215.5,1829.779515785683,3348093.0763888885,3295.0,721.5833333333334
427,False,False,True,415.24,257.0,411.32870359361016,169191.30240000002,3239.0,415.24
428,True,False,False,297.61538461538464,185.5,396.2992339637268,157053.0828402367,1348.0,297.61538461538464
429,True,False,False,436.84615384615387,181.5,600.3991423857257,360479.13017751486,3343.0,436.84615384615387
430,True,False,False,574.8461538461538,326.5,1036.4617582580463,1074252.9763313606,2295.0,574.8461538461538
431,True,False,False,443.61538461538464,208.5,588.6121275393418,346464.2366863905,2951.0,443.61538461538464
432,True,False,False,504.04,302.0,670.1200179072403,449060.8384,2368.0,504.04
433,True,False,False,474.8888888888889,332.0,651.9827499043511,425081.5061728396,2033.0,474.8888888888889
434,True,False,False,377.3333333333333,137.0,565.3916374546972,319667.7037037037,2984.0,377.3333333333333
435,True,False,False,399.2916666666667,235.5,517.0801420127144,267371.8732638889,2352.0,399.2916666666667
436,False,False,True,338.65384615384613,197.5,418.003215142925,174726.68786982246,3317.0,338.65384615384613
437,True,False,False,622.1818181818181,403.0,652.546037133406,425816.33057851245,4348.0,622.1818181818181
438,True,False,False,704.8,345.0,1402.791787828828,1967824.8,3061.0,704.8
439,True,False,False,771.5384615384615,464.0,985.658554968326,971522.7869822488,3755.0,771.5384615384615
440,False,False,True,359.5,183.5,376.4843954269553,141740.5,3724.0,359.5
441,False,False,True,553.0769230769231,306.5,705.9125530434904,498312.5325443788,4277.0,553.0769230769231
442,True,False,False,317.11538461538464,203.0,294.3812712117343,86660.33284023668,2346.0,317.11538461538464
443,True,False,False,445.08,310.0,472.1629312006609,222937.83360000004,2431.0,445.08
444,True,False,False,966.8076923076924,363.0,2395.6771488410723,5739269.0014792895,3286.0,966.8076923076924
445,True,False,False,372.4230769230769,176.0,390.8782195830035,152785.78254437872,3539.0,372.4230769230769
446,True,False,False,664.4615384615385,415.5,1010.1359097730452,1020374.5562130178,4315.0,664.4615384615385
447,True,False,False,398.3076923076923,238.0,456.0051255810761,207940.67455621305,3342.0,398.3076923076923
448,True,False,False,346.7307692307692,188.0,427.1518877484924,182458.7352071006,2863.0,346.7307692307692
449,True,False,False,327.7307692307692,165.5,352.34364319426606,124146.04289940828,3350.0,327.7307692307692
450,True,False,False,357.1923076923077,172.0,430.0504459882289,184943.38609467456,1758.0,357.1923076923077
451,True,False,False,391.1538461538461,364.5,316.7902354152316,100356.05325443788,3576.0,391.1538461538461
452,False,False,True,263.61538461538464,159.5,251.2931290075209,63148.236686390526,2323.0,263.61538461538464
453,True,False,False,292.88461538461536,222.0,291.25673672275894,84830.48668639053,3184.0,292.88461538461536
454,True,False,False,293.61538461538464,167.0,490.57564906507673,240664.4674556213,4372.0,293.61538461538464
455,False,False,True,250.2692307692308,131.0,353.74170908384855,125133.19674556216,4360.0,250.2692307692308
456,True,False,False,252.46153846153845,147.5,290.626277435635,84463.6331360947,4484.0,252.46153846153845
457,False,False,True,230.15384615384616,173.5,220.75215693827187,48731.51479289941,3287.0,230.15384615384616
458,False,False,True,231.42307692307693,202.0,213.44989919757663,45560.85946745564,3204.0,231.42307692307693
459,True,False,False,190.34615384615384,134.5,228.0858378073572,52023.14940828404,2907.0,190.34615384615384
460,True,False,False,207.46153846153845,142.0,233.66531469163505,54599.47928994084,2729.0,207.46153846153845
461,True,False,False,324.88461538461536,247.0,306.1917859174436,93753.4097633136,4915.0,324.88461538461536
462,True,False,False,191.5,140.0,152.70112840246014,23317.634615384617,2256.0,191.5
463,True,False,False,319.65384615384613,213.0,351.68932337720287,123685.3801775148,4207.0,319.65384615384613
464,True,False,False,242.92307692307693,146.5,215.6515927774604,46505.609467455615,3461.0,242.92307692307693
465,True,False,False,183.03846153846155,134.0,204.27611042395736,41728.72928994083,2192.0,183.03846153846155
466,True,False,False,150.3846153846154,106.0,179.71025331886045,32295.775147929,2380.0,150.3846153846154
467,True,False,False,259.0769230769231,105.5,294.2611246282044,86589.60946745564,2646.0,259.0769230769231
468,False,False,True,176.92307692307693,95.5,293.56874742972155,86182.60946745565,2738.0,176.92307692307693
469,True,False,False,219.5,174.5,191.22062368655983,36565.32692307692,2324.0,219.5
470,True,False,False,197.19230769230768,140.5,272.4377161326927,74222.30917159763,3094.0,197.19230769230768
471,False,False,True,210.69230769230768,100.0,280.12631343608183,78470.75147928996,3207.0,210.69230769230768
472,True,False,False,152.1153846153846,104.5,181.94194486641928,33102.87130177515,2725.0,152.1153846153846
473,False,False,True,143.84615384615384,73.5,269.19290942594887,72464.8224852071,2384.0,143.84615384615384
474,False,False,True,156.30769230769232,140.0,143.42989958399383,20572.13609467455,2086.0,156.30769230769232
475,True,False,False,125.57692307692308,72.0,159.52192351786707,25447.244082840232,1833.0,125.57692307692308
476,True,False,False,155.73076923076923,136.0,128.2928014325367,16459.042899408287,1826.0,155.73076923076923
477,True,False,False,245.0,176.0,282.9267369152984,80047.53846153847,4588.0,245.0
478,True,False,False,154.1153846153846,131.5,141.36160041187253,19983.10207100592,2020.0,154.1153846153846
479,True,False,False,236.92307692307693,78.5,447.4471969772972,200208.99408284025,4997.0,236.92307692307693
480,True,False,False,214.34615384615384,105.0,277.26756617829983,76877.30325443788,3679.0,214.34615384615384
481,True,False,False,145.34615384615384,65.0,186.25085282359055,34689.380177514795,2406.0,145.34615384615384
482,True,False,False,169.84615384615384,101.5,186.3207929078837,34715.43786982249,2276.0,169.84615384615384
483,True,False,False,219.84615384615384,145.0,325.2759411174188,105804.43786982248,3478.0,219.84615384615384
484,False,False,True,143.30769230769232,82.0,171.39871851930272,29377.520710059165,2192.0,143.30769230769232
485,False,False,True,168.46153846153845,75.5,189.4904565831606,35906.63313609467,1463.0,168.46153846153845
486,True,False,False,146.53846153846155,112.5,138.04325709140005,19055.940828402367,2032.0,146.53846153846155
487,True,False,False,209.5,93.0,225.9777473728161,51065.94230769231,3462.0,209.5
488,False,False,True,161.30769230769232,69.5,193.8121154486338,37563.13609467456,2252.0,161.30769230769232
489,False,False,True,181.30769230769232,85.0,225.3072721061292,50763.36686390533,2261.0,181.30769230769232
490,True,False,False,165.07692307692307,154.0,149.43764407757376,22331.60946745561,1365.0,165.07692307692307
491,True,False,False,135.53846153846155,103.0,115.03084227526205,13232.094674556212,1416.0,135.53846153846155
492,True,False,False,170.12,119.0,159.71482586159618,25508.8256,1880.0,170.12
493,True,False,False,269.65384615384613,210.5,273.881212643462,75010.91863905326,4151.0,269.65384615384613
494,True,False,False,161.80769230769232,119.5,176.1293273161185,31021.5399408284,1756.0,161.80769230769232
495,True,False,False,218.84615384615384,141.5,210.34197289682865,44243.745562130185,3103.0,218.84615384615384
496,True,False,False,207.84615384615384,171.0,189.70801295020408,35989.130177514795,3023.0,207.84615384615384
497,True,False,False,166.32,120.0,174.4870700080668,30445.737600000008,2116.0,166.32
498,True,False,False,190.96,107.0,186.03020829962,34607.2384,2223.0,190.96
499,True,False,False,264.2,224.0,285.6350118595408,81587.36,3903.0,264.2
500,False,False,True,177.8846153846154,132.5,160.76555479787163,25845.563609467463,2156.0,177.8846153846154
501,False,False,True,215.69230769230768,137.0,259.09008965264,67127.67455621302,3457.0,215.69230769230768
502,True,False,False,188.0,98.0,212.62082537845484,45207.61538461538,2490.0,188.0
503,True,False,False,243.96,152.0,248.75746903359507,61880.27840000001,3614.0,243.96
504,False,False,True,172.5,129.5,187.7183344186792,35238.17307692308,2420.0,172.5
505,False,False,True,177.80769230769232,121.5,160.69321445411947,25822.309171597637,2027.0,177.80769230769232
506,True,False,False,172.3846153846154,93.5,201.51409130401487,40607.928994082846,1757.0,172.3846153846154
507,True,False,False,181.07692307692307,64.5,218.4217731956161,47708.07100591716,2461.0,181.07692307692307
508,True,False,False,202.03846153846155,141.0,196.09524388560837,38453.34467455621,3130.0,202.03846153846155
509,True,False,False,241.42307692307693,119.5,356.6808714843568,127221.24408284025,3911.0,241.42307692307693
510,True,False,False,238.0,80.5,305.87516307247864,93559.6153846154,3829.0,238.0
511,True,False,False,232.15384615384616,133.5,253.2505132970259,64135.822485207085,3488.0,232.15384615384616
512,True,False,False,203.92307692307693,185.5,159.84293326140343,25549.76331360947,2180.0,203.92307692307693
513,True,False,False,181.2692307692308,116.0,160.09265530942906,25629.658284023662,2577.0,181.2692307692308
514,True,False,False,184.69230769230768,143.0,187.4508693027772,35137.82840236687,1925.0,184.69230769230768
515,True,False,False,219.30769230769232,121.5,360.1570991868334,129713.13609467456,3914.0,219.30769230769232
516,False,False,True,163.1153846153846,82.5,174.38404278688526,30409.794378698225,2318.0,163.1153846153846
517,True,False,False,192.3846153846154,109.5,190.0326038671901,36112.39053254439,3058.0,192.3846153846154
518,True,False,False,183.69230769230768,83.5,294.17691814892214,86540.05917159763,3071.0,183.69230769230768
519,True,False,False,190.2692307692308,92.0,287.15896933343225,82460.27366863907,3335.0,190.2692307692308
520,True,False,False,215.23076923076923,135.0,245.68449243386365,60360.869822485205,3403.0,215.23076923076923
521,True,False,False,208.7692307692308,158.5,215.3853983502252,46390.869822485205,3201.0,208.7692307692308
522,False,False,True,209.6153846153846,137.5,213.72971373336085,45680.39053254438,3152.0,209.6153846153846
523,False,False,True,142.07692307692307,59.5,237.46852796770335,56391.30177514792,2585.0,142.07692307692307
524,True,False,False,186.03846153846155,118.0,199.53686391033511,39814.9600591716,3074.0,186.03846153846155
525,True,False,False,285.11538461538464,117.0,424.61288495641054,180296.1020710059,4992.0,285.11538461538464
526,True,False,False,261.65384615384613,171.5,295.1104020672332,87090.149408284,4397.0,261.65384615384613
527,True,False,False,212.0,143.5,225.67352184414204,50928.53846153846,3289.0,212.0
528,True,False,False,339.9230769230769,187.5,442.2987089388732,195628.1479289941,4482.0,339.9230769230769
529,True,False,False,163.15384615384616,103.0,201.05351226203285,40422.5147928994,2433.0,163.15384615384616
530,True,False,False,214.3846153846154,99.0,235.79783990057064,55600.62130177514,3843.0,214.3846153846154
531,True,False,False,382.4230769230769,118.5,666.2990881369049,443954.4748520709,5068.0,382.4230769230769
532,False,False,True,197.30769230769232,129.0,219.5615857585939,48207.28994082839,3131.0,197.30769230769232
533,True,False,False,347.7307692307692,151.5,593.0257198788851,351679.5044378698,3254.0,347.7307692307692
534,True,False,False,224.88,126.0,271.44506921290724,73682.4256,3430.0,224.88
535,True,False,False,198.36,99.0,278.84402521840053,77753.99039999998,2524.0,198.36
536,True,False,False,221.28,94.0,354.4801850597576,125656.2016,2823.0,221.28
537,True,False,False,263.6,125.0,327.6036629831846,107324.16,4661.0,263.6
538,False,False,True,241.0,179.0,250.8711222919051,62936.32,2689.0,241.0
539,False,False,True,214.8,122.0,273.23220893591593,74655.84000000001,3110.0,214.8
540,True,False,False,218.96,79.0,372.6129874279746,138840.43839999998,2808.0,218.96
541,True,False,False,289.32,102.0,391.0030915478802,152883.41760000002,4071.0,289.32
542,True,False,False,208.3846153846154,104.0,229.81364974576127,52814.31360946746,2556.0,208.3846153846154
543,True,False,False,308.61538461538464,197.0,343.9524874302662,118303.31360946744,3062.0,308.61538461538464
544,True,False,False,335.76,279.0,265.1463414795686,70302.5824,3568.0,335.76
545,True,False,False,197.8846153846154,129.5,173.99366189231787,30273.79437869823,2739.0,197.8846153846154
546,True,False,False,240.19230769230768,186.0,205.55703292999303,42253.69378698225,3083.0,240.19230769230768
547,True,False,False,277.4166666666667,177.5,355.2443896656059,126198.57638888888,2137.0,277.4166666666667
548,False,False,True,350.9166666666667,104.0,578.5571793022901,334728.40972222225,2708.0,350.9166666666667
549,True,False,False,200.92307692307693,92.0,254.6013358894379,64821.84023668639,2232.0,200.92307692307693
550,True,False,False,236.07692307692307,112.5,340.7338147944502,116099.53254437869,2336.0,236.07692307692307
551,True,False,False,223.8,182.0,199.462277135302,39785.2,1799.0,223.8
552,False,False,True,476.0,276.0,787.1811523827705,619654.1666666666,3054.0,476.0
553,True,False,False,336.5,188.0,415.9184692664213,172988.17307692306,2061.0,336.5
554,False,False,True,256.15384615384613,116.0,334.27035261753804,111736.66863905324,1799.0,256.15384615384613
555,True,False,False,213.34615384615384,109.5,383.1168673181444,146778.53402366865,1548.0,213.34615384615384
556,True,False,False,221.6153846153846,110.5,295.1912127266087,87137.85207100592,1881.0,221.6153846153846
557,True,False,False,216.23076923076923,188.0,191.90087739654064,36825.94674556213,2329.0,216.23076923076923
558,True,False,False,228.19230769230768,91.5,346.9429147492056,120369.38609467454,2694.0,228.19230769230768
559,True,False,False,489.3076923076923,292.5,539.3426033487269,290890.4437869822,2163.0,489.3076923076923
560,True,False,False,183.65384615384616,81.5,254.95881150125047,65003.99556213017,1774.0,183.65384615384616
561,True,False,False,193.8846153846154,136.0,168.85344736306254,28511.486686390534,1392.0,193.8846153846154
562,True,False,False,200.53846153846155,103.5,233.35137433776868,54452.863905325445,1395.0,200.53846153846155
563,True,False,False,299.8076923076923,118.5,608.5138276180475,370289.0784023669,1324.0,299.8076923076923
564,False,False,True,244.23076923076923,119.0,382.9615674322653,146659.5621301775,1783.0,244.23076923076923
565,True,False,False,321.0,280.0,380.7327671740377,144957.44,1833.0,321.0
566,True,False,False,562.28,431.0,549.239366396838,301663.8816,2873.0,562.28
567,True,False,False,359.61538461538464,279.0,326.47253117141025,106584.31360946744,2277.0,359.61538461538464
568,True,False,False,323.52,184.0,294.5184707280682,86741.12959999999,2475.0,323.52
569,False,False,True,399.5833333333333,277.0,430.239847514022,185106.3263888889,2981.0,399.5833333333333
570,False,False,True,305.0416666666667,159.0,312.2159347800101,97478.78993055556,1980.0,305.0416666666667
571,True,False,False,318.3333333333333,227.5,301.4558655738662,90875.63888888888,2330.0,318.3333333333333
572,True,False,False,1011.4166666666666,337.5,2402.35661931964,5771317.326388889,2329.0,1011.4166666666666
573,True,False,False,426.6666666666667,155.5,631.2492684264188,398475.6388888889,1971.0,426.6666666666667
574,True,False,False,399.5,283.0,424.99196070827816,180618.16666666663,3431.0,399.5
575,True,False,False,631.0416666666666,310.5,800.5689892802632,640910.7065972221,3756.0,631.0416666666666
576,True,False,False,364.0,265.5,394.9011383763145,155946.9090909091,2079.0,364.0
577,True,False,False,509.6666666666667,237.0,1033.6176624952875,1068365.4722222222,2294.0,509.6666666666667
578,True,False,False,379.7916666666667,263.5,395.3963179695645,156338.2482638889,2171.0,379.7916666666667
579,True,False,False,308.0,173.0,377.1158089146268,142216.33333333334,1639.0,308.0
580,True,False,False,39331.17391304348,440.0,182291.50498169544,33230192788.491497,2358.0,39331.17391304348
581,False,False,True,295.1363636363636,224.5,236.80741992646975,56077.7541322314,1843.0,295.1363636363636
582,False,False,True,206.68421052631575,138.0,220.6934174087089,48705.584487534616,2461.0,206.68421052631575
583,True,False,False,267.15,116.0,434.3579485861862,188666.8275,1840.0,242.8636363636364
584,True,False,False,241.13636363636363,197.0,245.02491440195615,60037.20867768596,1712.0,241.13636363636363
585,True,False,False,233.95,115.0,259.1234213651865,67144.9475,2172.0,233.95
586,True,False,False,245.0952380952381,209.0,187.099643623367,35006.27664399093,1895.0,245.0952380952381
587,False,False,True,223.95238095238096,92.0,357.76228822401544,127993.85487528348,1607.0,223.95238095238096
588,True,False,False,248.55,136.0,263.5005645155244,69432.54750000002,2420.0,248.55
589,False,False,True,229.54545454545453,149.5,225.95066381699093,51053.70247933885,1273.0,229.54545454545453
590,True,False,False,218.52380952380952,180.0,281.5539564372831,79272.63038548752,1607.0,218.52380952380952
591,True,False,False,228.95,207.5,179.41863754916878,32191.047499999997,2311.0,228.95
592,True,False,False,296.7894736842105,172.0,263.7464051034367,69562.16620498613,1964.0,296.7894736842105
593,True,False,False,266.95,130.0,336.8574587269814,113472.94749999998,2307.0,266.95
594,True,False,False,329.2631578947368,221.0,287.1075063832477,82430.72022160664,2578.0,329.2631578947368
595,True,False,False,281.45,231.5,238.95344211791547,57098.74749999998,1990.0,281.45
596,True,False,False,264.1,143.5,287.503895625781,82658.48999999999,1994.0,264.1
597,True,False,False,342.2631578947368,287.0,330.291233866379,109092.29916897506,2691.0,342.2631578947368
598,False,False,True,314.42857142857144,225.0,383.5612040847087,147119.19727891157,3501.0,314.42857142857144
599,True,False,False,155.71428571428572,96.0,155.11229199922133,24059.823129251698,1171.0,155.71428571428572
600,True,False,False,204.3636363636364,174.5,189.7990673064892,36023.68595041322,2326.0,204.3636363636364
601,True,False,False,258.2857142857143,150.0,289.5005786419323,83810.58503401361,1774.0,258.2857142857143
602,False,False,True,139.72727272727272,140.5,111.1187660356668,12347.380165289256,1079.0,139.72727272727272
603,True,False,False,206.13636363636363,159.0,205.0189116453197,42032.75413223141,1969.0,206.13636363636363
604,False,False,True,133.5909090909091,97.0,150.10228606184427,22530.69628099173,939.0,133.5909090909091
605,True,False,False,169.63636363636363,122.5,168.90571481115663,28529.14049586777,791.0,169.63636363636363
606,True,False,False,178.5,115.5,203.53930824290427,41428.25,773.0,178.5
607,True,False,False,210.27272727272728,144.5,200.3535923897325,40141.56198347109,1336.0,210.27272727272728
608,True,False,False,152.1818181818182,136.5,133.7003557361271,17875.78512396694,1466.0,152.1818181818182
609,True,False,False,229.77272727272728,179.0,205.44362903420443,42207.0847107438,1960.0,229.77272727272728
610,True,False,False,213.04545454545453,96.0,296.06471609380014,87654.31611570249,901.0,213.04545454545453
611,True,False,False,187.7142857142857,83.0,420.22274624606536,176587.15646258503,772.0,187.7142857142857
612,True,False,False,182.4090909090909,72.5,263.033986585714,69186.87809917355,1018.0,182.4090909090909
613,True,False,False,212.28571428571428,108.0,244.91867316026568,59985.15646258504,1002.0,212.28571428571428
614,True,False,False,146.77272727272728,83.5,147.03182457555417,21618.357438016534,939.0,146.77272727272728
615,False,False,True,240.5,156.5,230.3082420662282,53041.88636363636,2389.0,240.5
616,True,False,False,170.6818181818182,120.0,170.6954721569264,29136.94421487603,1669.0,170.6818181818182
617,True,False,False,242.0909090909091,217.0,218.66244410691544,47813.26446280992,1984.0,242.0909090909091
618,True,False,False,250.4090909090909,211.5,204.92030803370395,41992.332644628106,1964.0,250.4090909090909
619,True,False,False,212.3809523809524,139.0,218.1952983192277,47609.188208616775,2623.0,212.3809523809524
620,False,False,True,201.57142857142856,113.0,204.4603981747289,41804.05442176871,2440.0,201.57142857142856
621,False,False,True,164.13636363636363,94.0,169.31796217191365,28668.572314049583,1504.0,164.13636363636363
622,True,False,False,191.6818181818182,135.0,196.90107953987183,38770.03512396693,1531.0,191.6818181818182
623,True,False,False,266.85,133.0,260.8563349815373,68046.0275,2383.0,242.5909090909091
624,True,False,False,241.45454545454547,193.5,208.2050403880156,43349.3388429752,2483.0,241.45454545454547
625,True,False,False,258.42857142857144,117.0,302.9456294812136,91776.0544217687,1629.0,258.42857142857144
626,True,False,False,226.28571428571428,156.0,291.5652573948547,85010.29931972788,2198.0,226.28571428571428
627,True,False,False,379.8888888888889,230.5,427.4937152090191,182750.8765432099,2507.0,379.8888888888889
628,True,False,False,187.63636363636363,133.0,171.3039683917943,29345.049586776862,1505.0,187.63636363636363
629,True,False,False,193.6818181818182,114.0,202.39192095887,40962.48966942149,1246.0,193.6818181818182
630,True,False,False,288.8095238095238,176.0,296.14855008731826,87703.96371882086,2787.0,288.8095238095238
631,False,False,True,311.95238095238096,175.0,374.8982688918963,140548.7120181406,2327.0,311.95238095238096
632,True,False,False,197.23809523809524,130.0,204.32045436657185,41746.84807256236,1806.0,197.23809523809524
633,True,False,False,208.3181818181818,152.5,211.9329624633988,44915.5805785124,1780.0,208.3181818181818
634,False,False,True,198.5,108.5,190.57824687465825,36320.06818181818,1421.0,198.5
635,True,False,False,170.22727272727272,116.0,205.5584260713377,42254.26652892561,1215.0,170.22727272727272
636,False,False,True,185.8636363636364,140.0,202.63430909680744,41060.663223140495,1531.0,185.8636363636364
637,True,False,False,449.1363636363636,362.0,428.2221487472197,183374.20867768597,3787.0,449.1363636363636
638,True,False,False,188.95238095238096,112.0,188.87422778903024,35673.473922902485,2069.0,188.95238095238096
639,True,False,False,154.95454545454547,75.5,190.76031540622984,36389.4979338843,1896.0,154.95454545454547
640,True,False,False,148.13636363636363,124.0,145.82938207949024,21266.20867768595,1388.0,148.13636363636363
641,True,False,False,168.6818181818182,118.0,159.47681118515357,25432.853305785124,1233.0,168.6818181818182
642,True,False,False,193.1818181818182,88.5,220.26691171552343,48517.51239669421,1835.0,193.1818181818182
643,True,False,False,185.3181818181818,188.0,170.7215666100365,29145.853305785124,1584.0,185.3181818181818
644,True,False,False,172.1818181818182,136.0,174.68273484016578,30514.057851239668,1055.0,172.1818181818182
645,True,False,False,235.66666666666663,102.0,261.14224063002496,68195.26984126985,2399.0,235.66666666666663
646,True,False,False,229.3181818181818,150.0,224.87741839896933,50569.85330578512,2251.0,229.3181818181818
647,False,False,True,188.5909090909091,149.5,190.328104046887,36224.78719008264,1462.0,188.5909090909091
648,True,False,False,170.05,58.0,216.24418489291224,46761.5475,1404.0,170.05
649,True,False,False,165.77272727272728,87.5,220.54579648478327,48640.44834710744,1524.0,165.77272727272728
650,True,False,False,157.77272727272728,71.5,214.54178059257995,46028.17561983471,1322.0,157.77272727272728
651,True,False,False,149.22727272727272,69.0,184.32380890412836,33975.26652892562,1396.0,149.22727272727272
652,True,False,False,166.0,115.0,189.7938731511486,36021.71428571428,1301.0,166.0
653,False,False,True,205.66666666666663,119.0,302.5638591915579,91544.88888888888,1268.0,205.66666666666663
654,False,False,True,166.0,108.5,173.16282405979533,29985.36363636364,1493.0,166.0
655,True,False,False,121.36363636363636,100.5,102.75192785386535,10557.95867768595,1273.0,121.36363636363636
656,True,False,False,136.77272727272728,54.0,181.05647833509695,32781.44834710744,1495.0,136.77272727272728
657,True,False,False,336.22727272727275,167.5,448.6372225284217,201275.35743801657,2608.0,336.22727272727275
658,True,False,False,154.13636363636363,151.5,121.973281520826,14877.481404958677,1494.0,154.13636363636363
659,True,False,False,188.0909090909091,112.5,218.61795424291063,47793.80991735538,1798.0,188.0909090909091
660,True,False,False,163.1818181818182,69.0,243.2853985013629,59187.78512396693,1044.0,163.1818181818182
661,True,False,False,131.5909090909091,77.5,121.9033369261031,14860.42355371901,1218.0,131.5909090909091
662,True,False,False,210.77272727272728,102.5,298.28524051776986,88974.0847107438,1504.0,210.77272727272728
663,True,False,False,212.77272727272728,76.5,322.4058610760641,103945.53925619836,1591.0,212.77272727272728
664,False,False,True,288.0,157.5,466.2963357429187,217432.27272727276,1723.0,288.0
665,True,False,False,239.47619047619048,192.0,184.63880287833507,34091.487528344675,1461.0,228.5909090909091
666,True,False,False,136.54545454545453,90.0,138.98879198525566,19317.884297520664,1144.0,136.54545454545453
667,True,False,False,237.5909090909091,206.5,225.50945537340536,50854.5144628099,1617.0,237.5909090909091
668,True,False,False,196.4090909090909,90.0,201.65602105180565,40665.15082644629,1031.0,196.4090909090909
669,True,False,False,182.8636363636364,120.0,189.9206282669745,36069.84504132231,873.0,182.8636363636364
670,False,False,True,216.8636363636364,167.5,190.16698295171716,36163.48140495868,1790.0,216.8636363636364
671,False,False,True,223.0909090909091,119.0,275.4140534294615,75852.90082644628,1341.0,223.0909090909091
672,True,False,False,169.5,129.5,141.18966933622562,19934.522727272728,1478.0,169.5
673,True,False,False,167.1904761904762,148.0,135.04553695755442,18237.297052154197,1192.0,167.1904761904762
674,True,False,False,206.9047619047619,186.0,169.95094663766525,28883.324263038547,1836.0,206.9047619047619
675,True,False,False,209.04545454545453,134.5,220.0248905904485,48410.95247933885,2205.0,209.04545454545453
676,True,False,False,230.9090909090909,136.5,238.7291940655218,56991.62809917356,2153.0,230.9090909090909
677,True,False,False,551.4545454545455,397.0,544.1014049264854,296046.3388429752,6447.0,551.4545454545455
678,True,False,False,238.5,138.0,288.36604736467723,83154.97727272728,1477.0,238.5
679,True,False,False,160.86363636363637,84.0,222.16236802977016,49356.11776859504,1097.0,160.86363636363637
680,True,False,False,261.90909090909093,144.0,299.1492344346044,89490.26446280991,1902.0,261.90909090909093
681,False,False,True,1250.3636363636365,164.5,4504.023499711166,20286227.685950413,2389.0,1250.3636363636365
682,True,False,False,222.3636363636364,150.5,215.71984050331776,46535.04958677687,2428.0,222.3636363636364
683,True,False,False,164.27272727272728,78.0,280.7038526500162,78794.652892562,1329.0,164.27272727272728
684,True,False,False,179.0952380952381,140.0,158.38226955899324,25084.9433106576,2025.0,179.0952380952381
685,True,False,False,140.05263157894737,94.0,196.084695364612,38449.20775623268,1775.0,140.05263157894737
686,True,False,False,193.3636363636364,81.0,236.89440406579035,56118.95867768594,1579.0,193.3636363636364
687,False,False,True,223.77272727272728,113.5,299.52992441463124,89718.17561983471,1616.0,223.77272727272728
688,False,False,True,205.04545454545453,117.0,381.1479642621184,145273.77066115706,1852.0,205.04545454545453
689,True,False,False,197.5,154.0,193.45230795869415,37423.795454545456,1483.0,197.5
690,True,False,False,210.66666666666663,71.0,284.059070539132,80689.55555555556,2189.0,210.66666666666663
691,True,False,False,267.3888888888889,136.0,458.9909390159739,210672.68209876545,1472.0,267.3888888888889
692,True,False,False,171.76190476190476,80.0,218.67150940381623,47817.229024943306,1601.0,171.76190476190476
693,True,False,False,231.3,92.5,269.00745342833903,72365.01000000001,1890.0,231.3
694,True,False,False,222.2,155.0,198.92224611641603,39570.06,2246.0,222.2
695,True,False,False,242.35,119.0,331.8201734373605,110104.62750000002,2054.0,242.35
696,True,False,False,150.95,112.0,148.76070549711707,22129.7475,1163.0,150.95
697,True,False,False,260.5263157894737,173.0,376.7698401748393,141955.51246537396,2112.0,260.5263157894737
698,False,False,True,252.77777777777777,140.0,389.5285691356149,151732.5061728395,1755.0,227.5
699,True,False,False,203.47368421052636,125.0,343.5986594577509,118060.03878116346,1050.0,203.47368421052636
700,True,False,False,138.95,69.0,203.64024037503,41469.34749999999,577.0,138.95
701,True,False,False,1934.0,130.0,7512.457108030634,56437011.8,1133.0,1934.0
702,True,False,False,235.52631578947367,133.0,274.45225227926886,75324.03878116343,1665.0,223.75
703,True,False,False,609.0555555555555,140.0,1365.5763729088585,1864798.8302469128,1129.0,577.0
704,False,False,True,252.8421052631579,120.0,379.6755211822874,144153.50138504157,1485.0,252.8421052631579
705,False,False,True,166.47368421052633,113.0,171.37904079340825,29370.77562326869,1410.0,158.15
706,True,False,False,261.1578947368421,167.0,364.1759642864818,132624.13296398893,1426.0,248.1
707,True,False,False,230.0,117.0,265.6531573311336,70571.6,1326.0,230.0
708,True,False,False,239.47368421052636,187.0,237.3064570774194,56314.3545706371,1425.0,227.5
709,True,False,False,200.35,143.5,175.2413407275806,30709.5275,1499.0,200.35
710,True,False,False,360.95,144.0,578.2754080021041,334402.44749999995,1681.0,360.95
711,True,False,False,972.1,226.0,2920.5203457603234,8529439.09,1754.0,972.1
712,True,False,False,198.7,129.5,276.0721101451575,76215.81,896.0,198.7
713,True,False,False,306.27777777777777,138.0,507.1738476384553,257225.31172839503,1845.0,275.65
714,False,False,True,369.0,229.0,471.2999544439014,222123.64705882352,1889.0,313.65
715,True,False,False,379.3333333333333,183.5,480.0002314814257,230400.22222222225,1843.0,341.4
716,True,False,False,297.2631578947368,115.0,343.5824948217275,118048.9307479224,1580.0,282.4
717,True,False,False,1474.7777777777778,168.5,4418.99623539046,19527527.72839506,1334.0,1327.3
718,True,False,False,322.4,129.0,451.03152883141104,203429.44,1614.0,322.4
719,False,False,True,306.5,117.5,568.7921852487075,323524.55,1054.0,306.5
720,True,False,False,355.7058823529412,108.0,654.0870390638239,427829.8546712803,1346.0,302.35
721,False,False,True,266.05555555555554,157.5,302.91334885339774,91756.49691358024,2257.0,239.45
722,True,False,False,254.94444444444449,223.5,207.33881885085856,42989.385802469136,1468.0,241.52631578947367
723,True,False,False,227.45,88.5,267.84836661812966,71742.7475,780.0,227.45
724,True,False,False,309.6842105263158,219.0,296.6962034120315,88028.63711911355,1771.0,294.2
725,True,False,False,254.7,153.0,372.5126977701565,138765.71,1062.0,254.7
726,True,False,False,291.2105263157895,167.0,455.8374108740468,207787.74515235453,1424.0,276.65
727,True,False,False,383.15,322.5,355.63679154440695,126477.52749999995,3403.0,383.15
728,True,False,False,242.55,86.5,379.17482445436696,143773.54750000002,960.0,242.55
729,True,False,False,346.0,69.5,721.1849816640511,520107.77777777775,1017.0,311.4
730,True,False,False,807.0555555555555,352.5,1183.824098805891,1401439.4969135802,2878.0,726.35
731,True,False,False,152.8421052631579,86.0,184.1470416922002,33910.132963988915,837.0,145.2
732,False,False,True,1681.4375,1458.5,1457.8192175622291,2125236.87109375,14098.0,1345.15
733,True,False,False,766.45,252.0,1181.3933923549769,1395690.3475,2245.0,766.45
734,True,False,False,492.578947368421,303.0,473.22124744190313,223938.3490304709,2446.0,492.578947368421
735,True,False,False,745.6842105263158,406.0,1037.051795520743,1075476.4265927975,2363.0,708.4
736,True,False,False,708.625,629.5,725.2252990450622,525951.734375,2803.0,629.8888888888889
737,False,False,True,819.9375,467.0,917.5985280032604,841987.05859375,4660.0,728.8333333333334
738,True,False,False,307.9,172.5,466.9968843579152,218086.09,1504.0,307.9
739,False,False,True,229.31578947368425,193.0,183.23182113652723,33573.90027700831,1145.0,217.85
740,True,False,False,520.8333333333334,157.0,714.8847032136642,511060.1388888888,3125.0,520.8333333333334
741,True,False,False,196.15,113.5,272.4733519080352,74241.72750000001,1154.0,196.15
742,True,False,False,297.94736842105266,104.0,350.63453363478806,122944.5761772853,1370.0,283.05
743,True,False,False,237.72222222222223,100.5,321.90264324543074,103621.31172839509,1315.0,213.95
744,True,False,False,294.8421052631579,177.0,283.9555679026849,80630.76454293629,1905.0,280.1
745,True,False,False,336.8125,300.5,337.3086899914528,113777.15234375,2166.0,269.45
746,True,False,False,304.3,176.0,375.8080760175332,141231.71000000002,1388.0,304.3
747,True,False,False,264.2,105.0,378.1574539791593,143003.05999999997,1680.0,264.2
748,True,False,False,154.16666666666666,105.0,159.5651208058258,25461.02777777778,1195.0,138.75
749,True,False,False,953.1176470588236,218.0,1790.9771201728677,3207599.0449826987,2172.0,810.15
750,True,False,False,269.0,152.5,418.3007291411288,174975.5,1659.0,269.0
751,True,False,False,431.1904761904762,203.0,652.5318907767847,425797.8684807257,1107.0,411.59090909090907
752,True,False,False,326.95454545454544,84.0,465.4677488361697,216660.2252066116,1059.0,326.95454545454544
753,False,False,True,497.04545454545456,260.5,824.2969719305563,679465.4979338844,1485.0,497.04545454545456
754,True,False,False,304.6818181818182,119.5,442.7395485511089,196018.3078512397,1181.0,304.6818181818182
755,True,False,False,758.4545454545455,150.0,2325.408287264698,5407523.702479339,1073.0,758.4545454545455
756,True,False,False,291.7142857142857,81.0,432.8223151162438,187335.15646258503,831.0,278.45454545454544
757,False,False,True,198.5,88.0,242.27185143965855,58695.65,866.0,180.45454545454547
758,True,False,False,288.7142857142857,114.0,617.228223813614,380970.6802721088,790.0,275.59090909090907
759,False,False,True,201.1818181818182,50.5,413.41049777360695,170908.23966942148,1088.0,201.1818181818182
760,True,False,False,245.45454545454547,126.5,408.4332289118245,166817.70247933883,1499.0,245.45454545454547
761,True,False,False,169.72727272727272,97.5,227.74211528476712,51866.47107438016,863.0,169.72727272727272
762,True,False,False,317.42857142857144,92.0,573.383406293071,328768.5306122449,1243.0,303.0
763,True,False,False,205.0909090909091,132.0,231.132569022217,53422.26446280992,752.0,205.0909090909091
764,True,False,False,227.27272727272728,134.5,258.67427426261247,66912.38016528926,1758.0,227.27272727272728
765,True,False,False,217.0909090909091,89.5,355.1617952799066,126139.90082644628,653.0,217.0909090909091
766,True,False,False,552.8095238095239,204.0,1106.2802374257712,1223855.9637188208,1709.0,527.6818181818181
767,True,False,False,226.42857142857144,150.0,224.12699874095009,50232.91156462584,1644.0,216.13636363636363
768,True,False,False,144.95238095238096,63.0,196.0763884647478,38445.95011337868,1335.0,138.36363636363637
769,False,False,True,300.27272727272725,100.5,542.7281407028236,294553.83471074386,1413.0,300.27272727272725
770,True,False,False,198.0909090909091,130.5,225.09894977561007,50669.53719008264,1538.0,198.0909090909091
771,True,False,False,189.72727272727272,122.0,206.11695308030204,42484.19834710744,1530.0,189.72727272727272
772,True,False,False,161.57142857142858,116.0,149.1383414751525,22242.244897959183,1080.0,154.22727272727272
773,False,False,True,148.71428571428572,97.0,230.9127113697053,53320.68027210884,989.0,141.95454545454547
774,False,False,True,168.63636363636363,110.5,165.06239741783202,27245.595041322315,1114.0,168.63636363636363
775,True,False,False,121.4090909090909,54.0,140.1708889148298,19647.878099173555,902.0,121.4090909090909
776,True,False,False,141.8181818181818,65.0,294.24582122059974,86580.60330578513,584.0,141.8181818181818
777,True,False,False,156.22727272727272,97.0,173.6181630156408,30143.26652892561,1026.0,156.22727272727272
778,True,False,False,228.54545454545453,114.5,379.5659874685497,144070.3388429752,947.0,228.54545454545453
779,True,False,False,203.3181818181818,134.0,253.9698239704932,64500.67148760332,1138.0,203.3181818181818
780,True,False,False,210.8181818181818,87.5,345.88511444798286,119636.51239669422,1039.0,210.8181818181818
781,True,False,False,169.45454545454547,76.0,178.11276491255023,31724.157024793385,1778.0,169.45454545454547
782,True,False,False,204.8636363636364,155.0,281.0290013268681,78977.29958677685,1410.0,204.8636363636364
783,True,False,False,223.4090909090909,131.5,276.94857728973784,76700.51446280991,1156.0,223.4090909090909
784,True,False,False,179.77272727272728,79.5,213.62178383518287,45634.26652892562,1390.0,179.77272727272728
785,True,False,False,161.63636363636363,85.0,169.00982904567883,28564.322314049587,957.0,161.63636363636363
786,False,False,True,176.0,132.5,181.3011056477343,32870.09090909091,953.0,176.0
787,True,False,False,149.6818181818182,125.5,147.11386633972165,21642.489669421488,952.0,149.6818181818182
788,True,False,False,206.22727272727272,96.5,335.9443855242848,112858.63016528926,1174.0,206.22727272727272
789,True,False,False,132.36363636363637,85.5,163.18409722389268,26629.049586776862,400.0,132.36363636363637
790,True,False,False,116.55,80.0,119.57695221069986,14298.647499999995,620.0,116.55
791,False,False,True,135.65,94.5,139.30372392725187,19405.527500000004,729.0,135.65
792,False,False,True,350.3157894736842,114.0,962.3889711836664,926192.5318559556,982.0,350.3157894736842
793,True,False,False,101.45,69.5,136.5724990618536,18652.0475,663.0,101.45
794,True,False,False,117.4,86.0,128.4917896209715,16510.14,578.0,117.4
795,True,False,False,118.0,85.0,102.53584739007134,10513.6,878.0,118.0
796,True,False,False,152.25,134.0,116.2952600065884,13524.5875,1063.0,152.25
797,False,False,True,105.05,69.5,130.28064898518122,16973.047499999997,494.0,105.05
798,True,False,False,120.5,50.5,172.26070358616326,29673.75,777.0,120.5
799,True,False,False,110.15,55.0,118.07763336042946,13942.327500000005,692.0,110.15
800,False,False,True,206.6315789473684,86.0,320.4186752107666,102668.12742382272,812.0,196.3
801,True,False,False,131.15,82.5,153.6145419548553,23597.4275,815.0,131.15
802,True,False,False,139.6,107.5,168.04951651224707,28240.64,768.0,139.6
803,True,False,False,87.0,51.0,101.82043016998112,10367.4,339.0,87.0
804,False,False,True,121.16666666666669,78.5,161.78663933300138,26174.91666666667,822.0,109.05
805,True,False,False,116.15,80.0,115.08226405489248,13243.927500000002,922.0,116.15
806,True,False,False,127.1,52.0,206.7302348472521,42737.39,835.0,127.1
807,True,False,False,84.25,112.0,59.29997892073825,3516.4875,692.0,84.25
808,True,False,False,112.5,69.5,122.7540223373556,15068.55,555.0,112.5
809,False,False,True,113.7,78.0,113.38434636227348,12856.010000000002,1065.0,113.7
810,True,False,False,95.1,44.0,102.0930457964694,10422.989999999998,457.0,95.1
811,True,False,False,105.85,64.0,113.23704120118998,12822.6275,672.0,105.85
812,True,False,False,115.1,53.0,239.83221218176675,57519.48999999999,514.0,115.1
813,True,False,False,105.3157894736842,61.0,128.94350155319106,16626.426592797783,644.0,105.3157894736842
814,False,False,True,166.85,69.5,321.8627463686968,103595.62750000002,706.0,166.85
815,True,False,False,122.7,53.0,184.36650997401887,33991.009999999995,544.0,122.7
816,True,False,False,99.8,56.5,152.65896632690792,23304.76,590.0,99.8
817,False,False,True,129.75,55.0,179.19873743974873,32112.1875,645.0,129.75
818,True,False,False,97.0,79.0,98.42933167167872,9688.333333333334,919.0,97.0
819,True,False,False,1056.35,194.5,3274.304403610025,10721069.3275,1846.0,1056.35
820,True,False,False,124.45,95.5,105.30359680466762,11088.847500000003,966.0,124.45
821,True,False,False,459.2083333333333,195.5,745.2027676616315,555327.1649305555,1285.0,459.2083333333333
822,False,False,True,291.0434782608696,105.0,484.0820518179222,234335.43289224952,1166.0,291.0434782608696
823,True,False,False,595.3913043478261,255.0,956.8366694991882,915536.4120982988,2088.0,595.3913043478261
824,True,False,False,261.7391304347826,141.0,446.434007722774,199303.32325141784,1107.0,261.7391304347826
825,True,False,False,309.8695652173913,108.0,400.1937904856711,160155.06994328924,1730.0,309.8695652173913
826,False,False,True,249.2608695652174,158.0,294.00727843568245,86440.27977315692,1235.0,249.2608695652174
827,True,False,False,240.20833333333331,109.5,280.47340622102166,78665.33159722223,1139.0,240.20833333333331
828,False,False,True,527.1666666666666,159.5,1585.295047897674,2513160.3888888885,896.0,527.1666666666666
829,False,False,True,219.33333333333331,106.0,331.6780148812332,110010.30555555556,936.0,219.33333333333331
830,True,False,False,306.375,145.0,455.3258734595111,207321.65104166663,1511.0,306.375
831,True,False,False,263.17391304347825,108.0,365.711890899869,133745.18714555766,1227.0,252.20833333333331
832,True,False,False,320.0,136.0,444.1068752751602,197230.91666666663,2502.0,320.0
833,True,False,False,1433.7391304347825,388.0,3182.2361049424417,10126626.627599243,1663.0,1374.0
834,True,False,False,210.75,123.5,315.44403227831083,99504.9375,1180.0,210.75
835,False,False,True,381.9130434782609,194.0,463.18677921391856,214541.99243856332,2209.0,366.0
836,True,False,False,286.0869565217391,118.0,401.2528112369057,161003.81852551986,1061.0,286.0869565217391
837,True,False,False,320.75,122.5,381.79774859647006,145769.52083333334,1413.0,320.75
838,True,False,False,388.5833333333333,254.0,402.911582180949,162337.7430555556,3186.0,388.5833333333333
839,True,False,False,245.91666666666663,133.0,340.55076917970524,115974.82638888888,1264.0,245.91666666666663
840,False,False,True,331.5,168.0,443.0492225886009,196292.61363636365,2283.0,331.5
841,True,False,False,321.0,196.0,402.0380371722722,161634.58333333334,1821.0,321.0
842,True,False,False,280.7916666666667,155.5,334.16649781791244,111667.24826388888,1857.0,280.7916666666667
843,True,False,False,296.1363636363636,157.0,326.0535783432122,106310.93595041322,1610.0,283.2608695652174
844,True,False,False,329.3478260869565,289.0,292.8085305088504,85736.83553875236,1907.0,329.3478260869565
845,False,False,True,246.66666666666663,145.0,292.97754396854594,85835.84126984127,2259.0,246.66666666666663
846,False,False,True,266.6666666666667,157.5,366.0711072395028,134008.05555555556,1071.0,266.6666666666667
847,False,False,True,307.8333333333333,169.5,350.1908606587112,122633.63888888888,2059.0,307.8333333333333
848,True,False,False,319.1666666666667,247.0,285.2327509635284,81357.72222222223,1977.0,319.1666666666667
849,True,False,False,289.875,185.5,371.890475868456,138302.52604166666,2101.0,289.875
850,True,False,False,278.9583333333333,167.5,366.1996813177508,134102.20659722225,2342.0,278.9583333333333
851,True,False,False,1077.3478260869565,646.0,1921.310255114545,3691433.096408318,4005.0,1032.4583333333333
852,True,False,False,248.16666666666663,144.0,281.2990204193553,79129.13888888888,1882.0,248.16666666666663
853,False,False,True,351.2083333333333,211.0,376.0795548779836,141435.83159722225,3105.0,351.2083333333333
854,True,False,False,335.45454545454544,143.5,410.51948544969736,168526.24793388427,1914.0,307.5
855,True,False,False,345.1304347826087,267.0,358.44741344325354,128484.54820415875,2434.0,330.75
856,True,False,False,411.1666666666667,169.0,670.7758981623859,449940.3055555556,2011.0,411.1666666666667
857,True,False,False,292.39130434782606,190.0,299.2519280574893,89551.71644612479,2120.0,292.39130434782606
858,True,False,False,214.25,182.5,261.0259006944202,68134.52083333333,1653.0,214.25
859,False,False,True,306.72727272727275,167.0,415.8813403558741,172957.28925619836,1392.0,306.72727272727275
860,True,False,False,309.8333333333333,127.0,443.1524066904698,196384.0555555556,1258.0,309.8333333333333
861,True,False,False,244.95833333333331,75.5,266.87972933618533,71224.78993055555,861.0,244.95833333333331
862,True,False,False,245.5,106.0,389.92819851865033,152044.0,1088.0,245.5
863,True,False,False,392.2916666666667,135.0,751.9746493492244,565465.873263889,1197.0,392.2916666666667
864,False,False,True,217.7826086956522,135.0,249.97894807393527,62489.47448015122,933.0,208.70833333333331
865,False,False,True,189.41666666666663,76.5,270.0879357830622,72947.49305555555,896.0,189.41666666666663
866,False,False,True,199.5217391304348,65.0,355.8872402718026,126655.72778827976,617.0,199.5217391304348
867,True,False,False,341.9130434782609,92.0,546.970304658026,299176.5141776937,987.0,341.9130434782609
868,True,False,False,189.04166666666663,55.0,277.4913631038311,77001.45659722222,700.0,189.04166666666663
869,True,False,False,217.70833333333331,81.0,276.6603632565067,76540.95659722222,744.0,217.70833333333331
870,True,False,False,309.0,199.0,400.23368174105485,160187.0,1156.0,309.0
871,True,False,False,157.34782608695653,81.0,205.81874860634733,42361.3572778828,732.0,150.79166666666666
872,False,False,True,291.375,213.5,286.89949060312625,82311.31770833333,1581.0,291.375
873,True,False,False,245.625,125.0,342.29784940652684,117167.81770833331,1433.0,245.625
874,True,False,False,245.17391304347825,82.0,371.1242206398791,137733.18714555766,1194.0,234.95833333333331
875,True,False,False,224.125,109.0,306.9904059982983,94243.109375,818.0,224.125
876,True,False,False,239.66666666666663,133.5,298.2217668484684,88936.22222222223,1093.0,239.66666666666663
877,True,False,False,295.125,213.0,266.6436936719112,71098.859375,1466.0,295.125
878,True,False,False,301.7083333333333,103.0,527.7313457280029,278500.37326388893,1031.0,301.7083333333333
879,False,False,True,1105.6666666666667,390.0,2114.419211787152,4470768.603174602,2950.0,1105.6666666666667
880,True,False,False,170.0909090909091,129.0,182.19542681889413,33195.173553719,1152.0,170.0909090909091
881,True,False,False,235.27272727272728,102.0,254.6996773061064,64871.92561983472,1664.0,235.27272727272728
882,True,False,False,188.45454545454547,135.0,199.51685444245447,39806.97520661157,1168.0,188.45454545454547
883,True,False,False,197.8181818181818,98.5,280.2564793450386,78543.69421487606,1301.0,197.8181818181818
884,False,False,True,671.35,274.0,1139.8151725170185,1299178.6275,1827.0,610.3181818181819
885,False,False,True,217.8181818181818,111.0,264.1865106259104,69794.51239669422,1841.0,217.8181818181818
886,True,False,False,284.1363636363636,160.0,365.5018089066723,133591.57231404958,1372.0,284.1363636363636
887,True,False,False,213.63636363636363,105.0,287.3747229750012,82584.23140495867,871.0,213.63636363636363
888,True,False,False,209.5,115.5,239.0556705798121,57147.61363636364,1157.0,209.5
889,True,False,False,867.6363636363636,105.0,2214.992541449674,4906191.958677686,771.0,867.6363636363636
890,True,False,False,169.3181818181818,72.0,244.986898789532,60018.5805785124,820.0,169.3181818181818
891,False,False,True,276.77272727272725,125.5,334.8497535283795,112124.35743801652,1566.0,276.77272727272725
892,True,False,False,187.27272727272728,85.5,226.7289494725489,51406.016528925626,1125.0,187.27272727272728
893,True,False,False,183.77272727272728,137.0,220.98394261249388,48833.90289256199,912.0,183.77272727272728
894,True,False,False,182.6818181818182,117.0,200.29713980702775,40118.94421487603,1339.0,182.6818181818182
895,True,False,False,192.77272727272728,84.0,275.1726617991927,75719.9938016529,1032.0,192.77272727272728
896,True,False,False,230.13636363636363,102.0,295.6935292209495,87434.6632231405,1693.0,230.13636363636363
897,True,False,False,164.0,94.5,169.72062605673744,28805.090909090908,1347.0,164.0
898,False,False,True,296.0952380952381,174.0,401.8680077980953,161497.89569161,1789.0,282.6363636363636
899,True,False,False,344.0,338.0,325.7185463380485,106092.57142857143,3019.0,344.0
900,True,False,False,214.9090909090909,155.5,212.22520394638016,45039.53719008265,1538.0,214.9090909090909
901,True,False,False,333.57142857142856,234.0,324.74349898967097,105458.34013605444,2724.0,318.40909090909093
902,True,False,False,244.9047619047619,155.0,271.00288256451563,73442.56235827666,2103.0,233.77272727272728
903,False,False,True,273.4761904761905,151.0,363.7285250146008,132298.43990929707,1766.0,273.4761904761905
904,False,False,True,235.52380952380952,79.0,306.9288143074126,94205.2970521542,1340.0,224.8181818181818
905,True,False,False,177.9090909090909,118.0,205.17994521238023,42098.80991735537,898.0,177.9090909090909
906,True,False,False,670.6818181818181,348.0,663.7577862144675,440574.3987603307,3296.0,670.6818181818181
907,True,False,False,188.04761904761904,155.0,156.51273375564173,24496.2358276644,1495.0,179.5
908,True,False,False,296.4,137.0,342.57545154316006,117357.94,1932.0,269.45454545454544
909,True,False,False,402.1363636363636,219.0,468.1017076209891,219119.20867768597,3681.0,402.1363636363636
910,True,False,False,202.4090909090909,146.5,195.4816101769048,38213.05991735537,1754.0,202.4090909090909
911,False,False,True,314.57142857142856,166.0,435.2482128656258,189441.00680272112,1245.0,314.57142857142856
912,True,False,False,226.13636363636363,139.0,210.89685015418956,44477.48140495868,2042.0,226.13636363636363
913,False,True,False,252.9047619047619,156.0,275.8303316933911,76082.37188208615,1591.0,252.9047619047619
914,True,False,False,200.66666666666663,93.5,187.3045648135677,35083.0,2311.0,200.66666666666663
915,True,False,False,122.77777777777776,76.0,155.86196013551205,24292.950617283943,1076.0,122.77777777777776
916,True,False,False,230.75,79.0,376.3070388658708,141606.9875,1624.0,230.75
917,False,False,True,339.6666666666667,74.0,543.8974985131747,295824.48888888885,2473.0,339.6666666666667
918,True,False,False,389.89473684210526,105.0,1077.0802098234617,1160101.778393352,1235.0,389.89473684210526
919,True,False,False,353.0,153.0,609.3846076165692,371349.6,2345.0,353.0
920,True,False,False,376.3684210526316,170.0,642.0482200719093,412225.91689750686,1891.0,376.3684210526316
921,True,False,False,367.85,243.0,585.8851657961652,343261.42750000005,2011.0,367.85
922,False,False,True,290.3,195.5,445.16593535444736,198172.71,1710.0,290.3
923,False,False,True,250.73684210526315,142.0,302.2739855278152,91369.5623268698,1613.0,238.2
924,True,False,False,345.65,177.5,481.2961951854596,231646.0275,1465.0,345.65
925,True,False,False,375.2105263157895,132.0,610.1108250445693,372235.218836565,1501.0,375.2105263157895
926,True,False,False,296.45,143.0,515.0779043018638,265305.2475,1785.0,296.45
927,True,False,False,310.63157894736844,151.0,401.1710765832709,160938.23268698063,1868.0,310.63157894736844
928,True,False,False,238.3684210526316,181.0,341.84702804283296,116859.39058171742,1127.0,226.45
929,False,False,True,381.9,119.0,783.2166303137337,613428.2899999999,1920.0,381.9
930,True,False,False,726.5,121.0,1862.2890618805664,3468120.55,1617.0,726.5
931,False,True,False,352.1578947368421,170.0,654.2607128144025,428057.08033241,1813.0,334.55
932,True,False,False,540.45,322.5,623.390204847654,388615.3475,3074.0,540.45
933,True,False,False,258.2105263157895,119.0,509.8550443066991,259952.1662049861,1308.0,245.3
934,True,False,False,263.2105263157895,93.0,591.6884474422034,350095.21883656504,1430.0,250.05
935,True,False,False,359.85,193.0,552.2019807099572,304927.0275,2245.0,359.85
936,False,False,True,276.42857142857144,164.0,315.3310537663358,99433.67346938777,2028.0,276.42857142857144
937,True,False,False,244.75,137.0,270.1404958535465,72975.8875,2279.0,244.75
938,True,False,False,243.1,126.0,250.8311982190413,62916.28999999999,1931.0,221.0
939,False,True,False,190.0909090909091,102.0,192.85767458057796,37194.0826446281,2173.0,190.0909090909091
940,True,False,False,179.04545454545453,177.0,118.48033103842684,14037.588842975209,1981.0,179.04545454545453
941,False,False,True,421.1904761904762,157.0,1044.2219987945282,1090399.5827664398,1485.0,402.04545454545456
942,False,False,True,201.9047619047619,120.0,233.6170869406979,54576.9433106576,1448.0,192.72727272727272
943,False,False,True,176.0909090909091,87.5,228.36671248651984,52151.35537190081,2167.0,176.0909090909091
944,True,False,False,100.8181818181818,39.5,113.67682915881892,12922.421487603307,1337.0,100.8181818181818
945,True,False,False,204.8095238095238,127.0,189.27596860206376,35825.39229024943,2527.0,195.5
946,True,False,False,1373.8181818181818,338.0,3492.562261257533,12197991.148760332,2217.0,1373.8181818181818
947,True,False,False,130.6818181818182,106.0,124.70597651481022,15551.580578512396,1252.0,130.6818181818182
948,True,False,False,156.61904761904762,101.0,206.04610584145072,42454.99773242631,1307.0,149.5
949,True,False,False,157.1904761904762,125.0,137.94740855972856,19029.48752834467,1721.0,150.04545454545453
950,False,False,True,311.04761904761904,212.0,285.8653489537098,81718.9977324263,1998.0,311.04761904761904
951,True,False,False,195.6818181818182,125.0,198.1318170868797,39256.21694214876,1591.0,195.6818181818182
952,True,False,False,132.45454545454547,93.0,153.0406147140886,23421.42975206612,1508.0,132.45454545454547
953,True,False,False,173.04545454545453,189.0,129.35064299405397,16731.588842975205,2215.0,173.04545454545453
954,True,False,False,152.95238095238096,137.0,136.0792752809837,18517.569160997733,1465.0,146.0
955,True,False,False,140.23809523809524,81.0,166.05446747317717,27574.08616780045,1684.0,140.23809523809524
956,True,False,False,176.45454545454547,114.0,172.13095629694988,29629.06611570247,2289.0,176.45454545454547
957,False,False,True,302.8,276.5,271.76894598169235,73858.36000000002,2324.0,302.8
958,True,False,False,190.9,140.0,214.0527738666332,45818.59,2308.0,190.9
959,True,False,False,217.42105263157896,225.0,168.1522855501348,28275.19113573407,2130.0,217.42105263157896
960,False,True,False,232.94736842105263,124.0,280.0508363032102,78428.47091412744,2178.0,232.94736842105263
961,True,False,False,179.85,92.5,213.37906996704243,45530.6275,2073.0,179.85
962,False,False,True,154.9,107.0,159.58724886406182,25468.090000000004,1275.0,154.9
963,False,False,True,167.55,152.5,119.66974346090994,14320.847499999998,1812.0,167.55
964,False,False,True,233.52631578947367,192.0,185.03836541620305,34239.196675900275,2142.0,221.85
965,True,False,False,138.0,124.0,104.94760597555334,11014.0,1299.0,138.0
966,True,False,False,861.3684210526316,209.0,2427.305701704893,5891812.969529085,2949.0,861.3684210526316
967,True,False,False,184.8,104.0,202.3537990747888,40947.060000000005,2035.0,184.8
968,True,False,False,256.3,207.0,243.71173545810225,59395.41000000001,2453.0,256.3
969,True,False,False,434.75,159.0,523.7463961689856,274310.2875,2920.0,434.75
970,False,False,True,303.95,243.5,246.06004856538573,60545.54749999999,2335.0,303.95
971,True,False,False,216.33333333333331,112.0,231.1930410332937,53450.22222222222,1958.0,204.94736842105263
972,True,False,False,228.3,177.0,174.71951808541596,30526.91,2430.0,228.3
973,True,False,False,214.3,136.0,273.6461401152956,74882.20999999999,1899.0,214.3
974,True,False,False,157.10526315789474,110.0,139.5843056842416,19483.7783933518,1265.0,149.25
975,True,False,False,134.3684210526316,65.0,143.68247540884096,20644.65373961219,1446.0,127.65
976,True,False,False,212.0,177.0,200.25034332055463,40100.2,2319.0,212.0
977,False,False,True,206.55,152.0,222.1214701464044,49337.9475,2368.0,206.55
978,True,False,False,177.25,89.5,201.6035403955,40643.9875,1844.0,177.25
979,True,False,False,190.95,168.0,148.54779533873938,22066.4475,1724.0,190.95
980,False,False,True,834.5263157894736,134.0,2599.661928798497,6758242.144044322,1853.0,792.8
981,True,False,False,213.26315789473685,140.0,224.75058505989375,50512.825484764544,1617.0,213.26315789473685
982,False,False,True,135.94736842105263,70.0,156.03524355066995,24346.9972299169,1411.0,135.94736842105263
983,False,False,True,201.52631578947367,93.0,264.1732622075405,69787.51246537396,1631.0,201.52631578947367
984,True,False,False,185.0,120.5,175.6214679360129,30842.9,2026.0,185.0
985,True,False,False,117.45,73.0,127.85635494569678,16347.2475,1546.0,117.45
986,True,False,False,186.66666666666663,129.0,170.17148213885116,28958.333333333336,1951.0,176.8421052631579
987,True,False,False,159.45,146.5,118.67622971766504,14084.0475,1562.0,159.45
988,True,False,False,131.75,106.5,107.50575565987153,11557.4875,1648.0,131.75
989,True,False,False,190.3,154.5,180.22516472457448,32481.110000000004,1819.0,190.3
990,True,False,False,148.3,69.5,183.25094815580084,33580.91000000001,2231.0,148.3
991,False,False,True,265.95,128.5,347.0643276108912,120453.6475,2435.0,265.95
992,False,True,False,252.5,204.5,204.68207053867712,41894.75,2130.0,252.5
993,True,False,False,172.65,105.5,178.98164011987376,32034.42750000001,2046.0,172.65
994,True,False,False,174.9,77.0,222.98338503126192,49721.59,2288.0,174.9
995,True,False,False,156.35,107.0,157.12997008845892,24689.8275,1483.0,156.35
996,True,False,False,116.0,65.5,131.5826736314474,17314.0,1193.0,116.0
997,True,False,False,194.4,165.5,164.35400816530154,27012.24,1748.0,194.4
998,False,False,True,279.05,114.5,436.9590913346466,190933.2475,1945.0,279.05
999,True,False,False,196.65,61.0,340.0413614547501,115628.1275,1177.0,196.65
1000,True,False,False,207.44444444444449,92.0,274.8527327340189,75544.02469135803,1609.0,196.52631578947367
1001,False,False,True,248.0,138.0,360.8140795479024,130186.8,1441.0,248.0
1002,True,False,False,242.4,171.5,269.92395225322264,72858.94,1893.0,242.4
1003,False,False,True,179.25,111.0,177.53390521249736,31518.2875,1263.0,179.25
1004,False,False,True,207.65,94.0,318.7143352596491,101578.82749999998,1495.0,207.65
1005,True,False,False,244.3,209.0,245.45042269264889,60245.91,2089.0,244.3
1006,True,False,False,160.15,111.0,159.4525869968876,25425.1275,1176.0,160.15
1007,True,False,False,158.2,85.0,231.74503230921687,53705.76,1252.0,158.2
1008,True,False,False,161.68421052631578,113.0,277.0080851245623,76733.47922437673,1009.0,153.6
1009,True,False,False,187.6,135.0,187.4071503438436,35121.439999999995,1469.0,187.6
1010,True,False,False,264.6842105263158,164.0,275.70580289629834,76013.68975069252,2219.0,251.45
1011,True,False,False,160.47368421052633,98.0,187.22161605435824,35051.93351800554,1201.0,152.45
1012,False,False,True,248.45,257.5,191.71475556148516,36754.5475,2047.0,248.45
1013,False,True,False,398.3684210526316,216.0,612.8674803548107,375606.5484764543,2033.0,378.45
1014,True,False,False,183.33333333333331,135.0,179.01986233686785,32048.11111111111,2080.0,165.0
1015,True,False,False,271.05,155.0,320.51512834810154,102729.9475,1828.0,271.05
1016,True,False,False,193.0,124.5,221.6458887505022,49126.9,1527.0,193.0
1017,True,False,False,163.73684210526315,65.0,213.67039104911177,45655.03601108034,1355.0,155.55
1018,True,False,False,222.85,147.0,208.5455046266881,43491.22749999999,1931.0,222.85
1019,True,False,False,140.9,81.0,166.43614391111086,27700.99,1084.0,140.9
1020,True,False,False,210.8421052631579,113.0,267.2596338981204,71427.71191135734,1720.0,200.3
1021,True,False,False,158.35,88.0,193.75403866758492,37540.6275,2061.0,158.35
1022,True,False,False,179.05263157894737,130.0,173.909375578568,30244.47091412742,2036.0,179.05263157894737
1023,True,False,False,166.95,108.0,193.5596742609369,37465.3475,1624.0,166.95
1024,True,False,False,155.65,95.5,156.89941841829753,24617.4275,1500.0,155.65
1025,True,False,False,161.1578947368421,132.0,120.97771136948924,14635.606648199444,1478.0,161.1578947368421
1026,True,False,False,141.5,59.5,196.39539200296937,38571.15,1177.0,141.5
1027,True,False,False,110.2,57.5,124.12235898499512,15406.36,1378.0,110.2
1028,False,True,False,198.15,134.0,226.8087906144733,51442.22750000001,1704.0,198.15
1029,True,False,False,137.6,75.5,153.76163370620122,23642.64,1092.0,137.6
1030,True,False,False,115.55,96.0,100.9665662484369,10194.247499999998,980.0,115.55
1031,True,False,False,129.95,97.0,129.74223483507595,16833.047499999997,1302.0,129.95
1032,True,False,False,1692.3,1014.0,2561.1403729588897,6559440.01,5666.0,1692.3
1033,True,False,False,145.9,94.5,146.62158776933225,21497.89,1354.0,145.9
1034,True,False,False,102.45,62.0,115.23388173623242,13278.8475,564.0,102.45
1035,True,False,False,159.85,122.5,132.58102239762673,17577.727499999997,800.0,159.85
1036,True,False,False,213.8,125.5,206.46806048394023,42629.06,1604.0,213.8
1037,True,False,False,125.57894736842104,61.0,135.9149563008442,18472.87534626039,727.0,119.3
1038,True,False,False,147.2,106.0,128.16497181367458,16426.260000000002,1084.0,147.2
1039,True,False,False,153.3,92.5,181.8766340132784,33079.11,1225.0,153.3
1040,False,False,True,132.33333333333334,104.5,140.302847044844,19684.88888888889,910.0,132.33333333333334
1041,False,False,True,167.77777777777777,84.5,240.42151769930973,57802.5061728395,977.0,151.0
1042,True,False,False,2241.7894736842104,128.0,8673.289976030446,75225959.00831023,1392.0,2129.7
1043,True,False,False,117.55,63.5,137.1890939542936,18820.8475,822.0,117.55
1044,True,False,False,111.55,56.0,122.61952332316416,15035.5475,827.0,111.55
1045,True,False,False,151.4,95.5,153.83413145332864,23664.94,1080.0,151.4
1046,True,False,False,184.3684210526316,84.0,254.0752500480529,64554.23268698061,1234.0,184.3684210526316
1047,True,False,False,445.7,161.0,895.5838933343989,802070.51,1329.0,445.7
1048,True,False,False,149.5,63.5,154.1400337355614,23759.15,1071.0,149.5
1049,True,False,False,166.3684210526316,115.0,136.86497784555706,18732.022160664823,1171.0,166.3684210526316
1050,False,True,False,619.5263157894736,473.0,654.9782936074698,428996.5650969529,3872.0,588.55
1051,True,False,False,279.05,184.0,290.9330636074216,84642.04750000002,1437.0,279.05
1052,True,False,False,194.3,187.0,186.67380641107636,34847.11,2008.0,194.3
1053,True,False,False,249.9,131.0,346.9543053487015,120377.29,1598.0,249.9
1054,True,False,False,132.75,75.0,121.2468040815922,14700.7875,1179.0,132.75
1055,True,False,False,251.6,122.5,522.8785136147784,273401.94,1319.0,251.6
1056,False,False,True,148.1,67.5,221.184289677183,48922.49,726.0,148.1
1057,True,False,False,147.21052631578948,86.0,160.20630743459589,25666.06094182825,1300.0,147.21052631578948
1058,True,False,False,153.8,125.0,150.1880820837659,22556.46,1077.0,153.8
1059,False,False,True,200.94444444444449,79.0,302.42124268095216,91458.60802469138,1346.0,200.94444444444449
1060,False,False,True,184.42105263157896,119.0,202.9537971246486,41190.24376731302,1193.0,175.2
1061,True,False,False,186.57894736842104,135.0,273.25972141217665,74670.87534626039,1187.0,177.25
1062,False,False,True,133.10526315789474,64.0,145.83368130811934,21267.46260387812,1200.0,133.10526315789474
1063,True,False,False,158.25,94.5,146.90060415124233,21579.7875,1618.0,158.25
1064,False,False,True,211.5,114.5,289.85780996895704,84017.55,1237.0,211.5
1065,False,False,True,220.8,132.5,241.6666298850547,58402.76000000001,1814.0,220.8
1066,False,False,True,763.8,236.5,1380.5287248007553,1905859.5599999996,2731.0,763.8
1067,True,False,False,215.05,106.0,224.5518815329767,50423.5475,2469.0,215.05
1068,True,False,False,104.95,84.5,91.21539069696516,8320.247500000001,1159.0,104.95
1069,True,False,False,146.1,121.5,120.15818740310624,14437.99,1908.0,146.1
1070,True,False,False,109.65,71.0,98.06950341467014,9617.6275,821.0,109.65
1071,True,False,False,210.05,115.0,278.60015703513164,77618.0475,2007.0,210.05
1072,True,False,False,150.55,83.5,209.1658373157529,43750.3475,1085.0,150.55
1073,True,False,False,142.2,111.0,169.51389323592326,28734.959999999992,1842.0,142.2
1074,False,False,True,406.0,191.5,463.6191324783739,214942.7,2571.0,406.0
1075,True,False,False,110.35,82.5,113.00233404669126,12769.5275,1250.0,110.35
1076,True,False,False,144.4,94.5,149.16916571463423,22251.44000000001,1963.0,144.4
1077,True,False,False,169.6,152.5,142.50382451008113,20307.34,1235.0,169.6
1078,True,False,False,274.0,59.5,628.76816077152,395349.4,706.0,274.0
1079,True,False,False,111.5,72.5,107.97939618279035,11659.55,1221.0,111.5
1080,True,False,False,123.65,69.0,130.63164815617998,17064.627500000002,1206.0,123.65
1081,False,False,True,2012.25,105.0,8271.085925529973,68410862.3875,978.0,2012.25
1082,False,False,True,104.3157894736842,61.0,90.80809877606788,8246.1108033241,877.0,99.1
1083,False,False,True,753.95,128.5,2243.79563407633,5034618.847499999,1408.0,753.95
1084,False,False,True,88.15,59.0,73.90620745241904,5462.1275000000005,929.0,88.15
1085,False,False,True,124.25,95.5,117.79638152337276,13875.9875,889.0,124.25
1086,True,False,False,121.35,59.0,158.88935615704406,25245.8275,957.0,121.35
1087,False,False,True,230.85,197.0,203.6350350504549,41467.22749999999,1701.0,230.85
1088,True,False,False,79.15,74.5,62.39332897033144,3892.9275,786.0,79.15
1089,True,False,False,282.9,86.5,464.971171149352,216198.19,969.0,269.42857142857144
1090,True,False,False,131.95,77.5,173.60889234137747,30140.047499999997,577.0,131.95
1091,True,False,False,849.9,520.5,1167.4293940106186,1362891.39,2673.0,849.9
1092,True,False,False,642.65,106.0,1127.2195560315656,1270623.9274999998,6181.0,642.65
1093,True,False,False,135.05263157894737,54.0,148.28900434241328,21989.62880886426,1123.0,135.05263157894737
1094,False,False,True,119.6842105263158,93.0,107.51452907034862,11559.373961218838,1007.0,119.6842105263158
1095,True,False,False,132.68421052631578,79.0,143.92287870192985,20713.795013850413,1548.0,126.05
1096,True,False,False,192.31578947368425,135.0,142.12227968292467,20198.742382271463,1280.0,192.31578947368425
1097,True,False,False,105.2,68.0,98.39237775356382,9681.06,744.0,105.2
1098,True,False,False,230.94736842105263,67.0,507.8471043930873,257908.68144044324,884.0,219.4
1099,True,False,False,66.0,45.0,68.15616742375364,4645.263157894737,454.0,66.0
1100,False,False,True,186.05,96.5,343.5467180748493,118024.3475,829.0,186.05
1101,True,False,False,90.21052631578948,32.0,104.2636228369771,10870.903047091411,671.0,85.7
1102,True,False,False,89.15,63.0,88.79767733448888,7885.027500000001,686.0,89.15
1103,False,False,True,108.10526315789474,66.0,107.60155288296488,11578.094182825487,1075.0,102.7
1104,False,False,True,119.63157894736842,103.0,101.25434910805755,10252.4432132964,873.0,119.63157894736842
1105,True,False,False,97.3,70.0,103.68370170860992,10750.31,1216.0,97.3
1106,True,False,False,134.9,102.0,143.43705936751493,20574.19,1005.0,134.9
1107,False,False,True,79.15,76.0,72.34727016273662,5234.1275000000005,905.0,79.15
1108,True,False,False,114.26315789473684,86.0,104.82659470978132,10988.614958448754,928.0,108.55
1109,False,False,True,137.9,67.5,149.56099090337693,22368.49,678.0,137.9
1110,False,False,True,127.5,72.0,141.42754328630616,20001.75,917.0,127.5
1111,True,False,False,106.3,70.0,110.66395076988712,12246.51,726.0,106.3
1112,True,False,False,87.35,55.5,97.15054039993808,9438.227499999995,960.0,87.35
1113,True,False,False,659.421052631579,101.0,1252.0321298966846,1567584.4542936287,911.0,659.421052631579
1114,True,False,False,146.95,68.0,287.7119175494821,82778.14749999998,975.0,146.95
1115,True,False,False,230.8,119.5,266.8856684050307,71227.95999999999,1301.0,230.8
1116,True,False,False,199.33333333333331,121.0,263.90170729101226,69644.11111111111,1241.0,188.8421052631579
1117,True,False,False,105.9,53.0,111.8288424334259,12505.69,1012.0,105.9
1118,False,False,True,165.21052631578948,119.0,152.35781255679478,23212.90304709141,1475.0,156.95
1119,False,False,True,126.45,96.0,120.99275804774432,14639.2475,764.0,126.45
1120,True,False,False,94.9,48.5,98.2379254666954,9650.69,1009.0,94.9
1121,True,False,False,106.3,90.0,116.86962821879771,13658.51,1049.0,106.3
1122,True,False,False,492.1111111111111,351.0,539.1221144796303,290652.65432098764,4366.0,492.1111111111111
1123,False,False,True,108.6,97.5,91.15722681170156,8309.64,750.0,108.6
1124,True,False,False,109.7,60.5,109.35542967772564,11958.61,905.0,109.7
1125,True,False,False,75.5,59.5,59.75156901705594,3570.25,669.0,75.5
